[2026-07-14 07:22:19] local.ERROR: SQLSTATE[42S02]: Base table or view not found: 1146 Table 'datacenter.kelas' doesn't exist (Connection: datacenter, SQL: select count(*) as aggregate from `kelas`) {"userId":1,"exception":"[object] (Illuminate\\Database\\QueryException(code: 42S02): SQLSTATE[42S02]: Base table or view not found: 1146 Table 'datacenter.kelas' doesn't exist (Connection: datacenter, SQL: select count(*) as aggregate from `kelas`) at C:/laragon/www/kurikulum/vendor/laravel/framework/src/Illuminate/Database/Connection.php:829)
[stacktrace]
#0 C:/laragon/www/kurikulum/vendor/laravel/framework/src/Illuminate/Database/Connection.php(783): Illuminate/Database/Connection->runQueryCallback('select count(*)...', Array, Object(Closure))
#1 C:/laragon/www/kurikulum/vendor/laravel/framework/src/Illuminate/Database/Connection.php(414): Illuminate/Database/Connection->run('select count(*)...', Array, Object(Closure))
#2 C:/laragon/www/kurikulum/vendor/laravel/framework/src/Illuminate/Database/Query/Builder.php(2913): Illuminate/Database/Connection->select('select count(*)...', Array, true)
#3 C:/laragon/www/kurikulum/vendor/laravel/framework/src/Illuminate/Database/Query/Builder.php(2902): Illuminate/Database/Query/Builder->runSelect()
#4 C:/laragon/www/kurikulum/vendor/laravel/framework/src/Illuminate/Database/Query/Builder.php(3456): Illuminate/Database/Query/Builder->Illuminate/Database/Query/{closure}()
#5 C:/laragon/www/kurikulum/vendor/laravel/framework/src/Illuminate/Database/Query/Builder.php(2901): Illuminate/Database/Query/Builder->onceWithColumns(Array, Object(Closure))
#6 C:/laragon/www/kurikulum/vendor/laravel/framework/src/Illuminate/Database/Query/Builder.php(3066): Illuminate/Database/Query/Builder->get()
#7 C:/laragon/www/kurikulum/vendor/laravel/framework/src/Illuminate/Database/Query/Builder.php(3025): Illuminate/Database/Query/Builder->runPaginationCountQuery(Array)
#8 C:/laragon/www/kurikulum/vendor/laravel/framework/src/Illuminate/Database/Eloquent/Builder.php(923): Illuminate/Database/Query/Builder->getCountForPagination()
#9 C:/laragon/www/kurikulum/app/Http/Controllers/Crud/BaseCrudController.php(96): Illuminate/Database/Eloquent/Builder->paginate(10)
#10 C:/laragon/www/kurikulum/vendor/laravel/framework/src/Illuminate/Routing/Controller.php(54): App/Http/Controllers/Crud/BaseCrudController->index(Object(Illuminate/Http/Request))
#11 C:/laragon/www/kurikulum/vendor/laravel/framework/src/Illuminate/Routing/ControllerDispatcher.php(43): Illuminate/Routing/Controller->callAction('index', Array)
#12 C:/laragon/www/kurikulum/vendor/laravel/framework/src/Illuminate/Routing/Route.php(259): Illuminate/Routing/ControllerDispatcher->dispatch(Object(Illuminate/Routing/Route), Object(App/Http/Controllers/Setting/KelasController), 'index')
#13 C:/laragon/www/kurikulum/vendor/laravel/framework/src/Illuminate/Routing/Route.php(205): Illuminate/Routing/Route->runController()
#14 C:/laragon/www/kurikulum/vendor/laravel/framework/src/Illuminate/Routing/Router.php(806): Illuminate/Routing/Route->run()
#15 C:/laragon/www/kurikulum/vendor/laravel/framework/src/Illuminate/Pipeline/Pipeline.php(144): Illuminate/Routing/Router->Illuminate/Routing/{closure}(Object(Illuminate/Http/Request))
#16 C:/laragon/www/kurikulum/app/Http/Middleware/EnsureUserHasRole.php(23): Illuminate/Pipeline/Pipeline->Illuminate/Pipeline/{closure}(Object(Illuminate/Http/Request))
#17 C:/laragon/www/kurikulum/vendor/laravel/framework/src/Illuminate/Pipeline/Pipeline.php(183): App/Http/Middleware/EnsureUserHasRole->handle(Object(Illuminate/Http/Request), Object(Closure), 'admin')
#18 C:/laragon/www/kurikulum/vendor/laravel/framework/src/Illuminate/Routing/Middleware/SubstituteBindings.php(50): Illuminate/Pipeline/Pipeline->Illuminate/Pipeline/{closure}(Object(Illuminate/Http/Request))
#19 C:/laragon/www/kurikulum/vendor/laravel/framework/src/Illuminate/Pipeline/Pipeline.php(183): Illuminate/Routing/Middleware/SubstituteBindings->handle(Object(Illuminate/Http/Request), Object(Closure))
#20 C:/laragon/www/kurikulum/vendor/laravel/framework/src/Illuminate/Auth/Middleware/Authenticate.php(57): Illuminate/Pipeline/Pipeline->Illuminate/Pipeline/{closure}(Object(Illuminate/Http/Request))
#21 C:/laragon/www/kurikulum/vendor/laravel/framework/src/Illuminate/Pipeline/Pipeline.php(183): Illuminate/Auth/Middleware/Authenticate->handle(Object(Illuminate/Http/Request), Object(Closure))
#22 C:/laragon/www/kurikulum/vendor/laravel/framework/src/Illuminate/Foundation/Http/Middleware/VerifyCsrfToken.php(78): Illuminate/Pipeline/Pipeline->Illuminate/Pipeline/{closure}(Object(Illuminate/Http/Request))
#23 C:/laragon/www/kurikulum/vendor/laravel/framework/src/Illuminate/Pipeline/Pipeline.php(183): Illuminate/Foundation/Http/Middleware/VerifyCsrfToken->handle(Object(Illuminate/Http/Request), Object(Closure))
#24 C:/laragon/www/kurikulum/vendor/laravel/framework/src/Illuminate/View/Middleware/ShareErrorsFromSession.php(49): Illuminate/Pipeline/Pipeline->Illuminate/Pipeline/{closure}(Object(Illuminate/Http/Request))
#25 C:/laragon/www/kurikulum/vendor/laravel/framework/src/Illuminate/Pipeline/Pipeline.php(183): Illuminate/View/Middleware/ShareErrorsFromSession->handle(Object(Illuminate/Http/Request), Object(Closure))
#26 C:/laragon/www/kurikulum/vendor/laravel/framework/src/Illuminate/Session/Middleware/StartSession.php(121): Illuminate/Pipeline/Pipeline->Illuminate/Pipeline/{closure}(Object(Illuminate/Http/Request))
#27 C:/laragon/www/kurikulum/vendor/laravel/framework/src/Illuminate/Session/Middleware/StartSession.php(64): Illuminate/Session/Middleware/StartSession->handleStatefulRequest(Object(Illuminate/Http/Request), Object(Illuminate/Session/Store), Object(Closure))
#28 C:/laragon/www/kurikulum/vendor/laravel/framework/src/Illuminate/Pipeline/Pipeline.php(183): Illuminate/Session/Middleware/StartSession->handle(Object(Illuminate/Http/Request), Object(Closure))
#29 C:/laragon/www/kurikulum/vendor/laravel/framework/src/Illuminate/Cookie/Middleware/AddQueuedCookiesToResponse.php(37): Illuminate/Pipeline/Pipeline->Illuminate/Pipeline/{closure}(Object(Illuminate/Http/Request))
#30 C:/laragon/www/kurikulum/vendor/laravel/framework/src/Illuminate/Pipeline/Pipeline.php(183): Illuminate/Cookie/Middleware/AddQueuedCookiesToResponse->handle(Object(Illuminate/Http/Request), Object(Closure))
#31 C:/laragon/www/kurikulum/vendor/laravel/framework/src/Illuminate/Cookie/Middleware/EncryptCookies.php(67): Illuminate/Pipeline/Pipeline->Illuminate/Pipeline/{closure}(Object(Illuminate/Http/Request))
#32 C:/laragon/www/kurikulum/vendor/laravel/framework/src/Illuminate/Pipeline/Pipeline.php(183): Illuminate/Cookie/Middleware/EncryptCookies->handle(Object(Illuminate/Http/Request), Object(Closure))
#33 C:/laragon/www/kurikulum/vendor/laravel/framework/src/Illuminate/Pipeline/Pipeline.php(119): Illuminate/Pipeline/Pipeline->Illuminate/Pipeline/{closure}(Object(Illuminate/Http/Request))
#34 C:/laragon/www/kurikulum/vendor/laravel/framework/src/Illuminate/Routing/Router.php(805): Illuminate/Pipeline/Pipeline->then(Object(Closure))
#35 C:/laragon/www/kurikulum/vendor/laravel/framework/src/Illuminate/Routing/Router.php(784): Illuminate/Routing/Router->runRouteWithinStack(Object(Illuminate/Routing/Route), Object(Illuminate/Http/Request))
#36 C:/laragon/www/kurikulum/vendor/laravel/framework/src/Illuminate/Routing/Router.php(748): Illuminate/Routing/Router->runRoute(Object(Illuminate/Http/Request), Object(Illuminate/Routing/Route))
#37 C:/laragon/www/kurikulum/vendor/laravel/framework/src/Illuminate/Routing/Router.php(737): Illuminate/Routing/Router->dispatchToRoute(Object(Illuminate/Http/Request))
#38 C:/laragon/www/kurikulum/vendor/laravel/framework/src/Illuminate/Foundation/Http/Kernel.php(200): Illuminate/Routing/Router->dispatch(Object(Illuminate/Http/Request))
#39 C:/laragon/www/kurikulum/vendor/laravel/framework/src/Illuminate/Pipeline/Pipeline.php(144): Illuminate/Foundation/Http/Kernel->Illuminate/Foundation/Http/{closure}(Object(Illuminate/Http/Request))
#40 C:/laragon/www/kurikulum/vendor/laravel/framework/src/Illuminate/Foundation/Http/Middleware/TransformsRequest.php(21): Illuminate/Pipeline/Pipeline->Illuminate/Pipeline/{closure}(Object(Illuminate/Http/Request))
#41 C:/laragon/www/kurikulum/vendor/laravel/framework/src/Illuminate/Foundation/Http/Middleware/ConvertEmptyStringsToNull.php(31): Illuminate/Foundation/Http/Middleware/TransformsRequest->handle(Object(Illuminate/Http/Request), Object(Closure))
#42 C:/laragon/www/kurikulum/vendor/laravel/framework/src/Illuminate/Pipeline/Pipeline.php(183): Illuminate/Foundation/Http/Middleware/ConvertEmptyStringsToNull->handle(Object(Illuminate/Http/Request), Object(Closure))
#43 C:/laragon/www/kurikulum/vendor/laravel/framework/src/Illuminate/Foundation/Http/Middleware/TransformsRequest.php(21): Illuminate/Pipeline/Pipeline->Illuminate/Pipeline/{closure}(Object(Illuminate/Http/Request))
#44 C:/laragon/www/kurikulum/vendor/laravel/framework/src/Illuminate/Foundation/Http/Middleware/TrimStrings.php(40): Illuminate/Foundation/Http/Middleware/TransformsRequest->handle(Object(Illuminate/Http/Request), Object(Closure))
#45 C:/laragon/www/kurikulum/vendor/laravel/framework/src/Illuminate/Pipeline/Pipeline.php(183): Illuminate/Foundation/Http/Middleware/TrimStrings->handle(Object(Illuminate/Http/Request), Object(Closure))
#46 C:/laragon/www/kurikulum/vendor/laravel/framework/src/Illuminate/Foundation/Http/Middleware/ValidatePostSize.php(27): Illuminate/Pipeline/Pipeline->Illuminate/Pipeline/{closure}(Object(Illuminate/Http/Request))
#47 C:/laragon/www/kurikulum/vendor/laravel/framework/src/Illuminate/Pipeline/Pipeline.php(183): Illuminate/Foundation/Http/Middleware/ValidatePostSize->handle(Object(Illuminate/Http/Request), Object(Closure))
#48 C:/laragon/www/kurikulum/vendor/laravel/framework/src/Illuminate/Foundation/Http/Middleware/PreventRequestsDuringMaintenance.php(99): Illuminate/Pipeline/Pipeline->Illuminate/Pipeline/{closure}(Object(Illuminate/Http/Request))
#49 C:/laragon/www/kurikulum/vendor/laravel/framework/src/Illuminate/Pipeline/Pipeline.php(183): Illuminate/Foundation/Http/Middleware/PreventRequestsDuringMaintenance->handle(Object(Illuminate/Http/Request), Object(Closure))
#50 C:/laragon/www/kurikulum/vendor/laravel/framework/src/Illuminate/Http/Middleware/HandleCors.php(49): Illuminate/Pipeline/Pipeline->Illuminate/Pipeline/{closure}(Object(Illuminate/Http/Request))
#51 C:/laragon/www/kurikulum/vendor/laravel/framework/src/Illuminate/Pipeline/Pipeline.php(183): Illuminate/Http/Middleware/HandleCors->handle(Object(Illuminate/Http/Request), Object(Closure))
#52 C:/laragon/www/kurikulum/vendor/laravel/framework/src/Illuminate/Http/Middleware/TrustProxies.php(39): Illuminate/Pipeline/Pipeline->Illuminate/Pipeline/{closure}(Object(Illuminate/Http/Request))
#53 C:/laragon/www/kurikulum/vendor/laravel/framework/src/Illuminate/Pipeline/Pipeline.php(183): Illuminate/Http/Middleware/TrustProxies->handle(Object(Illuminate/Http/Request), Object(Closure))
#54 C:/laragon/www/kurikulum/vendor/laravel/framework/src/Illuminate/Pipeline/Pipeline.php(119): Illuminate/Pipeline/Pipeline->Illuminate/Pipeline/{closure}(Object(Illuminate/Http/Request))
#55 C:/laragon/www/kurikulum/vendor/laravel/framework/src/Illuminate/Foundation/Http/Kernel.php(175): Illuminate/Pipeline/Pipeline->then(Object(Closure))
#56 C:/laragon/www/kurikulum/vendor/laravel/framework/src/Illuminate/Foundation/Http/Kernel.php(144): Illuminate/Foundation/Http/Kernel->sendRequestThroughRouter(Object(Illuminate/Http/Request))
#57 C:/laragon/www/kurikulum/public/index.php(18): Illuminate/Foundation/Http/Kernel->handle(Object(Illuminate/Http/Request))
#58 C:/laragon/www/kurikulum/vendor/laravel/framework/src/Illuminate/Foundation/resources/server.php(16): require_once('C://laragon//www//...')
#59 {main}

[previous exception] [object] (PDOException(code: 42S02): SQLSTATE[42S02]: Base table or view not found: 1146 Table 'datacenter.kelas' doesn't exist at C:/laragon/www/kurikulum/vendor/laravel/framework/src/Illuminate/Database/Connection.php:423)
[stacktrace]
#0 C:/laragon/www/kurikulum/vendor/laravel/framework/src/Illuminate/Database/Connection.php(423): PDO->prepare('select count(*)...')
#1 C:/laragon/www/kurikulum/vendor/laravel/framework/src/Illuminate/Database/Connection.php(816): Illuminate/Database/Connection->Illuminate/Database/{closure}('select count(*)...', Array)
#2 C:/laragon/www/kurikulum/vendor/laravel/framework/src/Illuminate/Database/Connection.php(783): Illuminate/Database/Connection->runQueryCallback('select count(*)...', Array, Object(Closure))
#3 C:/laragon/www/kurikulum/vendor/laravel/framework/src/Illuminate/Database/Connection.php(414): Illuminate/Database/Connection->run('select count(*)...', Array, Object(Closure))
#4 C:/laragon/www/kurikulum/vendor/laravel/framework/src/Illuminate/Database/Query/Builder.php(2913): Illuminate/Database/Connection->select('select count(*)...', Array, true)
#5 C:/laragon/www/kurikulum/vendor/laravel/framework/src/Illuminate/Database/Query/Builder.php(2902): Illuminate/Database/Query/Builder->runSelect()
#6 C:/laragon/www/kurikulum/vendor/laravel/framework/src/Illuminate/Database/Query/Builder.php(3456): Illuminate/Database/Query/Builder->Illuminate/Database/Query/{closure}()
#7 C:/laragon/www/kurikulum/vendor/laravel/framework/src/Illuminate/Database/Query/Builder.php(2901): Illuminate/Database/Query/Builder->onceWithColumns(Array, Object(Closure))
#8 C:/laragon/www/kurikulum/vendor/laravel/framework/src/Illuminate/Database/Query/Builder.php(3066): Illuminate/Database/Query/Builder->get()
#9 C:/laragon/www/kurikulum/vendor/laravel/framework/src/Illuminate/Database/Query/Builder.php(3025): Illuminate/Database/Query/Builder->runPaginationCountQuery(Array)
#10 C:/laragon/www/kurikulum/vendor/laravel/framework/src/Illuminate/Database/Eloquent/Builder.php(923): Illuminate/Database/Query/Builder->getCountForPagination()
#11 C:/laragon/www/kurikulum/app/Http/Controllers/Crud/BaseCrudController.php(96): Illuminate/Database/Eloquent/Builder->paginate(10)
#12 C:/laragon/www/kurikulum/vendor/laravel/framework/src/Illuminate/Routing/Controller.php(54): App/Http/Controllers/Crud/BaseCrudController->index(Object(Illuminate/Http/Request))
#13 C:/laragon/www/kurikulum/vendor/laravel/framework/src/Illuminate/Routing/ControllerDispatcher.php(43): Illuminate/Routing/Controller->callAction('index', Array)
#14 C:/laragon/www/kurikulum/vendor/laravel/framework/src/Illuminate/Routing/Route.php(259): Illuminate/Routing/ControllerDispatcher->dispatch(Object(Illuminate/Routing/Route), Object(App/Http/Controllers/Setting/KelasController), 'index')
#15 C:/laragon/www/kurikulum/vendor/laravel/framework/src/Illuminate/Routing/Route.php(205): Illuminate/Routing/Route->runController()
#16 C:/laragon/www/kurikulum/vendor/laravel/framework/src/Illuminate/Routing/Router.php(806): Illuminate/Routing/Route->run()
#17 C:/laragon/www/kurikulum/vendor/laravel/framework/src/Illuminate/Pipeline/Pipeline.php(144): Illuminate/Routing/Router->Illuminate/Routing/{closure}(Object(Illuminate/Http/Request))
#18 C:/laragon/www/kurikulum/app/Http/Middleware/EnsureUserHasRole.php(23): Illuminate/Pipeline/Pipeline->Illuminate/Pipeline/{closure}(Object(Illuminate/Http/Request))
#19 C:/laragon/www/kurikulum/vendor/laravel/framework/src/Illuminate/Pipeline/Pipeline.php(183): App/Http/Middleware/EnsureUserHasRole->handle(Object(Illuminate/Http/Request), Object(Closure), 'admin')
#20 C:/laragon/www/kurikulum/vendor/laravel/framework/src/Illuminate/Routing/Middleware/SubstituteBindings.php(50): Illuminate/Pipeline/Pipeline->Illuminate/Pipeline/{closure}(Object(Illuminate/Http/Request))
#21 C:/laragon/www/kurikulum/vendor/laravel/framework/src/Illuminate/Pipeline/Pipeline.php(183): Illuminate/Routing/Middleware/SubstituteBindings->handle(Object(Illuminate/Http/Request), Object(Closure))
#22 C:/laragon/www/kurikulum/vendor/laravel/framework/src/Illuminate/Auth/Middleware/Authenticate.php(57): Illuminate/Pipeline/Pipeline->Illuminate/Pipeline/{closure}(Object(Illuminate/Http/Request))
#23 C:/laragon/www/kurikulum/vendor/laravel/framework/src/Illuminate/Pipeline/Pipeline.php(183): Illuminate/Auth/Middleware/Authenticate->handle(Object(Illuminate/Http/Request), Object(Closure))
#24 C:/laragon/www/kurikulum/vendor/laravel/framework/src/Illuminate/Foundation/Http/Middleware/VerifyCsrfToken.php(78): Illuminate/Pipeline/Pipeline->Illuminate/Pipeline/{closure}(Object(Illuminate/Http/Request))
#25 C:/laragon/www/kurikulum/vendor/laravel/framework/src/Illuminate/Pipeline/Pipeline.php(183): Illuminate/Foundation/Http/Middleware/VerifyCsrfToken->handle(Object(Illuminate/Http/Request), Object(Closure))
#26 C:/laragon/www/kurikulum/vendor/laravel/framework/src/Illuminate/View/Middleware/ShareErrorsFromSession.php(49): Illuminate/Pipeline/Pipeline->Illuminate/Pipeline/{closure}(Object(Illuminate/Http/Request))
#27 C:/laragon/www/kurikulum/vendor/laravel/framework/src/Illuminate/Pipeline/Pipeline.php(183): Illuminate/View/Middleware/ShareErrorsFromSession->handle(Object(Illuminate/Http/Request), Object(Closure))
#28 C:/laragon/www/kurikulum/vendor/laravel/framework/src/Illuminate/Session/Middleware/StartSession.php(121): Illuminate/Pipeline/Pipeline->Illuminate/Pipeline/{closure}(Object(Illuminate/Http/Request))
#29 C:/laragon/www/kurikulum/vendor/laravel/framework/src/Illuminate/Session/Middleware/StartSession.php(64): Illuminate/Session/Middleware/StartSession->handleStatefulRequest(Object(Illuminate/Http/Request), Object(Illuminate/Session/Store), Object(Closure))
#30 C:/laragon/www/kurikulum/vendor/laravel/framework/src/Illuminate/Pipeline/Pipeline.php(183): Illuminate/Session/Middleware/StartSession->handle(Object(Illuminate/Http/Request), Object(Closure))
#31 C:/laragon/www/kurikulum/vendor/laravel/framework/src/Illuminate/Cookie/Middleware/AddQueuedCookiesToResponse.php(37): Illuminate/Pipeline/Pipeline->Illuminate/Pipeline/{closure}(Object(Illuminate/Http/Request))
#32 C:/laragon/www/kurikulum/vendor/laravel/framework/src/Illuminate/Pipeline/Pipeline.php(183): Illuminate/Cookie/Middleware/AddQueuedCookiesToResponse->handle(Object(Illuminate/Http/Request), Object(Closure))
#33 C:/laragon/www/kurikulum/vendor/laravel/framework/src/Illuminate/Cookie/Middleware/EncryptCookies.php(67): Illuminate/Pipeline/Pipeline->Illuminate/Pipeline/{closure}(Object(Illuminate/Http/Request))
#34 C:/laragon/www/kurikulum/vendor/laravel/framework/src/Illuminate/Pipeline/Pipeline.php(183): Illuminate/Cookie/Middleware/EncryptCookies->handle(Object(Illuminate/Http/Request), Object(Closure))
#35 C:/laragon/www/kurikulum/vendor/laravel/framework/src/Illuminate/Pipeline/Pipeline.php(119): Illuminate/Pipeline/Pipeline->Illuminate/Pipeline/{closure}(Object(Illuminate/Http/Request))
#36 C:/laragon/www/kurikulum/vendor/laravel/framework/src/Illuminate/Routing/Router.php(805): Illuminate/Pipeline/Pipeline->then(Object(Closure))
#37 C:/laragon/www/kurikulum/vendor/laravel/framework/src/Illuminate/Routing/Router.php(784): Illuminate/Routing/Router->runRouteWithinStack(Object(Illuminate/Routing/Route), Object(Illuminate/Http/Request))
#38 C:/laragon/www/kurikulum/vendor/laravel/framework/src/Illuminate/Routing/Router.php(748): Illuminate/Routing/Router->runRoute(Object(Illuminate/Http/Request), Object(Illuminate/Routing/Route))
#39 C:/laragon/www/kurikulum/vendor/laravel/framework/src/Illuminate/Routing/Router.php(737): Illuminate/Routing/Router->dispatchToRoute(Object(Illuminate/Http/Request))
#40 C:/laragon/www/kurikulum/vendor/laravel/framework/src/Illuminate/Foundation/Http/Kernel.php(200): Illuminate/Routing/Router->dispatch(Object(Illuminate/Http/Request))
#41 C:/laragon/www/kurikulum/vendor/laravel/framework/src/Illuminate/Pipeline/Pipeline.php(144): Illuminate/Foundation/Http/Kernel->Illuminate/Foundation/Http/{closure}(Object(Illuminate/Http/Request))
#42 C:/laragon/www/kurikulum/vendor/laravel/framework/src/Illuminate/Foundation/Http/Middleware/TransformsRequest.php(21): Illuminate/Pipeline/Pipeline->Illuminate/Pipeline/{closure}(Object(Illuminate/Http/Request))
#43 C:/laragon/www/kurikulum/vendor/laravel/framework/src/Illuminate/Foundation/Http/Middleware/ConvertEmptyStringsToNull.php(31): Illuminate/Foundation/Http/Middleware/TransformsRequest->handle(Object(Illuminate/Http/Request), Object(Closure))
#44 C:/laragon/www/kurikulum/vendor/laravel/framework/src/Illuminate/Pipeline/Pipeline.php(183): Illuminate/Foundation/Http/Middleware/ConvertEmptyStringsToNull->handle(Object(Illuminate/Http/Request), Object(Closure))
#45 C:/laragon/www/kurikulum/vendor/laravel/framework/src/Illuminate/Foundation/Http/Middleware/TransformsRequest.php(21): Illuminate/Pipeline/Pipeline->Illuminate/Pipeline/{closure}(Object(Illuminate/Http/Request))
#46 C:/laragon/www/kurikulum/vendor/laravel/framework/src/Illuminate/Foundation/Http/Middleware/TrimStrings.php(40): Illuminate/Foundation/Http/Middleware/TransformsRequest->handle(Object(Illuminate/Http/Request), Object(Closure))
#47 C:/laragon/www/kurikulum/vendor/laravel/framework/src/Illuminate/Pipeline/Pipeline.php(183): Illuminate/Foundation/Http/Middleware/TrimStrings->handle(Object(Illuminate/Http/Request), Object(Closure))
#48 C:/laragon/www/kurikulum/vendor/laravel/framework/src/Illuminate/Foundation/Http/Middleware/ValidatePostSize.php(27): Illuminate/Pipeline/Pipeline->Illuminate/Pipeline/{closure}(Object(Illuminate/Http/Request))
#49 C:/laragon/www/kurikulum/vendor/laravel/framework/src/Illuminate/Pipeline/Pipeline.php(183): Illuminate/Foundation/Http/Middleware/ValidatePostSize->handle(Object(Illuminate/Http/Request), Object(Closure))
#50 C:/laragon/www/kurikulum/vendor/laravel/framework/src/Illuminate/Foundation/Http/Middleware/PreventRequestsDuringMaintenance.php(99): Illuminate/Pipeline/Pipeline->Illuminate/Pipeline/{closure}(Object(Illuminate/Http/Request))
#51 C:/laragon/www/kurikulum/vendor/laravel/framework/src/Illuminate/Pipeline/Pipeline.php(183): Illuminate/Foundation/Http/Middleware/PreventRequestsDuringMaintenance->handle(Object(Illuminate/Http/Request), Object(Closure))
#52 C:/laragon/www/kurikulum/vendor/laravel/framework/src/Illuminate/Http/Middleware/HandleCors.php(49): Illuminate/Pipeline/Pipeline->Illuminate/Pipeline/{closure}(Object(Illuminate/Http/Request))
#53 C:/laragon/www/kurikulum/vendor/laravel/framework/src/Illuminate/Pipeline/Pipeline.php(183): Illuminate/Http/Middleware/HandleCors->handle(Object(Illuminate/Http/Request), Object(Closure))
#54 C:/laragon/www/kurikulum/vendor/laravel/framework/src/Illuminate/Http/Middleware/TrustProxies.php(39): Illuminate/Pipeline/Pipeline->Illuminate/Pipeline/{closure}(Object(Illuminate/Http/Request))
#55 C:/laragon/www/kurikulum/vendor/laravel/framework/src/Illuminate/Pipeline/Pipeline.php(183): Illuminate/Http/Middleware/TrustProxies->handle(Object(Illuminate/Http/Request), Object(Closure))
#56 C:/laragon/www/kurikulum/vendor/laravel/framework/src/Illuminate/Pipeline/Pipeline.php(119): Illuminate/Pipeline/Pipeline->Illuminate/Pipeline/{closure}(Object(Illuminate/Http/Request))
#57 C:/laragon/www/kurikulum/vendor/laravel/framework/src/Illuminate/Foundation/Http/Kernel.php(175): Illuminate/Pipeline/Pipeline->then(Object(Closure))
#58 C:/laragon/www/kurikulum/vendor/laravel/framework/src/Illuminate/Foundation/Http/Kernel.php(144): Illuminate/Foundation/Http/Kernel->sendRequestThroughRouter(Object(Illuminate/Http/Request))
#59 C:/laragon/www/kurikulum/public/index.php(18): Illuminate/Foundation/Http/Kernel->handle(Object(Illuminate/Http/Request))
#60 C:/laragon/www/kurikulum/vendor/laravel/framework/src/Illuminate/Foundation/resources/server.php(16): require_once('C://laragon//www//...')
#61 {main}
"} 
[2026-07-14 07:27:10] local.ERROR: SQLSTATE[42S02]: Base table or view not found: 1146 Table 'datacenter.kelas' doesn't exist (Connection: datacenter, SQL: select count(*) as aggregate from `kelas`) {"userId":1,"exception":"[object] (Illuminate\\Database\\QueryException(code: 42S02): SQLSTATE[42S02]: Base table or view not found: 1146 Table 'datacenter.kelas' doesn't exist (Connection: datacenter, SQL: select count(*) as aggregate from `kelas`) at C:/laragon/www/kurikulum/vendor/laravel/framework/src/Illuminate/Database/Connection.php:829)
[stacktrace]
#0 C:/laragon/www/kurikulum/vendor/laravel/framework/src/Illuminate/Database/Connection.php(783): Illuminate/Database/Connection->runQueryCallback('select count(*)...', Array, Object(Closure))
#1 C:/laragon/www/kurikulum/vendor/laravel/framework/src/Illuminate/Database/Connection.php(414): Illuminate/Database/Connection->run('select count(*)...', Array, Object(Closure))
#2 C:/laragon/www/kurikulum/vendor/laravel/framework/src/Illuminate/Database/Query/Builder.php(2913): Illuminate/Database/Connection->select('select count(*)...', Array, true)
#3 C:/laragon/www/kurikulum/vendor/laravel/framework/src/Illuminate/Database/Query/Builder.php(2902): Illuminate/Database/Query/Builder->runSelect()
#4 C:/laragon/www/kurikulum/vendor/laravel/framework/src/Illuminate/Database/Query/Builder.php(3456): Illuminate/Database/Query/Builder->Illuminate/Database/Query/{closure}()
#5 C:/laragon/www/kurikulum/vendor/laravel/framework/src/Illuminate/Database/Query/Builder.php(2901): Illuminate/Database/Query/Builder->onceWithColumns(Array, Object(Closure))
#6 C:/laragon/www/kurikulum/vendor/laravel/framework/src/Illuminate/Database/Query/Builder.php(3066): Illuminate/Database/Query/Builder->get()
#7 C:/laragon/www/kurikulum/vendor/laravel/framework/src/Illuminate/Database/Query/Builder.php(3025): Illuminate/Database/Query/Builder->runPaginationCountQuery(Array)
#8 C:/laragon/www/kurikulum/vendor/laravel/framework/src/Illuminate/Database/Eloquent/Builder.php(923): Illuminate/Database/Query/Builder->getCountForPagination()
#9 C:/laragon/www/kurikulum/app/Http/Controllers/Crud/BaseCrudController.php(96): Illuminate/Database/Eloquent/Builder->paginate(10)
#10 C:/laragon/www/kurikulum/vendor/laravel/framework/src/Illuminate/Routing/Controller.php(54): App/Http/Controllers/Crud/BaseCrudController->index(Object(Illuminate/Http/Request))
#11 C:/laragon/www/kurikulum/vendor/laravel/framework/src/Illuminate/Routing/ControllerDispatcher.php(43): Illuminate/Routing/Controller->callAction('index', Array)
#12 C:/laragon/www/kurikulum/vendor/laravel/framework/src/Illuminate/Routing/Route.php(259): Illuminate/Routing/ControllerDispatcher->dispatch(Object(Illuminate/Routing/Route), Object(App/Http/Controllers/Setting/KelasController), 'index')
#13 C:/laragon/www/kurikulum/vendor/laravel/framework/src/Illuminate/Routing/Route.php(205): Illuminate/Routing/Route->runController()
#14 C:/laragon/www/kurikulum/vendor/laravel/framework/src/Illuminate/Routing/Router.php(806): Illuminate/Routing/Route->run()
#15 C:/laragon/www/kurikulum/vendor/laravel/framework/src/Illuminate/Pipeline/Pipeline.php(144): Illuminate/Routing/Router->Illuminate/Routing/{closure}(Object(Illuminate/Http/Request))
#16 C:/laragon/www/kurikulum/app/Http/Middleware/EnsureUserHasRole.php(23): Illuminate/Pipeline/Pipeline->Illuminate/Pipeline/{closure}(Object(Illuminate/Http/Request))
#17 C:/laragon/www/kurikulum/vendor/laravel/framework/src/Illuminate/Pipeline/Pipeline.php(183): App/Http/Middleware/EnsureUserHasRole->handle(Object(Illuminate/Http/Request), Object(Closure), 'admin')
#18 C:/laragon/www/kurikulum/vendor/laravel/framework/src/Illuminate/Routing/Middleware/SubstituteBindings.php(50): Illuminate/Pipeline/Pipeline->Illuminate/Pipeline/{closure}(Object(Illuminate/Http/Request))
#19 C:/laragon/www/kurikulum/vendor/laravel/framework/src/Illuminate/Pipeline/Pipeline.php(183): Illuminate/Routing/Middleware/SubstituteBindings->handle(Object(Illuminate/Http/Request), Object(Closure))
#20 C:/laragon/www/kurikulum/vendor/laravel/framework/src/Illuminate/Auth/Middleware/Authenticate.php(57): Illuminate/Pipeline/Pipeline->Illuminate/Pipeline/{closure}(Object(Illuminate/Http/Request))
#21 C:/laragon/www/kurikulum/vendor/laravel/framework/src/Illuminate/Pipeline/Pipeline.php(183): Illuminate/Auth/Middleware/Authenticate->handle(Object(Illuminate/Http/Request), Object(Closure))
#22 C:/laragon/www/kurikulum/vendor/laravel/framework/src/Illuminate/Foundation/Http/Middleware/VerifyCsrfToken.php(78): Illuminate/Pipeline/Pipeline->Illuminate/Pipeline/{closure}(Object(Illuminate/Http/Request))
#23 C:/laragon/www/kurikulum/vendor/laravel/framework/src/Illuminate/Pipeline/Pipeline.php(183): Illuminate/Foundation/Http/Middleware/VerifyCsrfToken->handle(Object(Illuminate/Http/Request), Object(Closure))
#24 C:/laragon/www/kurikulum/vendor/laravel/framework/src/Illuminate/View/Middleware/ShareErrorsFromSession.php(49): Illuminate/Pipeline/Pipeline->Illuminate/Pipeline/{closure}(Object(Illuminate/Http/Request))
#25 C:/laragon/www/kurikulum/vendor/laravel/framework/src/Illuminate/Pipeline/Pipeline.php(183): Illuminate/View/Middleware/ShareErrorsFromSession->handle(Object(Illuminate/Http/Request), Object(Closure))
#26 C:/laragon/www/kurikulum/vendor/laravel/framework/src/Illuminate/Session/Middleware/StartSession.php(121): Illuminate/Pipeline/Pipeline->Illuminate/Pipeline/{closure}(Object(Illuminate/Http/Request))
#27 C:/laragon/www/kurikulum/vendor/laravel/framework/src/Illuminate/Session/Middleware/StartSession.php(64): Illuminate/Session/Middleware/StartSession->handleStatefulRequest(Object(Illuminate/Http/Request), Object(Illuminate/Session/Store), Object(Closure))
#28 C:/laragon/www/kurikulum/vendor/laravel/framework/src/Illuminate/Pipeline/Pipeline.php(183): Illuminate/Session/Middleware/StartSession->handle(Object(Illuminate/Http/Request), Object(Closure))
#29 C:/laragon/www/kurikulum/vendor/laravel/framework/src/Illuminate/Cookie/Middleware/AddQueuedCookiesToResponse.php(37): Illuminate/Pipeline/Pipeline->Illuminate/Pipeline/{closure}(Object(Illuminate/Http/Request))
#30 C:/laragon/www/kurikulum/vendor/laravel/framework/src/Illuminate/Pipeline/Pipeline.php(183): Illuminate/Cookie/Middleware/AddQueuedCookiesToResponse->handle(Object(Illuminate/Http/Request), Object(Closure))
#31 C:/laragon/www/kurikulum/vendor/laravel/framework/src/Illuminate/Cookie/Middleware/EncryptCookies.php(67): Illuminate/Pipeline/Pipeline->Illuminate/Pipeline/{closure}(Object(Illuminate/Http/Request))
#32 C:/laragon/www/kurikulum/vendor/laravel/framework/src/Illuminate/Pipeline/Pipeline.php(183): Illuminate/Cookie/Middleware/EncryptCookies->handle(Object(Illuminate/Http/Request), Object(Closure))
#33 C:/laragon/www/kurikulum/vendor/laravel/framework/src/Illuminate/Pipeline/Pipeline.php(119): Illuminate/Pipeline/Pipeline->Illuminate/Pipeline/{closure}(Object(Illuminate/Http/Request))
#34 C:/laragon/www/kurikulum/vendor/laravel/framework/src/Illuminate/Routing/Router.php(805): Illuminate/Pipeline/Pipeline->then(Object(Closure))
#35 C:/laragon/www/kurikulum/vendor/laravel/framework/src/Illuminate/Routing/Router.php(784): Illuminate/Routing/Router->runRouteWithinStack(Object(Illuminate/Routing/Route), Object(Illuminate/Http/Request))
#36 C:/laragon/www/kurikulum/vendor/laravel/framework/src/Illuminate/Routing/Router.php(748): Illuminate/Routing/Router->runRoute(Object(Illuminate/Http/Request), Object(Illuminate/Routing/Route))
#37 C:/laragon/www/kurikulum/vendor/laravel/framework/src/Illuminate/Routing/Router.php(737): Illuminate/Routing/Router->dispatchToRoute(Object(Illuminate/Http/Request))
#38 C:/laragon/www/kurikulum/vendor/laravel/framework/src/Illuminate/Foundation/Http/Kernel.php(200): Illuminate/Routing/Router->dispatch(Object(Illuminate/Http/Request))
#39 C:/laragon/www/kurikulum/vendor/laravel/framework/src/Illuminate/Pipeline/Pipeline.php(144): Illuminate/Foundation/Http/Kernel->Illuminate/Foundation/Http/{closure}(Object(Illuminate/Http/Request))
#40 C:/laragon/www/kurikulum/vendor/laravel/framework/src/Illuminate/Foundation/Http/Middleware/TransformsRequest.php(21): Illuminate/Pipeline/Pipeline->Illuminate/Pipeline/{closure}(Object(Illuminate/Http/Request))
#41 C:/laragon/www/kurikulum/vendor/laravel/framework/src/Illuminate/Foundation/Http/Middleware/ConvertEmptyStringsToNull.php(31): Illuminate/Foundation/Http/Middleware/TransformsRequest->handle(Object(Illuminate/Http/Request), Object(Closure))
#42 C:/laragon/www/kurikulum/vendor/laravel/framework/src/Illuminate/Pipeline/Pipeline.php(183): Illuminate/Foundation/Http/Middleware/ConvertEmptyStringsToNull->handle(Object(Illuminate/Http/Request), Object(Closure))
#43 C:/laragon/www/kurikulum/vendor/laravel/framework/src/Illuminate/Foundation/Http/Middleware/TransformsRequest.php(21): Illuminate/Pipeline/Pipeline->Illuminate/Pipeline/{closure}(Object(Illuminate/Http/Request))
#44 C:/laragon/www/kurikulum/vendor/laravel/framework/src/Illuminate/Foundation/Http/Middleware/TrimStrings.php(40): Illuminate/Foundation/Http/Middleware/TransformsRequest->handle(Object(Illuminate/Http/Request), Object(Closure))
#45 C:/laragon/www/kurikulum/vendor/laravel/framework/src/Illuminate/Pipeline/Pipeline.php(183): Illuminate/Foundation/Http/Middleware/TrimStrings->handle(Object(Illuminate/Http/Request), Object(Closure))
#46 C:/laragon/www/kurikulum/vendor/laravel/framework/src/Illuminate/Foundation/Http/Middleware/ValidatePostSize.php(27): Illuminate/Pipeline/Pipeline->Illuminate/Pipeline/{closure}(Object(Illuminate/Http/Request))
#47 C:/laragon/www/kurikulum/vendor/laravel/framework/src/Illuminate/Pipeline/Pipeline.php(183): Illuminate/Foundation/Http/Middleware/ValidatePostSize->handle(Object(Illuminate/Http/Request), Object(Closure))
#48 C:/laragon/www/kurikulum/vendor/laravel/framework/src/Illuminate/Foundation/Http/Middleware/PreventRequestsDuringMaintenance.php(99): Illuminate/Pipeline/Pipeline->Illuminate/Pipeline/{closure}(Object(Illuminate/Http/Request))
#49 C:/laragon/www/kurikulum/vendor/laravel/framework/src/Illuminate/Pipeline/Pipeline.php(183): Illuminate/Foundation/Http/Middleware/PreventRequestsDuringMaintenance->handle(Object(Illuminate/Http/Request), Object(Closure))
#50 C:/laragon/www/kurikulum/vendor/laravel/framework/src/Illuminate/Http/Middleware/HandleCors.php(49): Illuminate/Pipeline/Pipeline->Illuminate/Pipeline/{closure}(Object(Illuminate/Http/Request))
#51 C:/laragon/www/kurikulum/vendor/laravel/framework/src/Illuminate/Pipeline/Pipeline.php(183): Illuminate/Http/Middleware/HandleCors->handle(Object(Illuminate/Http/Request), Object(Closure))
#52 C:/laragon/www/kurikulum/vendor/laravel/framework/src/Illuminate/Http/Middleware/TrustProxies.php(39): Illuminate/Pipeline/Pipeline->Illuminate/Pipeline/{closure}(Object(Illuminate/Http/Request))
#53 C:/laragon/www/kurikulum/vendor/laravel/framework/src/Illuminate/Pipeline/Pipeline.php(183): Illuminate/Http/Middleware/TrustProxies->handle(Object(Illuminate/Http/Request), Object(Closure))
#54 C:/laragon/www/kurikulum/vendor/laravel/framework/src/Illuminate/Pipeline/Pipeline.php(119): Illuminate/Pipeline/Pipeline->Illuminate/Pipeline/{closure}(Object(Illuminate/Http/Request))
#55 C:/laragon/www/kurikulum/vendor/laravel/framework/src/Illuminate/Foundation/Http/Kernel.php(175): Illuminate/Pipeline/Pipeline->then(Object(Closure))
#56 C:/laragon/www/kurikulum/vendor/laravel/framework/src/Illuminate/Foundation/Http/Kernel.php(144): Illuminate/Foundation/Http/Kernel->sendRequestThroughRouter(Object(Illuminate/Http/Request))
#57 C:/laragon/www/kurikulum/public/index.php(18): Illuminate/Foundation/Http/Kernel->handle(Object(Illuminate/Http/Request))
#58 C:/laragon/www/kurikulum/vendor/laravel/framework/src/Illuminate/Foundation/resources/server.php(16): require_once('C://laragon//www//...')
#59 {main}

[previous exception] [object] (PDOException(code: 42S02): SQLSTATE[42S02]: Base table or view not found: 1146 Table 'datacenter.kelas' doesn't exist at C:/laragon/www/kurikulum/vendor/laravel/framework/src/Illuminate/Database/Connection.php:423)
[stacktrace]
#0 C:/laragon/www/kurikulum/vendor/laravel/framework/src/Illuminate/Database/Connection.php(423): PDO->prepare('select count(*)...')
#1 C:/laragon/www/kurikulum/vendor/laravel/framework/src/Illuminate/Database/Connection.php(816): Illuminate/Database/Connection->Illuminate/Database/{closure}('select count(*)...', Array)
#2 C:/laragon/www/kurikulum/vendor/laravel/framework/src/Illuminate/Database/Connection.php(783): Illuminate/Database/Connection->runQueryCallback('select count(*)...', Array, Object(Closure))
#3 C:/laragon/www/kurikulum/vendor/laravel/framework/src/Illuminate/Database/Connection.php(414): Illuminate/Database/Connection->run('select count(*)...', Array, Object(Closure))
#4 C:/laragon/www/kurikulum/vendor/laravel/framework/src/Illuminate/Database/Query/Builder.php(2913): Illuminate/Database/Connection->select('select count(*)...', Array, true)
#5 C:/laragon/www/kurikulum/vendor/laravel/framework/src/Illuminate/Database/Query/Builder.php(2902): Illuminate/Database/Query/Builder->runSelect()
#6 C:/laragon/www/kurikulum/vendor/laravel/framework/src/Illuminate/Database/Query/Builder.php(3456): Illuminate/Database/Query/Builder->Illuminate/Database/Query/{closure}()
#7 C:/laragon/www/kurikulum/vendor/laravel/framework/src/Illuminate/Database/Query/Builder.php(2901): Illuminate/Database/Query/Builder->onceWithColumns(Array, Object(Closure))
#8 C:/laragon/www/kurikulum/vendor/laravel/framework/src/Illuminate/Database/Query/Builder.php(3066): Illuminate/Database/Query/Builder->get()
#9 C:/laragon/www/kurikulum/vendor/laravel/framework/src/Illuminate/Database/Query/Builder.php(3025): Illuminate/Database/Query/Builder->runPaginationCountQuery(Array)
#10 C:/laragon/www/kurikulum/vendor/laravel/framework/src/Illuminate/Database/Eloquent/Builder.php(923): Illuminate/Database/Query/Builder->getCountForPagination()
#11 C:/laragon/www/kurikulum/app/Http/Controllers/Crud/BaseCrudController.php(96): Illuminate/Database/Eloquent/Builder->paginate(10)
#12 C:/laragon/www/kurikulum/vendor/laravel/framework/src/Illuminate/Routing/Controller.php(54): App/Http/Controllers/Crud/BaseCrudController->index(Object(Illuminate/Http/Request))
#13 C:/laragon/www/kurikulum/vendor/laravel/framework/src/Illuminate/Routing/ControllerDispatcher.php(43): Illuminate/Routing/Controller->callAction('index', Array)
#14 C:/laragon/www/kurikulum/vendor/laravel/framework/src/Illuminate/Routing/Route.php(259): Illuminate/Routing/ControllerDispatcher->dispatch(Object(Illuminate/Routing/Route), Object(App/Http/Controllers/Setting/KelasController), 'index')
#15 C:/laragon/www/kurikulum/vendor/laravel/framework/src/Illuminate/Routing/Route.php(205): Illuminate/Routing/Route->runController()
#16 C:/laragon/www/kurikulum/vendor/laravel/framework/src/Illuminate/Routing/Router.php(806): Illuminate/Routing/Route->run()
#17 C:/laragon/www/kurikulum/vendor/laravel/framework/src/Illuminate/Pipeline/Pipeline.php(144): Illuminate/Routing/Router->Illuminate/Routing/{closure}(Object(Illuminate/Http/Request))
#18 C:/laragon/www/kurikulum/app/Http/Middleware/EnsureUserHasRole.php(23): Illuminate/Pipeline/Pipeline->Illuminate/Pipeline/{closure}(Object(Illuminate/Http/Request))
#19 C:/laragon/www/kurikulum/vendor/laravel/framework/src/Illuminate/Pipeline/Pipeline.php(183): App/Http/Middleware/EnsureUserHasRole->handle(Object(Illuminate/Http/Request), Object(Closure), 'admin')
#20 C:/laragon/www/kurikulum/vendor/laravel/framework/src/Illuminate/Routing/Middleware/SubstituteBindings.php(50): Illuminate/Pipeline/Pipeline->Illuminate/Pipeline/{closure}(Object(Illuminate/Http/Request))
#21 C:/laragon/www/kurikulum/vendor/laravel/framework/src/Illuminate/Pipeline/Pipeline.php(183): Illuminate/Routing/Middleware/SubstituteBindings->handle(Object(Illuminate/Http/Request), Object(Closure))
#22 C:/laragon/www/kurikulum/vendor/laravel/framework/src/Illuminate/Auth/Middleware/Authenticate.php(57): Illuminate/Pipeline/Pipeline->Illuminate/Pipeline/{closure}(Object(Illuminate/Http/Request))
#23 C:/laragon/www/kurikulum/vendor/laravel/framework/src/Illuminate/Pipeline/Pipeline.php(183): Illuminate/Auth/Middleware/Authenticate->handle(Object(Illuminate/Http/Request), Object(Closure))
#24 C:/laragon/www/kurikulum/vendor/laravel/framework/src/Illuminate/Foundation/Http/Middleware/VerifyCsrfToken.php(78): Illuminate/Pipeline/Pipeline->Illuminate/Pipeline/{closure}(Object(Illuminate/Http/Request))
#25 C:/laragon/www/kurikulum/vendor/laravel/framework/src/Illuminate/Pipeline/Pipeline.php(183): Illuminate/Foundation/Http/Middleware/VerifyCsrfToken->handle(Object(Illuminate/Http/Request), Object(Closure))
#26 C:/laragon/www/kurikulum/vendor/laravel/framework/src/Illuminate/View/Middleware/ShareErrorsFromSession.php(49): Illuminate/Pipeline/Pipeline->Illuminate/Pipeline/{closure}(Object(Illuminate/Http/Request))
#27 C:/laragon/www/kurikulum/vendor/laravel/framework/src/Illuminate/Pipeline/Pipeline.php(183): Illuminate/View/Middleware/ShareErrorsFromSession->handle(Object(Illuminate/Http/Request), Object(Closure))
#28 C:/laragon/www/kurikulum/vendor/laravel/framework/src/Illuminate/Session/Middleware/StartSession.php(121): Illuminate/Pipeline/Pipeline->Illuminate/Pipeline/{closure}(Object(Illuminate/Http/Request))
#29 C:/laragon/www/kurikulum/vendor/laravel/framework/src/Illuminate/Session/Middleware/StartSession.php(64): Illuminate/Session/Middleware/StartSession->handleStatefulRequest(Object(Illuminate/Http/Request), Object(Illuminate/Session/Store), Object(Closure))
#30 C:/laragon/www/kurikulum/vendor/laravel/framework/src/Illuminate/Pipeline/Pipeline.php(183): Illuminate/Session/Middleware/StartSession->handle(Object(Illuminate/Http/Request), Object(Closure))
#31 C:/laragon/www/kurikulum/vendor/laravel/framework/src/Illuminate/Cookie/Middleware/AddQueuedCookiesToResponse.php(37): Illuminate/Pipeline/Pipeline->Illuminate/Pipeline/{closure}(Object(Illuminate/Http/Request))
#32 C:/laragon/www/kurikulum/vendor/laravel/framework/src/Illuminate/Pipeline/Pipeline.php(183): Illuminate/Cookie/Middleware/AddQueuedCookiesToResponse->handle(Object(Illuminate/Http/Request), Object(Closure))
#33 C:/laragon/www/kurikulum/vendor/laravel/framework/src/Illuminate/Cookie/Middleware/EncryptCookies.php(67): Illuminate/Pipeline/Pipeline->Illuminate/Pipeline/{closure}(Object(Illuminate/Http/Request))
#34 C:/laragon/www/kurikulum/vendor/laravel/framework/src/Illuminate/Pipeline/Pipeline.php(183): Illuminate/Cookie/Middleware/EncryptCookies->handle(Object(Illuminate/Http/Request), Object(Closure))
#35 C:/laragon/www/kurikulum/vendor/laravel/framework/src/Illuminate/Pipeline/Pipeline.php(119): Illuminate/Pipeline/Pipeline->Illuminate/Pipeline/{closure}(Object(Illuminate/Http/Request))
#36 C:/laragon/www/kurikulum/vendor/laravel/framework/src/Illuminate/Routing/Router.php(805): Illuminate/Pipeline/Pipeline->then(Object(Closure))
#37 C:/laragon/www/kurikulum/vendor/laravel/framework/src/Illuminate/Routing/Router.php(784): Illuminate/Routing/Router->runRouteWithinStack(Object(Illuminate/Routing/Route), Object(Illuminate/Http/Request))
#38 C:/laragon/www/kurikulum/vendor/laravel/framework/src/Illuminate/Routing/Router.php(748): Illuminate/Routing/Router->runRoute(Object(Illuminate/Http/Request), Object(Illuminate/Routing/Route))
#39 C:/laragon/www/kurikulum/vendor/laravel/framework/src/Illuminate/Routing/Router.php(737): Illuminate/Routing/Router->dispatchToRoute(Object(Illuminate/Http/Request))
#40 C:/laragon/www/kurikulum/vendor/laravel/framework/src/Illuminate/Foundation/Http/Kernel.php(200): Illuminate/Routing/Router->dispatch(Object(Illuminate/Http/Request))
#41 C:/laragon/www/kurikulum/vendor/laravel/framework/src/Illuminate/Pipeline/Pipeline.php(144): Illuminate/Foundation/Http/Kernel->Illuminate/Foundation/Http/{closure}(Object(Illuminate/Http/Request))
#42 C:/laragon/www/kurikulum/vendor/laravel/framework/src/Illuminate/Foundation/Http/Middleware/TransformsRequest.php(21): Illuminate/Pipeline/Pipeline->Illuminate/Pipeline/{closure}(Object(Illuminate/Http/Request))
#43 C:/laragon/www/kurikulum/vendor/laravel/framework/src/Illuminate/Foundation/Http/Middleware/ConvertEmptyStringsToNull.php(31): Illuminate/Foundation/Http/Middleware/TransformsRequest->handle(Object(Illuminate/Http/Request), Object(Closure))
#44 C:/laragon/www/kurikulum/vendor/laravel/framework/src/Illuminate/Pipeline/Pipeline.php(183): Illuminate/Foundation/Http/Middleware/ConvertEmptyStringsToNull->handle(Object(Illuminate/Http/Request), Object(Closure))
#45 C:/laragon/www/kurikulum/vendor/laravel/framework/src/Illuminate/Foundation/Http/Middleware/TransformsRequest.php(21): Illuminate/Pipeline/Pipeline->Illuminate/Pipeline/{closure}(Object(Illuminate/Http/Request))
#46 C:/laragon/www/kurikulum/vendor/laravel/framework/src/Illuminate/Foundation/Http/Middleware/TrimStrings.php(40): Illuminate/Foundation/Http/Middleware/TransformsRequest->handle(Object(Illuminate/Http/Request), Object(Closure))
#47 C:/laragon/www/kurikulum/vendor/laravel/framework/src/Illuminate/Pipeline/Pipeline.php(183): Illuminate/Foundation/Http/Middleware/TrimStrings->handle(Object(Illuminate/Http/Request), Object(Closure))
#48 C:/laragon/www/kurikulum/vendor/laravel/framework/src/Illuminate/Foundation/Http/Middleware/ValidatePostSize.php(27): Illuminate/Pipeline/Pipeline->Illuminate/Pipeline/{closure}(Object(Illuminate/Http/Request))
#49 C:/laragon/www/kurikulum/vendor/laravel/framework/src/Illuminate/Pipeline/Pipeline.php(183): Illuminate/Foundation/Http/Middleware/ValidatePostSize->handle(Object(Illuminate/Http/Request), Object(Closure))
#50 C:/laragon/www/kurikulum/vendor/laravel/framework/src/Illuminate/Foundation/Http/Middleware/PreventRequestsDuringMaintenance.php(99): Illuminate/Pipeline/Pipeline->Illuminate/Pipeline/{closure}(Object(Illuminate/Http/Request))
#51 C:/laragon/www/kurikulum/vendor/laravel/framework/src/Illuminate/Pipeline/Pipeline.php(183): Illuminate/Foundation/Http/Middleware/PreventRequestsDuringMaintenance->handle(Object(Illuminate/Http/Request), Object(Closure))
#52 C:/laragon/www/kurikulum/vendor/laravel/framework/src/Illuminate/Http/Middleware/HandleCors.php(49): Illuminate/Pipeline/Pipeline->Illuminate/Pipeline/{closure}(Object(Illuminate/Http/Request))
#53 C:/laragon/www/kurikulum/vendor/laravel/framework/src/Illuminate/Pipeline/Pipeline.php(183): Illuminate/Http/Middleware/HandleCors->handle(Object(Illuminate/Http/Request), Object(Closure))
#54 C:/laragon/www/kurikulum/vendor/laravel/framework/src/Illuminate/Http/Middleware/TrustProxies.php(39): Illuminate/Pipeline/Pipeline->Illuminate/Pipeline/{closure}(Object(Illuminate/Http/Request))
#55 C:/laragon/www/kurikulum/vendor/laravel/framework/src/Illuminate/Pipeline/Pipeline.php(183): Illuminate/Http/Middleware/TrustProxies->handle(Object(Illuminate/Http/Request), Object(Closure))
#56 C:/laragon/www/kurikulum/vendor/laravel/framework/src/Illuminate/Pipeline/Pipeline.php(119): Illuminate/Pipeline/Pipeline->Illuminate/Pipeline/{closure}(Object(Illuminate/Http/Request))
#57 C:/laragon/www/kurikulum/vendor/laravel/framework/src/Illuminate/Foundation/Http/Kernel.php(175): Illuminate/Pipeline/Pipeline->then(Object(Closure))
#58 C:/laragon/www/kurikulum/vendor/laravel/framework/src/Illuminate/Foundation/Http/Kernel.php(144): Illuminate/Foundation/Http/Kernel->sendRequestThroughRouter(Object(Illuminate/Http/Request))
#59 C:/laragon/www/kurikulum/public/index.php(18): Illuminate/Foundation/Http/Kernel->handle(Object(Illuminate/Http/Request))
#60 C:/laragon/www/kurikulum/vendor/laravel/framework/src/Illuminate/Foundation/resources/server.php(16): require_once('C://laragon//www//...')
#61 {main}
"} 
[2026-07-14 07:27:21] local.ERROR: SQLSTATE[42S02]: Base table or view not found: 1146 Table 'datacenter.kelas' doesn't exist (Connection: datacenter, SQL: select count(*) as aggregate from `kelas`) {"userId":1,"exception":"[object] (Illuminate\\Database\\QueryException(code: 42S02): SQLSTATE[42S02]: Base table or view not found: 1146 Table 'datacenter.kelas' doesn't exist (Connection: datacenter, SQL: select count(*) as aggregate from `kelas`) at C:/laragon/www/kurikulum/vendor/laravel/framework/src/Illuminate/Database/Connection.php:829)
[stacktrace]
#0 C:/laragon/www/kurikulum/vendor/laravel/framework/src/Illuminate/Database/Connection.php(783): Illuminate/Database/Connection->runQueryCallback('select count(*)...', Array, Object(Closure))
#1 C:/laragon/www/kurikulum/vendor/laravel/framework/src/Illuminate/Database/Connection.php(414): Illuminate/Database/Connection->run('select count(*)...', Array, Object(Closure))
#2 C:/laragon/www/kurikulum/vendor/laravel/framework/src/Illuminate/Database/Query/Builder.php(2913): Illuminate/Database/Connection->select('select count(*)...', Array, true)
#3 C:/laragon/www/kurikulum/vendor/laravel/framework/src/Illuminate/Database/Query/Builder.php(2902): Illuminate/Database/Query/Builder->runSelect()
#4 C:/laragon/www/kurikulum/vendor/laravel/framework/src/Illuminate/Database/Query/Builder.php(3456): Illuminate/Database/Query/Builder->Illuminate/Database/Query/{closure}()
#5 C:/laragon/www/kurikulum/vendor/laravel/framework/src/Illuminate/Database/Query/Builder.php(2901): Illuminate/Database/Query/Builder->onceWithColumns(Array, Object(Closure))
#6 C:/laragon/www/kurikulum/vendor/laravel/framework/src/Illuminate/Database/Query/Builder.php(3066): Illuminate/Database/Query/Builder->get()
#7 C:/laragon/www/kurikulum/vendor/laravel/framework/src/Illuminate/Database/Query/Builder.php(3025): Illuminate/Database/Query/Builder->runPaginationCountQuery(Array)
#8 C:/laragon/www/kurikulum/vendor/laravel/framework/src/Illuminate/Database/Eloquent/Builder.php(923): Illuminate/Database/Query/Builder->getCountForPagination()
#9 C:/laragon/www/kurikulum/app/Http/Controllers/Crud/BaseCrudController.php(96): Illuminate/Database/Eloquent/Builder->paginate(10)
#10 C:/laragon/www/kurikulum/vendor/laravel/framework/src/Illuminate/Routing/Controller.php(54): App/Http/Controllers/Crud/BaseCrudController->index(Object(Illuminate/Http/Request))
#11 C:/laragon/www/kurikulum/vendor/laravel/framework/src/Illuminate/Routing/ControllerDispatcher.php(43): Illuminate/Routing/Controller->callAction('index', Array)
#12 C:/laragon/www/kurikulum/vendor/laravel/framework/src/Illuminate/Routing/Route.php(259): Illuminate/Routing/ControllerDispatcher->dispatch(Object(Illuminate/Routing/Route), Object(App/Http/Controllers/Setting/KelasController), 'index')
#13 C:/laragon/www/kurikulum/vendor/laravel/framework/src/Illuminate/Routing/Route.php(205): Illuminate/Routing/Route->runController()
#14 C:/laragon/www/kurikulum/vendor/laravel/framework/src/Illuminate/Routing/Router.php(806): Illuminate/Routing/Route->run()
#15 C:/laragon/www/kurikulum/vendor/laravel/framework/src/Illuminate/Pipeline/Pipeline.php(144): Illuminate/Routing/Router->Illuminate/Routing/{closure}(Object(Illuminate/Http/Request))
#16 C:/laragon/www/kurikulum/app/Http/Middleware/EnsureUserHasRole.php(23): Illuminate/Pipeline/Pipeline->Illuminate/Pipeline/{closure}(Object(Illuminate/Http/Request))
#17 C:/laragon/www/kurikulum/vendor/laravel/framework/src/Illuminate/Pipeline/Pipeline.php(183): App/Http/Middleware/EnsureUserHasRole->handle(Object(Illuminate/Http/Request), Object(Closure), 'admin')
#18 C:/laragon/www/kurikulum/vendor/laravel/framework/src/Illuminate/Routing/Middleware/SubstituteBindings.php(50): Illuminate/Pipeline/Pipeline->Illuminate/Pipeline/{closure}(Object(Illuminate/Http/Request))
#19 C:/laragon/www/kurikulum/vendor/laravel/framework/src/Illuminate/Pipeline/Pipeline.php(183): Illuminate/Routing/Middleware/SubstituteBindings->handle(Object(Illuminate/Http/Request), Object(Closure))
#20 C:/laragon/www/kurikulum/vendor/laravel/framework/src/Illuminate/Auth/Middleware/Authenticate.php(57): Illuminate/Pipeline/Pipeline->Illuminate/Pipeline/{closure}(Object(Illuminate/Http/Request))
#21 C:/laragon/www/kurikulum/vendor/laravel/framework/src/Illuminate/Pipeline/Pipeline.php(183): Illuminate/Auth/Middleware/Authenticate->handle(Object(Illuminate/Http/Request), Object(Closure))
#22 C:/laragon/www/kurikulum/vendor/laravel/framework/src/Illuminate/Foundation/Http/Middleware/VerifyCsrfToken.php(78): Illuminate/Pipeline/Pipeline->Illuminate/Pipeline/{closure}(Object(Illuminate/Http/Request))
#23 C:/laragon/www/kurikulum/vendor/laravel/framework/src/Illuminate/Pipeline/Pipeline.php(183): Illuminate/Foundation/Http/Middleware/VerifyCsrfToken->handle(Object(Illuminate/Http/Request), Object(Closure))
#24 C:/laragon/www/kurikulum/vendor/laravel/framework/src/Illuminate/View/Middleware/ShareErrorsFromSession.php(49): Illuminate/Pipeline/Pipeline->Illuminate/Pipeline/{closure}(Object(Illuminate/Http/Request))
#25 C:/laragon/www/kurikulum/vendor/laravel/framework/src/Illuminate/Pipeline/Pipeline.php(183): Illuminate/View/Middleware/ShareErrorsFromSession->handle(Object(Illuminate/Http/Request), Object(Closure))
#26 C:/laragon/www/kurikulum/vendor/laravel/framework/src/Illuminate/Session/Middleware/StartSession.php(121): Illuminate/Pipeline/Pipeline->Illuminate/Pipeline/{closure}(Object(Illuminate/Http/Request))
#27 C:/laragon/www/kurikulum/vendor/laravel/framework/src/Illuminate/Session/Middleware/StartSession.php(64): Illuminate/Session/Middleware/StartSession->handleStatefulRequest(Object(Illuminate/Http/Request), Object(Illuminate/Session/Store), Object(Closure))
#28 C:/laragon/www/kurikulum/vendor/laravel/framework/src/Illuminate/Pipeline/Pipeline.php(183): Illuminate/Session/Middleware/StartSession->handle(Object(Illuminate/Http/Request), Object(Closure))
#29 C:/laragon/www/kurikulum/vendor/laravel/framework/src/Illuminate/Cookie/Middleware/AddQueuedCookiesToResponse.php(37): Illuminate/Pipeline/Pipeline->Illuminate/Pipeline/{closure}(Object(Illuminate/Http/Request))
#30 C:/laragon/www/kurikulum/vendor/laravel/framework/src/Illuminate/Pipeline/Pipeline.php(183): Illuminate/Cookie/Middleware/AddQueuedCookiesToResponse->handle(Object(Illuminate/Http/Request), Object(Closure))
#31 C:/laragon/www/kurikulum/vendor/laravel/framework/src/Illuminate/Cookie/Middleware/EncryptCookies.php(67): Illuminate/Pipeline/Pipeline->Illuminate/Pipeline/{closure}(Object(Illuminate/Http/Request))
#32 C:/laragon/www/kurikulum/vendor/laravel/framework/src/Illuminate/Pipeline/Pipeline.php(183): Illuminate/Cookie/Middleware/EncryptCookies->handle(Object(Illuminate/Http/Request), Object(Closure))
#33 C:/laragon/www/kurikulum/vendor/laravel/framework/src/Illuminate/Pipeline/Pipeline.php(119): Illuminate/Pipeline/Pipeline->Illuminate/Pipeline/{closure}(Object(Illuminate/Http/Request))
#34 C:/laragon/www/kurikulum/vendor/laravel/framework/src/Illuminate/Routing/Router.php(805): Illuminate/Pipeline/Pipeline->then(Object(Closure))
#35 C:/laragon/www/kurikulum/vendor/laravel/framework/src/Illuminate/Routing/Router.php(784): Illuminate/Routing/Router->runRouteWithinStack(Object(Illuminate/Routing/Route), Object(Illuminate/Http/Request))
#36 C:/laragon/www/kurikulum/vendor/laravel/framework/src/Illuminate/Routing/Router.php(748): Illuminate/Routing/Router->runRoute(Object(Illuminate/Http/Request), Object(Illuminate/Routing/Route))
#37 C:/laragon/www/kurikulum/vendor/laravel/framework/src/Illuminate/Routing/Router.php(737): Illuminate/Routing/Router->dispatchToRoute(Object(Illuminate/Http/Request))
#38 C:/laragon/www/kurikulum/vendor/laravel/framework/src/Illuminate/Foundation/Http/Kernel.php(200): Illuminate/Routing/Router->dispatch(Object(Illuminate/Http/Request))
#39 C:/laragon/www/kurikulum/vendor/laravel/framework/src/Illuminate/Pipeline/Pipeline.php(144): Illuminate/Foundation/Http/Kernel->Illuminate/Foundation/Http/{closure}(Object(Illuminate/Http/Request))
#40 C:/laragon/www/kurikulum/vendor/laravel/framework/src/Illuminate/Foundation/Http/Middleware/TransformsRequest.php(21): Illuminate/Pipeline/Pipeline->Illuminate/Pipeline/{closure}(Object(Illuminate/Http/Request))
#41 C:/laragon/www/kurikulum/vendor/laravel/framework/src/Illuminate/Foundation/Http/Middleware/ConvertEmptyStringsToNull.php(31): Illuminate/Foundation/Http/Middleware/TransformsRequest->handle(Object(Illuminate/Http/Request), Object(Closure))
#42 C:/laragon/www/kurikulum/vendor/laravel/framework/src/Illuminate/Pipeline/Pipeline.php(183): Illuminate/Foundation/Http/Middleware/ConvertEmptyStringsToNull->handle(Object(Illuminate/Http/Request), Object(Closure))
#43 C:/laragon/www/kurikulum/vendor/laravel/framework/src/Illuminate/Foundation/Http/Middleware/TransformsRequest.php(21): Illuminate/Pipeline/Pipeline->Illuminate/Pipeline/{closure}(Object(Illuminate/Http/Request))
#44 C:/laragon/www/kurikulum/vendor/laravel/framework/src/Illuminate/Foundation/Http/Middleware/TrimStrings.php(40): Illuminate/Foundation/Http/Middleware/TransformsRequest->handle(Object(Illuminate/Http/Request), Object(Closure))
#45 C:/laragon/www/kurikulum/vendor/laravel/framework/src/Illuminate/Pipeline/Pipeline.php(183): Illuminate/Foundation/Http/Middleware/TrimStrings->handle(Object(Illuminate/Http/Request), Object(Closure))
#46 C:/laragon/www/kurikulum/vendor/laravel/framework/src/Illuminate/Foundation/Http/Middleware/ValidatePostSize.php(27): Illuminate/Pipeline/Pipeline->Illuminate/Pipeline/{closure}(Object(Illuminate/Http/Request))
#47 C:/laragon/www/kurikulum/vendor/laravel/framework/src/Illuminate/Pipeline/Pipeline.php(183): Illuminate/Foundation/Http/Middleware/ValidatePostSize->handle(Object(Illuminate/Http/Request), Object(Closure))
#48 C:/laragon/www/kurikulum/vendor/laravel/framework/src/Illuminate/Foundation/Http/Middleware/PreventRequestsDuringMaintenance.php(99): Illuminate/Pipeline/Pipeline->Illuminate/Pipeline/{closure}(Object(Illuminate/Http/Request))
#49 C:/laragon/www/kurikulum/vendor/laravel/framework/src/Illuminate/Pipeline/Pipeline.php(183): Illuminate/Foundation/Http/Middleware/PreventRequestsDuringMaintenance->handle(Object(Illuminate/Http/Request), Object(Closure))
#50 C:/laragon/www/kurikulum/vendor/laravel/framework/src/Illuminate/Http/Middleware/HandleCors.php(49): Illuminate/Pipeline/Pipeline->Illuminate/Pipeline/{closure}(Object(Illuminate/Http/Request))
#51 C:/laragon/www/kurikulum/vendor/laravel/framework/src/Illuminate/Pipeline/Pipeline.php(183): Illuminate/Http/Middleware/HandleCors->handle(Object(Illuminate/Http/Request), Object(Closure))
#52 C:/laragon/www/kurikulum/vendor/laravel/framework/src/Illuminate/Http/Middleware/TrustProxies.php(39): Illuminate/Pipeline/Pipeline->Illuminate/Pipeline/{closure}(Object(Illuminate/Http/Request))
#53 C:/laragon/www/kurikulum/vendor/laravel/framework/src/Illuminate/Pipeline/Pipeline.php(183): Illuminate/Http/Middleware/TrustProxies->handle(Object(Illuminate/Http/Request), Object(Closure))
#54 C:/laragon/www/kurikulum/vendor/laravel/framework/src/Illuminate/Pipeline/Pipeline.php(119): Illuminate/Pipeline/Pipeline->Illuminate/Pipeline/{closure}(Object(Illuminate/Http/Request))
#55 C:/laragon/www/kurikulum/vendor/laravel/framework/src/Illuminate/Foundation/Http/Kernel.php(175): Illuminate/Pipeline/Pipeline->then(Object(Closure))
#56 C:/laragon/www/kurikulum/vendor/laravel/framework/src/Illuminate/Foundation/Http/Kernel.php(144): Illuminate/Foundation/Http/Kernel->sendRequestThroughRouter(Object(Illuminate/Http/Request))
#57 C:/laragon/www/kurikulum/public/index.php(18): Illuminate/Foundation/Http/Kernel->handle(Object(Illuminate/Http/Request))
#58 C:/laragon/www/kurikulum/vendor/laravel/framework/src/Illuminate/Foundation/resources/server.php(16): require_once('C://laragon//www//...')
#59 {main}

[previous exception] [object] (PDOException(code: 42S02): SQLSTATE[42S02]: Base table or view not found: 1146 Table 'datacenter.kelas' doesn't exist at C:/laragon/www/kurikulum/vendor/laravel/framework/src/Illuminate/Database/Connection.php:423)
[stacktrace]
#0 C:/laragon/www/kurikulum/vendor/laravel/framework/src/Illuminate/Database/Connection.php(423): PDO->prepare('select count(*)...')
#1 C:/laragon/www/kurikulum/vendor/laravel/framework/src/Illuminate/Database/Connection.php(816): Illuminate/Database/Connection->Illuminate/Database/{closure}('select count(*)...', Array)
#2 C:/laragon/www/kurikulum/vendor/laravel/framework/src/Illuminate/Database/Connection.php(783): Illuminate/Database/Connection->runQueryCallback('select count(*)...', Array, Object(Closure))
#3 C:/laragon/www/kurikulum/vendor/laravel/framework/src/Illuminate/Database/Connection.php(414): Illuminate/Database/Connection->run('select count(*)...', Array, Object(Closure))
#4 C:/laragon/www/kurikulum/vendor/laravel/framework/src/Illuminate/Database/Query/Builder.php(2913): Illuminate/Database/Connection->select('select count(*)...', Array, true)
#5 C:/laragon/www/kurikulum/vendor/laravel/framework/src/Illuminate/Database/Query/Builder.php(2902): Illuminate/Database/Query/Builder->runSelect()
#6 C:/laragon/www/kurikulum/vendor/laravel/framework/src/Illuminate/Database/Query/Builder.php(3456): Illuminate/Database/Query/Builder->Illuminate/Database/Query/{closure}()
#7 C:/laragon/www/kurikulum/vendor/laravel/framework/src/Illuminate/Database/Query/Builder.php(2901): Illuminate/Database/Query/Builder->onceWithColumns(Array, Object(Closure))
#8 C:/laragon/www/kurikulum/vendor/laravel/framework/src/Illuminate/Database/Query/Builder.php(3066): Illuminate/Database/Query/Builder->get()
#9 C:/laragon/www/kurikulum/vendor/laravel/framework/src/Illuminate/Database/Query/Builder.php(3025): Illuminate/Database/Query/Builder->runPaginationCountQuery(Array)
#10 C:/laragon/www/kurikulum/vendor/laravel/framework/src/Illuminate/Database/Eloquent/Builder.php(923): Illuminate/Database/Query/Builder->getCountForPagination()
#11 C:/laragon/www/kurikulum/app/Http/Controllers/Crud/BaseCrudController.php(96): Illuminate/Database/Eloquent/Builder->paginate(10)
#12 C:/laragon/www/kurikulum/vendor/laravel/framework/src/Illuminate/Routing/Controller.php(54): App/Http/Controllers/Crud/BaseCrudController->index(Object(Illuminate/Http/Request))
#13 C:/laragon/www/kurikulum/vendor/laravel/framework/src/Illuminate/Routing/ControllerDispatcher.php(43): Illuminate/Routing/Controller->callAction('index', Array)
#14 C:/laragon/www/kurikulum/vendor/laravel/framework/src/Illuminate/Routing/Route.php(259): Illuminate/Routing/ControllerDispatcher->dispatch(Object(Illuminate/Routing/Route), Object(App/Http/Controllers/Setting/KelasController), 'index')
#15 C:/laragon/www/kurikulum/vendor/laravel/framework/src/Illuminate/Routing/Route.php(205): Illuminate/Routing/Route->runController()
#16 C:/laragon/www/kurikulum/vendor/laravel/framework/src/Illuminate/Routing/Router.php(806): Illuminate/Routing/Route->run()
#17 C:/laragon/www/kurikulum/vendor/laravel/framework/src/Illuminate/Pipeline/Pipeline.php(144): Illuminate/Routing/Router->Illuminate/Routing/{closure}(Object(Illuminate/Http/Request))
#18 C:/laragon/www/kurikulum/app/Http/Middleware/EnsureUserHasRole.php(23): Illuminate/Pipeline/Pipeline->Illuminate/Pipeline/{closure}(Object(Illuminate/Http/Request))
#19 C:/laragon/www/kurikulum/vendor/laravel/framework/src/Illuminate/Pipeline/Pipeline.php(183): App/Http/Middleware/EnsureUserHasRole->handle(Object(Illuminate/Http/Request), Object(Closure), 'admin')
#20 C:/laragon/www/kurikulum/vendor/laravel/framework/src/Illuminate/Routing/Middleware/SubstituteBindings.php(50): Illuminate/Pipeline/Pipeline->Illuminate/Pipeline/{closure}(Object(Illuminate/Http/Request))
#21 C:/laragon/www/kurikulum/vendor/laravel/framework/src/Illuminate/Pipeline/Pipeline.php(183): Illuminate/Routing/Middleware/SubstituteBindings->handle(Object(Illuminate/Http/Request), Object(Closure))
#22 C:/laragon/www/kurikulum/vendor/laravel/framework/src/Illuminate/Auth/Middleware/Authenticate.php(57): Illuminate/Pipeline/Pipeline->Illuminate/Pipeline/{closure}(Object(Illuminate/Http/Request))
#23 C:/laragon/www/kurikulum/vendor/laravel/framework/src/Illuminate/Pipeline/Pipeline.php(183): Illuminate/Auth/Middleware/Authenticate->handle(Object(Illuminate/Http/Request), Object(Closure))
#24 C:/laragon/www/kurikulum/vendor/laravel/framework/src/Illuminate/Foundation/Http/Middleware/VerifyCsrfToken.php(78): Illuminate/Pipeline/Pipeline->Illuminate/Pipeline/{closure}(Object(Illuminate/Http/Request))
#25 C:/laragon/www/kurikulum/vendor/laravel/framework/src/Illuminate/Pipeline/Pipeline.php(183): Illuminate/Foundation/Http/Middleware/VerifyCsrfToken->handle(Object(Illuminate/Http/Request), Object(Closure))
#26 C:/laragon/www/kurikulum/vendor/laravel/framework/src/Illuminate/View/Middleware/ShareErrorsFromSession.php(49): Illuminate/Pipeline/Pipeline->Illuminate/Pipeline/{closure}(Object(Illuminate/Http/Request))
#27 C:/laragon/www/kurikulum/vendor/laravel/framework/src/Illuminate/Pipeline/Pipeline.php(183): Illuminate/View/Middleware/ShareErrorsFromSession->handle(Object(Illuminate/Http/Request), Object(Closure))
#28 C:/laragon/www/kurikulum/vendor/laravel/framework/src/Illuminate/Session/Middleware/StartSession.php(121): Illuminate/Pipeline/Pipeline->Illuminate/Pipeline/{closure}(Object(Illuminate/Http/Request))
#29 C:/laragon/www/kurikulum/vendor/laravel/framework/src/Illuminate/Session/Middleware/StartSession.php(64): Illuminate/Session/Middleware/StartSession->handleStatefulRequest(Object(Illuminate/Http/Request), Object(Illuminate/Session/Store), Object(Closure))
#30 C:/laragon/www/kurikulum/vendor/laravel/framework/src/Illuminate/Pipeline/Pipeline.php(183): Illuminate/Session/Middleware/StartSession->handle(Object(Illuminate/Http/Request), Object(Closure))
#31 C:/laragon/www/kurikulum/vendor/laravel/framework/src/Illuminate/Cookie/Middleware/AddQueuedCookiesToResponse.php(37): Illuminate/Pipeline/Pipeline->Illuminate/Pipeline/{closure}(Object(Illuminate/Http/Request))
#32 C:/laragon/www/kurikulum/vendor/laravel/framework/src/Illuminate/Pipeline/Pipeline.php(183): Illuminate/Cookie/Middleware/AddQueuedCookiesToResponse->handle(Object(Illuminate/Http/Request), Object(Closure))
#33 C:/laragon/www/kurikulum/vendor/laravel/framework/src/Illuminate/Cookie/Middleware/EncryptCookies.php(67): Illuminate/Pipeline/Pipeline->Illuminate/Pipeline/{closure}(Object(Illuminate/Http/Request))
#34 C:/laragon/www/kurikulum/vendor/laravel/framework/src/Illuminate/Pipeline/Pipeline.php(183): Illuminate/Cookie/Middleware/EncryptCookies->handle(Object(Illuminate/Http/Request), Object(Closure))
#35 C:/laragon/www/kurikulum/vendor/laravel/framework/src/Illuminate/Pipeline/Pipeline.php(119): Illuminate/Pipeline/Pipeline->Illuminate/Pipeline/{closure}(Object(Illuminate/Http/Request))
#36 C:/laragon/www/kurikulum/vendor/laravel/framework/src/Illuminate/Routing/Router.php(805): Illuminate/Pipeline/Pipeline->then(Object(Closure))
#37 C:/laragon/www/kurikulum/vendor/laravel/framework/src/Illuminate/Routing/Router.php(784): Illuminate/Routing/Router->runRouteWithinStack(Object(Illuminate/Routing/Route), Object(Illuminate/Http/Request))
#38 C:/laragon/www/kurikulum/vendor/laravel/framework/src/Illuminate/Routing/Router.php(748): Illuminate/Routing/Router->runRoute(Object(Illuminate/Http/Request), Object(Illuminate/Routing/Route))
#39 C:/laragon/www/kurikulum/vendor/laravel/framework/src/Illuminate/Routing/Router.php(737): Illuminate/Routing/Router->dispatchToRoute(Object(Illuminate/Http/Request))
#40 C:/laragon/www/kurikulum/vendor/laravel/framework/src/Illuminate/Foundation/Http/Kernel.php(200): Illuminate/Routing/Router->dispatch(Object(Illuminate/Http/Request))
#41 C:/laragon/www/kurikulum/vendor/laravel/framework/src/Illuminate/Pipeline/Pipeline.php(144): Illuminate/Foundation/Http/Kernel->Illuminate/Foundation/Http/{closure}(Object(Illuminate/Http/Request))
#42 C:/laragon/www/kurikulum/vendor/laravel/framework/src/Illuminate/Foundation/Http/Middleware/TransformsRequest.php(21): Illuminate/Pipeline/Pipeline->Illuminate/Pipeline/{closure}(Object(Illuminate/Http/Request))
#43 C:/laragon/www/kurikulum/vendor/laravel/framework/src/Illuminate/Foundation/Http/Middleware/ConvertEmptyStringsToNull.php(31): Illuminate/Foundation/Http/Middleware/TransformsRequest->handle(Object(Illuminate/Http/Request), Object(Closure))
#44 C:/laragon/www/kurikulum/vendor/laravel/framework/src/Illuminate/Pipeline/Pipeline.php(183): Illuminate/Foundation/Http/Middleware/ConvertEmptyStringsToNull->handle(Object(Illuminate/Http/Request), Object(Closure))
#45 C:/laragon/www/kurikulum/vendor/laravel/framework/src/Illuminate/Foundation/Http/Middleware/TransformsRequest.php(21): Illuminate/Pipeline/Pipeline->Illuminate/Pipeline/{closure}(Object(Illuminate/Http/Request))
#46 C:/laragon/www/kurikulum/vendor/laravel/framework/src/Illuminate/Foundation/Http/Middleware/TrimStrings.php(40): Illuminate/Foundation/Http/Middleware/TransformsRequest->handle(Object(Illuminate/Http/Request), Object(Closure))
#47 C:/laragon/www/kurikulum/vendor/laravel/framework/src/Illuminate/Pipeline/Pipeline.php(183): Illuminate/Foundation/Http/Middleware/TrimStrings->handle(Object(Illuminate/Http/Request), Object(Closure))
#48 C:/laragon/www/kurikulum/vendor/laravel/framework/src/Illuminate/Foundation/Http/Middleware/ValidatePostSize.php(27): Illuminate/Pipeline/Pipeline->Illuminate/Pipeline/{closure}(Object(Illuminate/Http/Request))
#49 C:/laragon/www/kurikulum/vendor/laravel/framework/src/Illuminate/Pipeline/Pipeline.php(183): Illuminate/Foundation/Http/Middleware/ValidatePostSize->handle(Object(Illuminate/Http/Request), Object(Closure))
#50 C:/laragon/www/kurikulum/vendor/laravel/framework/src/Illuminate/Foundation/Http/Middleware/PreventRequestsDuringMaintenance.php(99): Illuminate/Pipeline/Pipeline->Illuminate/Pipeline/{closure}(Object(Illuminate/Http/Request))
#51 C:/laragon/www/kurikulum/vendor/laravel/framework/src/Illuminate/Pipeline/Pipeline.php(183): Illuminate/Foundation/Http/Middleware/PreventRequestsDuringMaintenance->handle(Object(Illuminate/Http/Request), Object(Closure))
#52 C:/laragon/www/kurikulum/vendor/laravel/framework/src/Illuminate/Http/Middleware/HandleCors.php(49): Illuminate/Pipeline/Pipeline->Illuminate/Pipeline/{closure}(Object(Illuminate/Http/Request))
#53 C:/laragon/www/kurikulum/vendor/laravel/framework/src/Illuminate/Pipeline/Pipeline.php(183): Illuminate/Http/Middleware/HandleCors->handle(Object(Illuminate/Http/Request), Object(Closure))
#54 C:/laragon/www/kurikulum/vendor/laravel/framework/src/Illuminate/Http/Middleware/TrustProxies.php(39): Illuminate/Pipeline/Pipeline->Illuminate/Pipeline/{closure}(Object(Illuminate/Http/Request))
#55 C:/laragon/www/kurikulum/vendor/laravel/framework/src/Illuminate/Pipeline/Pipeline.php(183): Illuminate/Http/Middleware/TrustProxies->handle(Object(Illuminate/Http/Request), Object(Closure))
#56 C:/laragon/www/kurikulum/vendor/laravel/framework/src/Illuminate/Pipeline/Pipeline.php(119): Illuminate/Pipeline/Pipeline->Illuminate/Pipeline/{closure}(Object(Illuminate/Http/Request))
#57 C:/laragon/www/kurikulum/vendor/laravel/framework/src/Illuminate/Foundation/Http/Kernel.php(175): Illuminate/Pipeline/Pipeline->then(Object(Closure))
#58 C:/laragon/www/kurikulum/vendor/laravel/framework/src/Illuminate/Foundation/Http/Kernel.php(144): Illuminate/Foundation/Http/Kernel->sendRequestThroughRouter(Object(Illuminate/Http/Request))
#59 C:/laragon/www/kurikulum/public/index.php(18): Illuminate/Foundation/Http/Kernel->handle(Object(Illuminate/Http/Request))
#60 C:/laragon/www/kurikulum/vendor/laravel/framework/src/Illuminate/Foundation/resources/server.php(16): require_once('C://laragon//www//...')
#61 {main}
"} 
[2026-07-14 07:35:10] local.ERROR: SQLSTATE[42S02]: Base table or view not found: 1146 Table 'datacenter.kelas' doesn't exist (Connection: datacenter, SQL: select count(*) as aggregate from `kelas`) {"userId":1,"exception":"[object] (Illuminate\\Database\\QueryException(code: 42S02): SQLSTATE[42S02]: Base table or view not found: 1146 Table 'datacenter.kelas' doesn't exist (Connection: datacenter, SQL: select count(*) as aggregate from `kelas`) at C:/laragon/www/kurikulum/vendor/laravel/framework/src/Illuminate/Database/Connection.php:829)
[stacktrace]
#0 C:/laragon/www/kurikulum/vendor/laravel/framework/src/Illuminate/Database/Connection.php(783): Illuminate/Database/Connection->runQueryCallback('select count(*)...', Array, Object(Closure))
#1 C:/laragon/www/kurikulum/vendor/laravel/framework/src/Illuminate/Database/Connection.php(414): Illuminate/Database/Connection->run('select count(*)...', Array, Object(Closure))
#2 C:/laragon/www/kurikulum/vendor/laravel/framework/src/Illuminate/Database/Query/Builder.php(2913): Illuminate/Database/Connection->select('select count(*)...', Array, true)
#3 C:/laragon/www/kurikulum/vendor/laravel/framework/src/Illuminate/Database/Query/Builder.php(2902): Illuminate/Database/Query/Builder->runSelect()
#4 C:/laragon/www/kurikulum/vendor/laravel/framework/src/Illuminate/Database/Query/Builder.php(3456): Illuminate/Database/Query/Builder->Illuminate/Database/Query/{closure}()
#5 C:/laragon/www/kurikulum/vendor/laravel/framework/src/Illuminate/Database/Query/Builder.php(2901): Illuminate/Database/Query/Builder->onceWithColumns(Array, Object(Closure))
#6 C:/laragon/www/kurikulum/vendor/laravel/framework/src/Illuminate/Database/Query/Builder.php(3066): Illuminate/Database/Query/Builder->get()
#7 C:/laragon/www/kurikulum/vendor/laravel/framework/src/Illuminate/Database/Query/Builder.php(3025): Illuminate/Database/Query/Builder->runPaginationCountQuery(Array)
#8 C:/laragon/www/kurikulum/vendor/laravel/framework/src/Illuminate/Database/Eloquent/Builder.php(923): Illuminate/Database/Query/Builder->getCountForPagination()
#9 C:/laragon/www/kurikulum/app/Http/Controllers/Crud/BaseCrudController.php(96): Illuminate/Database/Eloquent/Builder->paginate(10)
#10 C:/laragon/www/kurikulum/vendor/laravel/framework/src/Illuminate/Routing/Controller.php(54): App/Http/Controllers/Crud/BaseCrudController->index(Object(Illuminate/Http/Request))
#11 C:/laragon/www/kurikulum/vendor/laravel/framework/src/Illuminate/Routing/ControllerDispatcher.php(43): Illuminate/Routing/Controller->callAction('index', Array)
#12 C:/laragon/www/kurikulum/vendor/laravel/framework/src/Illuminate/Routing/Route.php(259): Illuminate/Routing/ControllerDispatcher->dispatch(Object(Illuminate/Routing/Route), Object(App/Http/Controllers/Setting/KelasController), 'index')
#13 C:/laragon/www/kurikulum/vendor/laravel/framework/src/Illuminate/Routing/Route.php(205): Illuminate/Routing/Route->runController()
#14 C:/laragon/www/kurikulum/vendor/laravel/framework/src/Illuminate/Routing/Router.php(806): Illuminate/Routing/Route->run()
#15 C:/laragon/www/kurikulum/vendor/laravel/framework/src/Illuminate/Pipeline/Pipeline.php(144): Illuminate/Routing/Router->Illuminate/Routing/{closure}(Object(Illuminate/Http/Request))
#16 C:/laragon/www/kurikulum/app/Http/Middleware/EnsureUserHasRole.php(23): Illuminate/Pipeline/Pipeline->Illuminate/Pipeline/{closure}(Object(Illuminate/Http/Request))
#17 C:/laragon/www/kurikulum/vendor/laravel/framework/src/Illuminate/Pipeline/Pipeline.php(183): App/Http/Middleware/EnsureUserHasRole->handle(Object(Illuminate/Http/Request), Object(Closure), 'admin')
#18 C:/laragon/www/kurikulum/vendor/laravel/framework/src/Illuminate/Routing/Middleware/SubstituteBindings.php(50): Illuminate/Pipeline/Pipeline->Illuminate/Pipeline/{closure}(Object(Illuminate/Http/Request))
#19 C:/laragon/www/kurikulum/vendor/laravel/framework/src/Illuminate/Pipeline/Pipeline.php(183): Illuminate/Routing/Middleware/SubstituteBindings->handle(Object(Illuminate/Http/Request), Object(Closure))
#20 C:/laragon/www/kurikulum/vendor/laravel/framework/src/Illuminate/Auth/Middleware/Authenticate.php(57): Illuminate/Pipeline/Pipeline->Illuminate/Pipeline/{closure}(Object(Illuminate/Http/Request))
#21 C:/laragon/www/kurikulum/vendor/laravel/framework/src/Illuminate/Pipeline/Pipeline.php(183): Illuminate/Auth/Middleware/Authenticate->handle(Object(Illuminate/Http/Request), Object(Closure))
#22 C:/laragon/www/kurikulum/vendor/laravel/framework/src/Illuminate/Foundation/Http/Middleware/VerifyCsrfToken.php(78): Illuminate/Pipeline/Pipeline->Illuminate/Pipeline/{closure}(Object(Illuminate/Http/Request))
#23 C:/laragon/www/kurikulum/vendor/laravel/framework/src/Illuminate/Pipeline/Pipeline.php(183): Illuminate/Foundation/Http/Middleware/VerifyCsrfToken->handle(Object(Illuminate/Http/Request), Object(Closure))
#24 C:/laragon/www/kurikulum/vendor/laravel/framework/src/Illuminate/View/Middleware/ShareErrorsFromSession.php(49): Illuminate/Pipeline/Pipeline->Illuminate/Pipeline/{closure}(Object(Illuminate/Http/Request))
#25 C:/laragon/www/kurikulum/vendor/laravel/framework/src/Illuminate/Pipeline/Pipeline.php(183): Illuminate/View/Middleware/ShareErrorsFromSession->handle(Object(Illuminate/Http/Request), Object(Closure))
#26 C:/laragon/www/kurikulum/vendor/laravel/framework/src/Illuminate/Session/Middleware/StartSession.php(121): Illuminate/Pipeline/Pipeline->Illuminate/Pipeline/{closure}(Object(Illuminate/Http/Request))
#27 C:/laragon/www/kurikulum/vendor/laravel/framework/src/Illuminate/Session/Middleware/StartSession.php(64): Illuminate/Session/Middleware/StartSession->handleStatefulRequest(Object(Illuminate/Http/Request), Object(Illuminate/Session/Store), Object(Closure))
#28 C:/laragon/www/kurikulum/vendor/laravel/framework/src/Illuminate/Pipeline/Pipeline.php(183): Illuminate/Session/Middleware/StartSession->handle(Object(Illuminate/Http/Request), Object(Closure))
#29 C:/laragon/www/kurikulum/vendor/laravel/framework/src/Illuminate/Cookie/Middleware/AddQueuedCookiesToResponse.php(37): Illuminate/Pipeline/Pipeline->Illuminate/Pipeline/{closure}(Object(Illuminate/Http/Request))
#30 C:/laragon/www/kurikulum/vendor/laravel/framework/src/Illuminate/Pipeline/Pipeline.php(183): Illuminate/Cookie/Middleware/AddQueuedCookiesToResponse->handle(Object(Illuminate/Http/Request), Object(Closure))
#31 C:/laragon/www/kurikulum/vendor/laravel/framework/src/Illuminate/Cookie/Middleware/EncryptCookies.php(67): Illuminate/Pipeline/Pipeline->Illuminate/Pipeline/{closure}(Object(Illuminate/Http/Request))
#32 C:/laragon/www/kurikulum/vendor/laravel/framework/src/Illuminate/Pipeline/Pipeline.php(183): Illuminate/Cookie/Middleware/EncryptCookies->handle(Object(Illuminate/Http/Request), Object(Closure))
#33 C:/laragon/www/kurikulum/vendor/laravel/framework/src/Illuminate/Pipeline/Pipeline.php(119): Illuminate/Pipeline/Pipeline->Illuminate/Pipeline/{closure}(Object(Illuminate/Http/Request))
#34 C:/laragon/www/kurikulum/vendor/laravel/framework/src/Illuminate/Routing/Router.php(805): Illuminate/Pipeline/Pipeline->then(Object(Closure))
#35 C:/laragon/www/kurikulum/vendor/laravel/framework/src/Illuminate/Routing/Router.php(784): Illuminate/Routing/Router->runRouteWithinStack(Object(Illuminate/Routing/Route), Object(Illuminate/Http/Request))
#36 C:/laragon/www/kurikulum/vendor/laravel/framework/src/Illuminate/Routing/Router.php(748): Illuminate/Routing/Router->runRoute(Object(Illuminate/Http/Request), Object(Illuminate/Routing/Route))
#37 C:/laragon/www/kurikulum/vendor/laravel/framework/src/Illuminate/Routing/Router.php(737): Illuminate/Routing/Router->dispatchToRoute(Object(Illuminate/Http/Request))
#38 C:/laragon/www/kurikulum/vendor/laravel/framework/src/Illuminate/Foundation/Http/Kernel.php(200): Illuminate/Routing/Router->dispatch(Object(Illuminate/Http/Request))
#39 C:/laragon/www/kurikulum/vendor/laravel/framework/src/Illuminate/Pipeline/Pipeline.php(144): Illuminate/Foundation/Http/Kernel->Illuminate/Foundation/Http/{closure}(Object(Illuminate/Http/Request))
#40 C:/laragon/www/kurikulum/vendor/laravel/framework/src/Illuminate/Foundation/Http/Middleware/TransformsRequest.php(21): Illuminate/Pipeline/Pipeline->Illuminate/Pipeline/{closure}(Object(Illuminate/Http/Request))
#41 C:/laragon/www/kurikulum/vendor/laravel/framework/src/Illuminate/Foundation/Http/Middleware/ConvertEmptyStringsToNull.php(31): Illuminate/Foundation/Http/Middleware/TransformsRequest->handle(Object(Illuminate/Http/Request), Object(Closure))
#42 C:/laragon/www/kurikulum/vendor/laravel/framework/src/Illuminate/Pipeline/Pipeline.php(183): Illuminate/Foundation/Http/Middleware/ConvertEmptyStringsToNull->handle(Object(Illuminate/Http/Request), Object(Closure))
#43 C:/laragon/www/kurikulum/vendor/laravel/framework/src/Illuminate/Foundation/Http/Middleware/TransformsRequest.php(21): Illuminate/Pipeline/Pipeline->Illuminate/Pipeline/{closure}(Object(Illuminate/Http/Request))
#44 C:/laragon/www/kurikulum/vendor/laravel/framework/src/Illuminate/Foundation/Http/Middleware/TrimStrings.php(40): Illuminate/Foundation/Http/Middleware/TransformsRequest->handle(Object(Illuminate/Http/Request), Object(Closure))
#45 C:/laragon/www/kurikulum/vendor/laravel/framework/src/Illuminate/Pipeline/Pipeline.php(183): Illuminate/Foundation/Http/Middleware/TrimStrings->handle(Object(Illuminate/Http/Request), Object(Closure))
#46 C:/laragon/www/kurikulum/vendor/laravel/framework/src/Illuminate/Foundation/Http/Middleware/ValidatePostSize.php(27): Illuminate/Pipeline/Pipeline->Illuminate/Pipeline/{closure}(Object(Illuminate/Http/Request))
#47 C:/laragon/www/kurikulum/vendor/laravel/framework/src/Illuminate/Pipeline/Pipeline.php(183): Illuminate/Foundation/Http/Middleware/ValidatePostSize->handle(Object(Illuminate/Http/Request), Object(Closure))
#48 C:/laragon/www/kurikulum/vendor/laravel/framework/src/Illuminate/Foundation/Http/Middleware/PreventRequestsDuringMaintenance.php(99): Illuminate/Pipeline/Pipeline->Illuminate/Pipeline/{closure}(Object(Illuminate/Http/Request))
#49 C:/laragon/www/kurikulum/vendor/laravel/framework/src/Illuminate/Pipeline/Pipeline.php(183): Illuminate/Foundation/Http/Middleware/PreventRequestsDuringMaintenance->handle(Object(Illuminate/Http/Request), Object(Closure))
#50 C:/laragon/www/kurikulum/vendor/laravel/framework/src/Illuminate/Http/Middleware/HandleCors.php(49): Illuminate/Pipeline/Pipeline->Illuminate/Pipeline/{closure}(Object(Illuminate/Http/Request))
#51 C:/laragon/www/kurikulum/vendor/laravel/framework/src/Illuminate/Pipeline/Pipeline.php(183): Illuminate/Http/Middleware/HandleCors->handle(Object(Illuminate/Http/Request), Object(Closure))
#52 C:/laragon/www/kurikulum/vendor/laravel/framework/src/Illuminate/Http/Middleware/TrustProxies.php(39): Illuminate/Pipeline/Pipeline->Illuminate/Pipeline/{closure}(Object(Illuminate/Http/Request))
#53 C:/laragon/www/kurikulum/vendor/laravel/framework/src/Illuminate/Pipeline/Pipeline.php(183): Illuminate/Http/Middleware/TrustProxies->handle(Object(Illuminate/Http/Request), Object(Closure))
#54 C:/laragon/www/kurikulum/vendor/laravel/framework/src/Illuminate/Pipeline/Pipeline.php(119): Illuminate/Pipeline/Pipeline->Illuminate/Pipeline/{closure}(Object(Illuminate/Http/Request))
#55 C:/laragon/www/kurikulum/vendor/laravel/framework/src/Illuminate/Foundation/Http/Kernel.php(175): Illuminate/Pipeline/Pipeline->then(Object(Closure))
#56 C:/laragon/www/kurikulum/vendor/laravel/framework/src/Illuminate/Foundation/Http/Kernel.php(144): Illuminate/Foundation/Http/Kernel->sendRequestThroughRouter(Object(Illuminate/Http/Request))
#57 C:/laragon/www/kurikulum/public/index.php(18): Illuminate/Foundation/Http/Kernel->handle(Object(Illuminate/Http/Request))
#58 C:/laragon/www/kurikulum/vendor/laravel/framework/src/Illuminate/Foundation/resources/server.php(16): require_once('C://laragon//www//...')
#59 {main}

[previous exception] [object] (PDOException(code: 42S02): SQLSTATE[42S02]: Base table or view not found: 1146 Table 'datacenter.kelas' doesn't exist at C:/laragon/www/kurikulum/vendor/laravel/framework/src/Illuminate/Database/Connection.php:423)
[stacktrace]
#0 C:/laragon/www/kurikulum/vendor/laravel/framework/src/Illuminate/Database/Connection.php(423): PDO->prepare('select count(*)...')
#1 C:/laragon/www/kurikulum/vendor/laravel/framework/src/Illuminate/Database/Connection.php(816): Illuminate/Database/Connection->Illuminate/Database/{closure}('select count(*)...', Array)
#2 C:/laragon/www/kurikulum/vendor/laravel/framework/src/Illuminate/Database/Connection.php(783): Illuminate/Database/Connection->runQueryCallback('select count(*)...', Array, Object(Closure))
#3 C:/laragon/www/kurikulum/vendor/laravel/framework/src/Illuminate/Database/Connection.php(414): Illuminate/Database/Connection->run('select count(*)...', Array, Object(Closure))
#4 C:/laragon/www/kurikulum/vendor/laravel/framework/src/Illuminate/Database/Query/Builder.php(2913): Illuminate/Database/Connection->select('select count(*)...', Array, true)
#5 C:/laragon/www/kurikulum/vendor/laravel/framework/src/Illuminate/Database/Query/Builder.php(2902): Illuminate/Database/Query/Builder->runSelect()
#6 C:/laragon/www/kurikulum/vendor/laravel/framework/src/Illuminate/Database/Query/Builder.php(3456): Illuminate/Database/Query/Builder->Illuminate/Database/Query/{closure}()
#7 C:/laragon/www/kurikulum/vendor/laravel/framework/src/Illuminate/Database/Query/Builder.php(2901): Illuminate/Database/Query/Builder->onceWithColumns(Array, Object(Closure))
#8 C:/laragon/www/kurikulum/vendor/laravel/framework/src/Illuminate/Database/Query/Builder.php(3066): Illuminate/Database/Query/Builder->get()
#9 C:/laragon/www/kurikulum/vendor/laravel/framework/src/Illuminate/Database/Query/Builder.php(3025): Illuminate/Database/Query/Builder->runPaginationCountQuery(Array)
#10 C:/laragon/www/kurikulum/vendor/laravel/framework/src/Illuminate/Database/Eloquent/Builder.php(923): Illuminate/Database/Query/Builder->getCountForPagination()
#11 C:/laragon/www/kurikulum/app/Http/Controllers/Crud/BaseCrudController.php(96): Illuminate/Database/Eloquent/Builder->paginate(10)
#12 C:/laragon/www/kurikulum/vendor/laravel/framework/src/Illuminate/Routing/Controller.php(54): App/Http/Controllers/Crud/BaseCrudController->index(Object(Illuminate/Http/Request))
#13 C:/laragon/www/kurikulum/vendor/laravel/framework/src/Illuminate/Routing/ControllerDispatcher.php(43): Illuminate/Routing/Controller->callAction('index', Array)
#14 C:/laragon/www/kurikulum/vendor/laravel/framework/src/Illuminate/Routing/Route.php(259): Illuminate/Routing/ControllerDispatcher->dispatch(Object(Illuminate/Routing/Route), Object(App/Http/Controllers/Setting/KelasController), 'index')
#15 C:/laragon/www/kurikulum/vendor/laravel/framework/src/Illuminate/Routing/Route.php(205): Illuminate/Routing/Route->runController()
#16 C:/laragon/www/kurikulum/vendor/laravel/framework/src/Illuminate/Routing/Router.php(806): Illuminate/Routing/Route->run()
#17 C:/laragon/www/kurikulum/vendor/laravel/framework/src/Illuminate/Pipeline/Pipeline.php(144): Illuminate/Routing/Router->Illuminate/Routing/{closure}(Object(Illuminate/Http/Request))
#18 C:/laragon/www/kurikulum/app/Http/Middleware/EnsureUserHasRole.php(23): Illuminate/Pipeline/Pipeline->Illuminate/Pipeline/{closure}(Object(Illuminate/Http/Request))
#19 C:/laragon/www/kurikulum/vendor/laravel/framework/src/Illuminate/Pipeline/Pipeline.php(183): App/Http/Middleware/EnsureUserHasRole->handle(Object(Illuminate/Http/Request), Object(Closure), 'admin')
#20 C:/laragon/www/kurikulum/vendor/laravel/framework/src/Illuminate/Routing/Middleware/SubstituteBindings.php(50): Illuminate/Pipeline/Pipeline->Illuminate/Pipeline/{closure}(Object(Illuminate/Http/Request))
#21 C:/laragon/www/kurikulum/vendor/laravel/framework/src/Illuminate/Pipeline/Pipeline.php(183): Illuminate/Routing/Middleware/SubstituteBindings->handle(Object(Illuminate/Http/Request), Object(Closure))
#22 C:/laragon/www/kurikulum/vendor/laravel/framework/src/Illuminate/Auth/Middleware/Authenticate.php(57): Illuminate/Pipeline/Pipeline->Illuminate/Pipeline/{closure}(Object(Illuminate/Http/Request))
#23 C:/laragon/www/kurikulum/vendor/laravel/framework/src/Illuminate/Pipeline/Pipeline.php(183): Illuminate/Auth/Middleware/Authenticate->handle(Object(Illuminate/Http/Request), Object(Closure))
#24 C:/laragon/www/kurikulum/vendor/laravel/framework/src/Illuminate/Foundation/Http/Middleware/VerifyCsrfToken.php(78): Illuminate/Pipeline/Pipeline->Illuminate/Pipeline/{closure}(Object(Illuminate/Http/Request))
#25 C:/laragon/www/kurikulum/vendor/laravel/framework/src/Illuminate/Pipeline/Pipeline.php(183): Illuminate/Foundation/Http/Middleware/VerifyCsrfToken->handle(Object(Illuminate/Http/Request), Object(Closure))
#26 C:/laragon/www/kurikulum/vendor/laravel/framework/src/Illuminate/View/Middleware/ShareErrorsFromSession.php(49): Illuminate/Pipeline/Pipeline->Illuminate/Pipeline/{closure}(Object(Illuminate/Http/Request))
#27 C:/laragon/www/kurikulum/vendor/laravel/framework/src/Illuminate/Pipeline/Pipeline.php(183): Illuminate/View/Middleware/ShareErrorsFromSession->handle(Object(Illuminate/Http/Request), Object(Closure))
#28 C:/laragon/www/kurikulum/vendor/laravel/framework/src/Illuminate/Session/Middleware/StartSession.php(121): Illuminate/Pipeline/Pipeline->Illuminate/Pipeline/{closure}(Object(Illuminate/Http/Request))
#29 C:/laragon/www/kurikulum/vendor/laravel/framework/src/Illuminate/Session/Middleware/StartSession.php(64): Illuminate/Session/Middleware/StartSession->handleStatefulRequest(Object(Illuminate/Http/Request), Object(Illuminate/Session/Store), Object(Closure))
#30 C:/laragon/www/kurikulum/vendor/laravel/framework/src/Illuminate/Pipeline/Pipeline.php(183): Illuminate/Session/Middleware/StartSession->handle(Object(Illuminate/Http/Request), Object(Closure))
#31 C:/laragon/www/kurikulum/vendor/laravel/framework/src/Illuminate/Cookie/Middleware/AddQueuedCookiesToResponse.php(37): Illuminate/Pipeline/Pipeline->Illuminate/Pipeline/{closure}(Object(Illuminate/Http/Request))
#32 C:/laragon/www/kurikulum/vendor/laravel/framework/src/Illuminate/Pipeline/Pipeline.php(183): Illuminate/Cookie/Middleware/AddQueuedCookiesToResponse->handle(Object(Illuminate/Http/Request), Object(Closure))
#33 C:/laragon/www/kurikulum/vendor/laravel/framework/src/Illuminate/Cookie/Middleware/EncryptCookies.php(67): Illuminate/Pipeline/Pipeline->Illuminate/Pipeline/{closure}(Object(Illuminate/Http/Request))
#34 C:/laragon/www/kurikulum/vendor/laravel/framework/src/Illuminate/Pipeline/Pipeline.php(183): Illuminate/Cookie/Middleware/EncryptCookies->handle(Object(Illuminate/Http/Request), Object(Closure))
#35 C:/laragon/www/kurikulum/vendor/laravel/framework/src/Illuminate/Pipeline/Pipeline.php(119): Illuminate/Pipeline/Pipeline->Illuminate/Pipeline/{closure}(Object(Illuminate/Http/Request))
#36 C:/laragon/www/kurikulum/vendor/laravel/framework/src/Illuminate/Routing/Router.php(805): Illuminate/Pipeline/Pipeline->then(Object(Closure))
#37 C:/laragon/www/kurikulum/vendor/laravel/framework/src/Illuminate/Routing/Router.php(784): Illuminate/Routing/Router->runRouteWithinStack(Object(Illuminate/Routing/Route), Object(Illuminate/Http/Request))
#38 C:/laragon/www/kurikulum/vendor/laravel/framework/src/Illuminate/Routing/Router.php(748): Illuminate/Routing/Router->runRoute(Object(Illuminate/Http/Request), Object(Illuminate/Routing/Route))
#39 C:/laragon/www/kurikulum/vendor/laravel/framework/src/Illuminate/Routing/Router.php(737): Illuminate/Routing/Router->dispatchToRoute(Object(Illuminate/Http/Request))
#40 C:/laragon/www/kurikulum/vendor/laravel/framework/src/Illuminate/Foundation/Http/Kernel.php(200): Illuminate/Routing/Router->dispatch(Object(Illuminate/Http/Request))
#41 C:/laragon/www/kurikulum/vendor/laravel/framework/src/Illuminate/Pipeline/Pipeline.php(144): Illuminate/Foundation/Http/Kernel->Illuminate/Foundation/Http/{closure}(Object(Illuminate/Http/Request))
#42 C:/laragon/www/kurikulum/vendor/laravel/framework/src/Illuminate/Foundation/Http/Middleware/TransformsRequest.php(21): Illuminate/Pipeline/Pipeline->Illuminate/Pipeline/{closure}(Object(Illuminate/Http/Request))
#43 C:/laragon/www/kurikulum/vendor/laravel/framework/src/Illuminate/Foundation/Http/Middleware/ConvertEmptyStringsToNull.php(31): Illuminate/Foundation/Http/Middleware/TransformsRequest->handle(Object(Illuminate/Http/Request), Object(Closure))
#44 C:/laragon/www/kurikulum/vendor/laravel/framework/src/Illuminate/Pipeline/Pipeline.php(183): Illuminate/Foundation/Http/Middleware/ConvertEmptyStringsToNull->handle(Object(Illuminate/Http/Request), Object(Closure))
#45 C:/laragon/www/kurikulum/vendor/laravel/framework/src/Illuminate/Foundation/Http/Middleware/TransformsRequest.php(21): Illuminate/Pipeline/Pipeline->Illuminate/Pipeline/{closure}(Object(Illuminate/Http/Request))
#46 C:/laragon/www/kurikulum/vendor/laravel/framework/src/Illuminate/Foundation/Http/Middleware/TrimStrings.php(40): Illuminate/Foundation/Http/Middleware/TransformsRequest->handle(Object(Illuminate/Http/Request), Object(Closure))
#47 C:/laragon/www/kurikulum/vendor/laravel/framework/src/Illuminate/Pipeline/Pipeline.php(183): Illuminate/Foundation/Http/Middleware/TrimStrings->handle(Object(Illuminate/Http/Request), Object(Closure))
#48 C:/laragon/www/kurikulum/vendor/laravel/framework/src/Illuminate/Foundation/Http/Middleware/ValidatePostSize.php(27): Illuminate/Pipeline/Pipeline->Illuminate/Pipeline/{closure}(Object(Illuminate/Http/Request))
#49 C:/laragon/www/kurikulum/vendor/laravel/framework/src/Illuminate/Pipeline/Pipeline.php(183): Illuminate/Foundation/Http/Middleware/ValidatePostSize->handle(Object(Illuminate/Http/Request), Object(Closure))
#50 C:/laragon/www/kurikulum/vendor/laravel/framework/src/Illuminate/Foundation/Http/Middleware/PreventRequestsDuringMaintenance.php(99): Illuminate/Pipeline/Pipeline->Illuminate/Pipeline/{closure}(Object(Illuminate/Http/Request))
#51 C:/laragon/www/kurikulum/vendor/laravel/framework/src/Illuminate/Pipeline/Pipeline.php(183): Illuminate/Foundation/Http/Middleware/PreventRequestsDuringMaintenance->handle(Object(Illuminate/Http/Request), Object(Closure))
#52 C:/laragon/www/kurikulum/vendor/laravel/framework/src/Illuminate/Http/Middleware/HandleCors.php(49): Illuminate/Pipeline/Pipeline->Illuminate/Pipeline/{closure}(Object(Illuminate/Http/Request))
#53 C:/laragon/www/kurikulum/vendor/laravel/framework/src/Illuminate/Pipeline/Pipeline.php(183): Illuminate/Http/Middleware/HandleCors->handle(Object(Illuminate/Http/Request), Object(Closure))
#54 C:/laragon/www/kurikulum/vendor/laravel/framework/src/Illuminate/Http/Middleware/TrustProxies.php(39): Illuminate/Pipeline/Pipeline->Illuminate/Pipeline/{closure}(Object(Illuminate/Http/Request))
#55 C:/laragon/www/kurikulum/vendor/laravel/framework/src/Illuminate/Pipeline/Pipeline.php(183): Illuminate/Http/Middleware/TrustProxies->handle(Object(Illuminate/Http/Request), Object(Closure))
#56 C:/laragon/www/kurikulum/vendor/laravel/framework/src/Illuminate/Pipeline/Pipeline.php(119): Illuminate/Pipeline/Pipeline->Illuminate/Pipeline/{closure}(Object(Illuminate/Http/Request))
#57 C:/laragon/www/kurikulum/vendor/laravel/framework/src/Illuminate/Foundation/Http/Kernel.php(175): Illuminate/Pipeline/Pipeline->then(Object(Closure))
#58 C:/laragon/www/kurikulum/vendor/laravel/framework/src/Illuminate/Foundation/Http/Kernel.php(144): Illuminate/Foundation/Http/Kernel->sendRequestThroughRouter(Object(Illuminate/Http/Request))
#59 C:/laragon/www/kurikulum/public/index.php(18): Illuminate/Foundation/Http/Kernel->handle(Object(Illuminate/Http/Request))
#60 C:/laragon/www/kurikulum/vendor/laravel/framework/src/Illuminate/Foundation/resources/server.php(16): require_once('C://laragon//www//...')
#61 {main}
"} 
[2026-07-14 07:35:20] local.ERROR: SQLSTATE[42S02]: Base table or view not found: 1146 Table 'datacenter.kelas' doesn't exist (Connection: datacenter, SQL: select count(*) as aggregate from `kelas`) {"userId":1,"exception":"[object] (Illuminate\\Database\\QueryException(code: 42S02): SQLSTATE[42S02]: Base table or view not found: 1146 Table 'datacenter.kelas' doesn't exist (Connection: datacenter, SQL: select count(*) as aggregate from `kelas`) at C:/laragon/www/kurikulum/vendor/laravel/framework/src/Illuminate/Database/Connection.php:829)
[stacktrace]
#0 C:/laragon/www/kurikulum/vendor/laravel/framework/src/Illuminate/Database/Connection.php(783): Illuminate/Database/Connection->runQueryCallback('select count(*)...', Array, Object(Closure))
#1 C:/laragon/www/kurikulum/vendor/laravel/framework/src/Illuminate/Database/Connection.php(414): Illuminate/Database/Connection->run('select count(*)...', Array, Object(Closure))
#2 C:/laragon/www/kurikulum/vendor/laravel/framework/src/Illuminate/Database/Query/Builder.php(2913): Illuminate/Database/Connection->select('select count(*)...', Array, true)
#3 C:/laragon/www/kurikulum/vendor/laravel/framework/src/Illuminate/Database/Query/Builder.php(2902): Illuminate/Database/Query/Builder->runSelect()
#4 C:/laragon/www/kurikulum/vendor/laravel/framework/src/Illuminate/Database/Query/Builder.php(3456): Illuminate/Database/Query/Builder->Illuminate/Database/Query/{closure}()
#5 C:/laragon/www/kurikulum/vendor/laravel/framework/src/Illuminate/Database/Query/Builder.php(2901): Illuminate/Database/Query/Builder->onceWithColumns(Array, Object(Closure))
#6 C:/laragon/www/kurikulum/vendor/laravel/framework/src/Illuminate/Database/Query/Builder.php(3066): Illuminate/Database/Query/Builder->get()
#7 C:/laragon/www/kurikulum/vendor/laravel/framework/src/Illuminate/Database/Query/Builder.php(3025): Illuminate/Database/Query/Builder->runPaginationCountQuery(Array)
#8 C:/laragon/www/kurikulum/vendor/laravel/framework/src/Illuminate/Database/Eloquent/Builder.php(923): Illuminate/Database/Query/Builder->getCountForPagination()
#9 C:/laragon/www/kurikulum/app/Http/Controllers/Crud/BaseCrudController.php(96): Illuminate/Database/Eloquent/Builder->paginate(10)
#10 C:/laragon/www/kurikulum/vendor/laravel/framework/src/Illuminate/Routing/Controller.php(54): App/Http/Controllers/Crud/BaseCrudController->index(Object(Illuminate/Http/Request))
#11 C:/laragon/www/kurikulum/vendor/laravel/framework/src/Illuminate/Routing/ControllerDispatcher.php(43): Illuminate/Routing/Controller->callAction('index', Array)
#12 C:/laragon/www/kurikulum/vendor/laravel/framework/src/Illuminate/Routing/Route.php(259): Illuminate/Routing/ControllerDispatcher->dispatch(Object(Illuminate/Routing/Route), Object(App/Http/Controllers/Setting/KelasController), 'index')
#13 C:/laragon/www/kurikulum/vendor/laravel/framework/src/Illuminate/Routing/Route.php(205): Illuminate/Routing/Route->runController()
#14 C:/laragon/www/kurikulum/vendor/laravel/framework/src/Illuminate/Routing/Router.php(806): Illuminate/Routing/Route->run()
#15 C:/laragon/www/kurikulum/vendor/laravel/framework/src/Illuminate/Pipeline/Pipeline.php(144): Illuminate/Routing/Router->Illuminate/Routing/{closure}(Object(Illuminate/Http/Request))
#16 C:/laragon/www/kurikulum/app/Http/Middleware/EnsureUserHasRole.php(23): Illuminate/Pipeline/Pipeline->Illuminate/Pipeline/{closure}(Object(Illuminate/Http/Request))
#17 C:/laragon/www/kurikulum/vendor/laravel/framework/src/Illuminate/Pipeline/Pipeline.php(183): App/Http/Middleware/EnsureUserHasRole->handle(Object(Illuminate/Http/Request), Object(Closure), 'admin')
#18 C:/laragon/www/kurikulum/vendor/laravel/framework/src/Illuminate/Routing/Middleware/SubstituteBindings.php(50): Illuminate/Pipeline/Pipeline->Illuminate/Pipeline/{closure}(Object(Illuminate/Http/Request))
#19 C:/laragon/www/kurikulum/vendor/laravel/framework/src/Illuminate/Pipeline/Pipeline.php(183): Illuminate/Routing/Middleware/SubstituteBindings->handle(Object(Illuminate/Http/Request), Object(Closure))
#20 C:/laragon/www/kurikulum/vendor/laravel/framework/src/Illuminate/Auth/Middleware/Authenticate.php(57): Illuminate/Pipeline/Pipeline->Illuminate/Pipeline/{closure}(Object(Illuminate/Http/Request))
#21 C:/laragon/www/kurikulum/vendor/laravel/framework/src/Illuminate/Pipeline/Pipeline.php(183): Illuminate/Auth/Middleware/Authenticate->handle(Object(Illuminate/Http/Request), Object(Closure))
#22 C:/laragon/www/kurikulum/vendor/laravel/framework/src/Illuminate/Foundation/Http/Middleware/VerifyCsrfToken.php(78): Illuminate/Pipeline/Pipeline->Illuminate/Pipeline/{closure}(Object(Illuminate/Http/Request))
#23 C:/laragon/www/kurikulum/vendor/laravel/framework/src/Illuminate/Pipeline/Pipeline.php(183): Illuminate/Foundation/Http/Middleware/VerifyCsrfToken->handle(Object(Illuminate/Http/Request), Object(Closure))
#24 C:/laragon/www/kurikulum/vendor/laravel/framework/src/Illuminate/View/Middleware/ShareErrorsFromSession.php(49): Illuminate/Pipeline/Pipeline->Illuminate/Pipeline/{closure}(Object(Illuminate/Http/Request))
#25 C:/laragon/www/kurikulum/vendor/laravel/framework/src/Illuminate/Pipeline/Pipeline.php(183): Illuminate/View/Middleware/ShareErrorsFromSession->handle(Object(Illuminate/Http/Request), Object(Closure))
#26 C:/laragon/www/kurikulum/vendor/laravel/framework/src/Illuminate/Session/Middleware/StartSession.php(121): Illuminate/Pipeline/Pipeline->Illuminate/Pipeline/{closure}(Object(Illuminate/Http/Request))
#27 C:/laragon/www/kurikulum/vendor/laravel/framework/src/Illuminate/Session/Middleware/StartSession.php(64): Illuminate/Session/Middleware/StartSession->handleStatefulRequest(Object(Illuminate/Http/Request), Object(Illuminate/Session/Store), Object(Closure))
#28 C:/laragon/www/kurikulum/vendor/laravel/framework/src/Illuminate/Pipeline/Pipeline.php(183): Illuminate/Session/Middleware/StartSession->handle(Object(Illuminate/Http/Request), Object(Closure))
#29 C:/laragon/www/kurikulum/vendor/laravel/framework/src/Illuminate/Cookie/Middleware/AddQueuedCookiesToResponse.php(37): Illuminate/Pipeline/Pipeline->Illuminate/Pipeline/{closure}(Object(Illuminate/Http/Request))
#30 C:/laragon/www/kurikulum/vendor/laravel/framework/src/Illuminate/Pipeline/Pipeline.php(183): Illuminate/Cookie/Middleware/AddQueuedCookiesToResponse->handle(Object(Illuminate/Http/Request), Object(Closure))
#31 C:/laragon/www/kurikulum/vendor/laravel/framework/src/Illuminate/Cookie/Middleware/EncryptCookies.php(67): Illuminate/Pipeline/Pipeline->Illuminate/Pipeline/{closure}(Object(Illuminate/Http/Request))
#32 C:/laragon/www/kurikulum/vendor/laravel/framework/src/Illuminate/Pipeline/Pipeline.php(183): Illuminate/Cookie/Middleware/EncryptCookies->handle(Object(Illuminate/Http/Request), Object(Closure))
#33 C:/laragon/www/kurikulum/vendor/laravel/framework/src/Illuminate/Pipeline/Pipeline.php(119): Illuminate/Pipeline/Pipeline->Illuminate/Pipeline/{closure}(Object(Illuminate/Http/Request))
#34 C:/laragon/www/kurikulum/vendor/laravel/framework/src/Illuminate/Routing/Router.php(805): Illuminate/Pipeline/Pipeline->then(Object(Closure))
#35 C:/laragon/www/kurikulum/vendor/laravel/framework/src/Illuminate/Routing/Router.php(784): Illuminate/Routing/Router->runRouteWithinStack(Object(Illuminate/Routing/Route), Object(Illuminate/Http/Request))
#36 C:/laragon/www/kurikulum/vendor/laravel/framework/src/Illuminate/Routing/Router.php(748): Illuminate/Routing/Router->runRoute(Object(Illuminate/Http/Request), Object(Illuminate/Routing/Route))
#37 C:/laragon/www/kurikulum/vendor/laravel/framework/src/Illuminate/Routing/Router.php(737): Illuminate/Routing/Router->dispatchToRoute(Object(Illuminate/Http/Request))
#38 C:/laragon/www/kurikulum/vendor/laravel/framework/src/Illuminate/Foundation/Http/Kernel.php(200): Illuminate/Routing/Router->dispatch(Object(Illuminate/Http/Request))
#39 C:/laragon/www/kurikulum/vendor/laravel/framework/src/Illuminate/Pipeline/Pipeline.php(144): Illuminate/Foundation/Http/Kernel->Illuminate/Foundation/Http/{closure}(Object(Illuminate/Http/Request))
#40 C:/laragon/www/kurikulum/vendor/laravel/framework/src/Illuminate/Foundation/Http/Middleware/TransformsRequest.php(21): Illuminate/Pipeline/Pipeline->Illuminate/Pipeline/{closure}(Object(Illuminate/Http/Request))
#41 C:/laragon/www/kurikulum/vendor/laravel/framework/src/Illuminate/Foundation/Http/Middleware/ConvertEmptyStringsToNull.php(31): Illuminate/Foundation/Http/Middleware/TransformsRequest->handle(Object(Illuminate/Http/Request), Object(Closure))
#42 C:/laragon/www/kurikulum/vendor/laravel/framework/src/Illuminate/Pipeline/Pipeline.php(183): Illuminate/Foundation/Http/Middleware/ConvertEmptyStringsToNull->handle(Object(Illuminate/Http/Request), Object(Closure))
#43 C:/laragon/www/kurikulum/vendor/laravel/framework/src/Illuminate/Foundation/Http/Middleware/TransformsRequest.php(21): Illuminate/Pipeline/Pipeline->Illuminate/Pipeline/{closure}(Object(Illuminate/Http/Request))
#44 C:/laragon/www/kurikulum/vendor/laravel/framework/src/Illuminate/Foundation/Http/Middleware/TrimStrings.php(40): Illuminate/Foundation/Http/Middleware/TransformsRequest->handle(Object(Illuminate/Http/Request), Object(Closure))
#45 C:/laragon/www/kurikulum/vendor/laravel/framework/src/Illuminate/Pipeline/Pipeline.php(183): Illuminate/Foundation/Http/Middleware/TrimStrings->handle(Object(Illuminate/Http/Request), Object(Closure))
#46 C:/laragon/www/kurikulum/vendor/laravel/framework/src/Illuminate/Foundation/Http/Middleware/ValidatePostSize.php(27): Illuminate/Pipeline/Pipeline->Illuminate/Pipeline/{closure}(Object(Illuminate/Http/Request))
#47 C:/laragon/www/kurikulum/vendor/laravel/framework/src/Illuminate/Pipeline/Pipeline.php(183): Illuminate/Foundation/Http/Middleware/ValidatePostSize->handle(Object(Illuminate/Http/Request), Object(Closure))
#48 C:/laragon/www/kurikulum/vendor/laravel/framework/src/Illuminate/Foundation/Http/Middleware/PreventRequestsDuringMaintenance.php(99): Illuminate/Pipeline/Pipeline->Illuminate/Pipeline/{closure}(Object(Illuminate/Http/Request))
#49 C:/laragon/www/kurikulum/vendor/laravel/framework/src/Illuminate/Pipeline/Pipeline.php(183): Illuminate/Foundation/Http/Middleware/PreventRequestsDuringMaintenance->handle(Object(Illuminate/Http/Request), Object(Closure))
#50 C:/laragon/www/kurikulum/vendor/laravel/framework/src/Illuminate/Http/Middleware/HandleCors.php(49): Illuminate/Pipeline/Pipeline->Illuminate/Pipeline/{closure}(Object(Illuminate/Http/Request))
#51 C:/laragon/www/kurikulum/vendor/laravel/framework/src/Illuminate/Pipeline/Pipeline.php(183): Illuminate/Http/Middleware/HandleCors->handle(Object(Illuminate/Http/Request), Object(Closure))
#52 C:/laragon/www/kurikulum/vendor/laravel/framework/src/Illuminate/Http/Middleware/TrustProxies.php(39): Illuminate/Pipeline/Pipeline->Illuminate/Pipeline/{closure}(Object(Illuminate/Http/Request))
#53 C:/laragon/www/kurikulum/vendor/laravel/framework/src/Illuminate/Pipeline/Pipeline.php(183): Illuminate/Http/Middleware/TrustProxies->handle(Object(Illuminate/Http/Request), Object(Closure))
#54 C:/laragon/www/kurikulum/vendor/laravel/framework/src/Illuminate/Pipeline/Pipeline.php(119): Illuminate/Pipeline/Pipeline->Illuminate/Pipeline/{closure}(Object(Illuminate/Http/Request))
#55 C:/laragon/www/kurikulum/vendor/laravel/framework/src/Illuminate/Foundation/Http/Kernel.php(175): Illuminate/Pipeline/Pipeline->then(Object(Closure))
#56 C:/laragon/www/kurikulum/vendor/laravel/framework/src/Illuminate/Foundation/Http/Kernel.php(144): Illuminate/Foundation/Http/Kernel->sendRequestThroughRouter(Object(Illuminate/Http/Request))
#57 C:/laragon/www/kurikulum/public/index.php(18): Illuminate/Foundation/Http/Kernel->handle(Object(Illuminate/Http/Request))
#58 C:/laragon/www/kurikulum/vendor/laravel/framework/src/Illuminate/Foundation/resources/server.php(16): require_once('C://laragon//www//...')
#59 {main}

[previous exception] [object] (PDOException(code: 42S02): SQLSTATE[42S02]: Base table or view not found: 1146 Table 'datacenter.kelas' doesn't exist at C:/laragon/www/kurikulum/vendor/laravel/framework/src/Illuminate/Database/Connection.php:423)
[stacktrace]
#0 C:/laragon/www/kurikulum/vendor/laravel/framework/src/Illuminate/Database/Connection.php(423): PDO->prepare('select count(*)...')
#1 C:/laragon/www/kurikulum/vendor/laravel/framework/src/Illuminate/Database/Connection.php(816): Illuminate/Database/Connection->Illuminate/Database/{closure}('select count(*)...', Array)
#2 C:/laragon/www/kurikulum/vendor/laravel/framework/src/Illuminate/Database/Connection.php(783): Illuminate/Database/Connection->runQueryCallback('select count(*)...', Array, Object(Closure))
#3 C:/laragon/www/kurikulum/vendor/laravel/framework/src/Illuminate/Database/Connection.php(414): Illuminate/Database/Connection->run('select count(*)...', Array, Object(Closure))
#4 C:/laragon/www/kurikulum/vendor/laravel/framework/src/Illuminate/Database/Query/Builder.php(2913): Illuminate/Database/Connection->select('select count(*)...', Array, true)
#5 C:/laragon/www/kurikulum/vendor/laravel/framework/src/Illuminate/Database/Query/Builder.php(2902): Illuminate/Database/Query/Builder->runSelect()
#6 C:/laragon/www/kurikulum/vendor/laravel/framework/src/Illuminate/Database/Query/Builder.php(3456): Illuminate/Database/Query/Builder->Illuminate/Database/Query/{closure}()
#7 C:/laragon/www/kurikulum/vendor/laravel/framework/src/Illuminate/Database/Query/Builder.php(2901): Illuminate/Database/Query/Builder->onceWithColumns(Array, Object(Closure))
#8 C:/laragon/www/kurikulum/vendor/laravel/framework/src/Illuminate/Database/Query/Builder.php(3066): Illuminate/Database/Query/Builder->get()
#9 C:/laragon/www/kurikulum/vendor/laravel/framework/src/Illuminate/Database/Query/Builder.php(3025): Illuminate/Database/Query/Builder->runPaginationCountQuery(Array)
#10 C:/laragon/www/kurikulum/vendor/laravel/framework/src/Illuminate/Database/Eloquent/Builder.php(923): Illuminate/Database/Query/Builder->getCountForPagination()
#11 C:/laragon/www/kurikulum/app/Http/Controllers/Crud/BaseCrudController.php(96): Illuminate/Database/Eloquent/Builder->paginate(10)
#12 C:/laragon/www/kurikulum/vendor/laravel/framework/src/Illuminate/Routing/Controller.php(54): App/Http/Controllers/Crud/BaseCrudController->index(Object(Illuminate/Http/Request))
#13 C:/laragon/www/kurikulum/vendor/laravel/framework/src/Illuminate/Routing/ControllerDispatcher.php(43): Illuminate/Routing/Controller->callAction('index', Array)
#14 C:/laragon/www/kurikulum/vendor/laravel/framework/src/Illuminate/Routing/Route.php(259): Illuminate/Routing/ControllerDispatcher->dispatch(Object(Illuminate/Routing/Route), Object(App/Http/Controllers/Setting/KelasController), 'index')
#15 C:/laragon/www/kurikulum/vendor/laravel/framework/src/Illuminate/Routing/Route.php(205): Illuminate/Routing/Route->runController()
#16 C:/laragon/www/kurikulum/vendor/laravel/framework/src/Illuminate/Routing/Router.php(806): Illuminate/Routing/Route->run()
#17 C:/laragon/www/kurikulum/vendor/laravel/framework/src/Illuminate/Pipeline/Pipeline.php(144): Illuminate/Routing/Router->Illuminate/Routing/{closure}(Object(Illuminate/Http/Request))
#18 C:/laragon/www/kurikulum/app/Http/Middleware/EnsureUserHasRole.php(23): Illuminate/Pipeline/Pipeline->Illuminate/Pipeline/{closure}(Object(Illuminate/Http/Request))
#19 C:/laragon/www/kurikulum/vendor/laravel/framework/src/Illuminate/Pipeline/Pipeline.php(183): App/Http/Middleware/EnsureUserHasRole->handle(Object(Illuminate/Http/Request), Object(Closure), 'admin')
#20 C:/laragon/www/kurikulum/vendor/laravel/framework/src/Illuminate/Routing/Middleware/SubstituteBindings.php(50): Illuminate/Pipeline/Pipeline->Illuminate/Pipeline/{closure}(Object(Illuminate/Http/Request))
#21 C:/laragon/www/kurikulum/vendor/laravel/framework/src/Illuminate/Pipeline/Pipeline.php(183): Illuminate/Routing/Middleware/SubstituteBindings->handle(Object(Illuminate/Http/Request), Object(Closure))
#22 C:/laragon/www/kurikulum/vendor/laravel/framework/src/Illuminate/Auth/Middleware/Authenticate.php(57): Illuminate/Pipeline/Pipeline->Illuminate/Pipeline/{closure}(Object(Illuminate/Http/Request))
#23 C:/laragon/www/kurikulum/vendor/laravel/framework/src/Illuminate/Pipeline/Pipeline.php(183): Illuminate/Auth/Middleware/Authenticate->handle(Object(Illuminate/Http/Request), Object(Closure))
#24 C:/laragon/www/kurikulum/vendor/laravel/framework/src/Illuminate/Foundation/Http/Middleware/VerifyCsrfToken.php(78): Illuminate/Pipeline/Pipeline->Illuminate/Pipeline/{closure}(Object(Illuminate/Http/Request))
#25 C:/laragon/www/kurikulum/vendor/laravel/framework/src/Illuminate/Pipeline/Pipeline.php(183): Illuminate/Foundation/Http/Middleware/VerifyCsrfToken->handle(Object(Illuminate/Http/Request), Object(Closure))
#26 C:/laragon/www/kurikulum/vendor/laravel/framework/src/Illuminate/View/Middleware/ShareErrorsFromSession.php(49): Illuminate/Pipeline/Pipeline->Illuminate/Pipeline/{closure}(Object(Illuminate/Http/Request))
#27 C:/laragon/www/kurikulum/vendor/laravel/framework/src/Illuminate/Pipeline/Pipeline.php(183): Illuminate/View/Middleware/ShareErrorsFromSession->handle(Object(Illuminate/Http/Request), Object(Closure))
#28 C:/laragon/www/kurikulum/vendor/laravel/framework/src/Illuminate/Session/Middleware/StartSession.php(121): Illuminate/Pipeline/Pipeline->Illuminate/Pipeline/{closure}(Object(Illuminate/Http/Request))
#29 C:/laragon/www/kurikulum/vendor/laravel/framework/src/Illuminate/Session/Middleware/StartSession.php(64): Illuminate/Session/Middleware/StartSession->handleStatefulRequest(Object(Illuminate/Http/Request), Object(Illuminate/Session/Store), Object(Closure))
#30 C:/laragon/www/kurikulum/vendor/laravel/framework/src/Illuminate/Pipeline/Pipeline.php(183): Illuminate/Session/Middleware/StartSession->handle(Object(Illuminate/Http/Request), Object(Closure))
#31 C:/laragon/www/kurikulum/vendor/laravel/framework/src/Illuminate/Cookie/Middleware/AddQueuedCookiesToResponse.php(37): Illuminate/Pipeline/Pipeline->Illuminate/Pipeline/{closure}(Object(Illuminate/Http/Request))
#32 C:/laragon/www/kurikulum/vendor/laravel/framework/src/Illuminate/Pipeline/Pipeline.php(183): Illuminate/Cookie/Middleware/AddQueuedCookiesToResponse->handle(Object(Illuminate/Http/Request), Object(Closure))
#33 C:/laragon/www/kurikulum/vendor/laravel/framework/src/Illuminate/Cookie/Middleware/EncryptCookies.php(67): Illuminate/Pipeline/Pipeline->Illuminate/Pipeline/{closure}(Object(Illuminate/Http/Request))
#34 C:/laragon/www/kurikulum/vendor/laravel/framework/src/Illuminate/Pipeline/Pipeline.php(183): Illuminate/Cookie/Middleware/EncryptCookies->handle(Object(Illuminate/Http/Request), Object(Closure))
#35 C:/laragon/www/kurikulum/vendor/laravel/framework/src/Illuminate/Pipeline/Pipeline.php(119): Illuminate/Pipeline/Pipeline->Illuminate/Pipeline/{closure}(Object(Illuminate/Http/Request))
#36 C:/laragon/www/kurikulum/vendor/laravel/framework/src/Illuminate/Routing/Router.php(805): Illuminate/Pipeline/Pipeline->then(Object(Closure))
#37 C:/laragon/www/kurikulum/vendor/laravel/framework/src/Illuminate/Routing/Router.php(784): Illuminate/Routing/Router->runRouteWithinStack(Object(Illuminate/Routing/Route), Object(Illuminate/Http/Request))
#38 C:/laragon/www/kurikulum/vendor/laravel/framework/src/Illuminate/Routing/Router.php(748): Illuminate/Routing/Router->runRoute(Object(Illuminate/Http/Request), Object(Illuminate/Routing/Route))
#39 C:/laragon/www/kurikulum/vendor/laravel/framework/src/Illuminate/Routing/Router.php(737): Illuminate/Routing/Router->dispatchToRoute(Object(Illuminate/Http/Request))
#40 C:/laragon/www/kurikulum/vendor/laravel/framework/src/Illuminate/Foundation/Http/Kernel.php(200): Illuminate/Routing/Router->dispatch(Object(Illuminate/Http/Request))
#41 C:/laragon/www/kurikulum/vendor/laravel/framework/src/Illuminate/Pipeline/Pipeline.php(144): Illuminate/Foundation/Http/Kernel->Illuminate/Foundation/Http/{closure}(Object(Illuminate/Http/Request))
#42 C:/laragon/www/kurikulum/vendor/laravel/framework/src/Illuminate/Foundation/Http/Middleware/TransformsRequest.php(21): Illuminate/Pipeline/Pipeline->Illuminate/Pipeline/{closure}(Object(Illuminate/Http/Request))
#43 C:/laragon/www/kurikulum/vendor/laravel/framework/src/Illuminate/Foundation/Http/Middleware/ConvertEmptyStringsToNull.php(31): Illuminate/Foundation/Http/Middleware/TransformsRequest->handle(Object(Illuminate/Http/Request), Object(Closure))
#44 C:/laragon/www/kurikulum/vendor/laravel/framework/src/Illuminate/Pipeline/Pipeline.php(183): Illuminate/Foundation/Http/Middleware/ConvertEmptyStringsToNull->handle(Object(Illuminate/Http/Request), Object(Closure))
#45 C:/laragon/www/kurikulum/vendor/laravel/framework/src/Illuminate/Foundation/Http/Middleware/TransformsRequest.php(21): Illuminate/Pipeline/Pipeline->Illuminate/Pipeline/{closure}(Object(Illuminate/Http/Request))
#46 C:/laragon/www/kurikulum/vendor/laravel/framework/src/Illuminate/Foundation/Http/Middleware/TrimStrings.php(40): Illuminate/Foundation/Http/Middleware/TransformsRequest->handle(Object(Illuminate/Http/Request), Object(Closure))
#47 C:/laragon/www/kurikulum/vendor/laravel/framework/src/Illuminate/Pipeline/Pipeline.php(183): Illuminate/Foundation/Http/Middleware/TrimStrings->handle(Object(Illuminate/Http/Request), Object(Closure))
#48 C:/laragon/www/kurikulum/vendor/laravel/framework/src/Illuminate/Foundation/Http/Middleware/ValidatePostSize.php(27): Illuminate/Pipeline/Pipeline->Illuminate/Pipeline/{closure}(Object(Illuminate/Http/Request))
#49 C:/laragon/www/kurikulum/vendor/laravel/framework/src/Illuminate/Pipeline/Pipeline.php(183): Illuminate/Foundation/Http/Middleware/ValidatePostSize->handle(Object(Illuminate/Http/Request), Object(Closure))
#50 C:/laragon/www/kurikulum/vendor/laravel/framework/src/Illuminate/Foundation/Http/Middleware/PreventRequestsDuringMaintenance.php(99): Illuminate/Pipeline/Pipeline->Illuminate/Pipeline/{closure}(Object(Illuminate/Http/Request))
#51 C:/laragon/www/kurikulum/vendor/laravel/framework/src/Illuminate/Pipeline/Pipeline.php(183): Illuminate/Foundation/Http/Middleware/PreventRequestsDuringMaintenance->handle(Object(Illuminate/Http/Request), Object(Closure))
#52 C:/laragon/www/kurikulum/vendor/laravel/framework/src/Illuminate/Http/Middleware/HandleCors.php(49): Illuminate/Pipeline/Pipeline->Illuminate/Pipeline/{closure}(Object(Illuminate/Http/Request))
#53 C:/laragon/www/kurikulum/vendor/laravel/framework/src/Illuminate/Pipeline/Pipeline.php(183): Illuminate/Http/Middleware/HandleCors->handle(Object(Illuminate/Http/Request), Object(Closure))
#54 C:/laragon/www/kurikulum/vendor/laravel/framework/src/Illuminate/Http/Middleware/TrustProxies.php(39): Illuminate/Pipeline/Pipeline->Illuminate/Pipeline/{closure}(Object(Illuminate/Http/Request))
#55 C:/laragon/www/kurikulum/vendor/laravel/framework/src/Illuminate/Pipeline/Pipeline.php(183): Illuminate/Http/Middleware/TrustProxies->handle(Object(Illuminate/Http/Request), Object(Closure))
#56 C:/laragon/www/kurikulum/vendor/laravel/framework/src/Illuminate/Pipeline/Pipeline.php(119): Illuminate/Pipeline/Pipeline->Illuminate/Pipeline/{closure}(Object(Illuminate/Http/Request))
#57 C:/laragon/www/kurikulum/vendor/laravel/framework/src/Illuminate/Foundation/Http/Kernel.php(175): Illuminate/Pipeline/Pipeline->then(Object(Closure))
#58 C:/laragon/www/kurikulum/vendor/laravel/framework/src/Illuminate/Foundation/Http/Kernel.php(144): Illuminate/Foundation/Http/Kernel->sendRequestThroughRouter(Object(Illuminate/Http/Request))
#59 C:/laragon/www/kurikulum/public/index.php(18): Illuminate/Foundation/Http/Kernel->handle(Object(Illuminate/Http/Request))
#60 C:/laragon/www/kurikulum/vendor/laravel/framework/src/Illuminate/Foundation/resources/server.php(16): require_once('C://laragon//www//...')
#61 {main}
"} 
[2026-07-14 07:37:39] local.ERROR: SQLSTATE[42S02]: Base table or view not found: 1146 Table 'datacenter.kelas' doesn't exist (Connection: datacenter, SQL: select count(*) as aggregate from `kelas`) {"userId":1,"exception":"[object] (Illuminate\\Database\\QueryException(code: 42S02): SQLSTATE[42S02]: Base table or view not found: 1146 Table 'datacenter.kelas' doesn't exist (Connection: datacenter, SQL: select count(*) as aggregate from `kelas`) at C:/laragon/www/kurikulum/vendor/laravel/framework/src/Illuminate/Database/Connection.php:829)
[stacktrace]
#0 C:/laragon/www/kurikulum/vendor/laravel/framework/src/Illuminate/Database/Connection.php(783): Illuminate/Database/Connection->runQueryCallback('select count(*)...', Array, Object(Closure))
#1 C:/laragon/www/kurikulum/vendor/laravel/framework/src/Illuminate/Database/Connection.php(414): Illuminate/Database/Connection->run('select count(*)...', Array, Object(Closure))
#2 C:/laragon/www/kurikulum/vendor/laravel/framework/src/Illuminate/Database/Query/Builder.php(2913): Illuminate/Database/Connection->select('select count(*)...', Array, true)
#3 C:/laragon/www/kurikulum/vendor/laravel/framework/src/Illuminate/Database/Query/Builder.php(2902): Illuminate/Database/Query/Builder->runSelect()
#4 C:/laragon/www/kurikulum/vendor/laravel/framework/src/Illuminate/Database/Query/Builder.php(3456): Illuminate/Database/Query/Builder->Illuminate/Database/Query/{closure}()
#5 C:/laragon/www/kurikulum/vendor/laravel/framework/src/Illuminate/Database/Query/Builder.php(2901): Illuminate/Database/Query/Builder->onceWithColumns(Array, Object(Closure))
#6 C:/laragon/www/kurikulum/vendor/laravel/framework/src/Illuminate/Database/Query/Builder.php(3066): Illuminate/Database/Query/Builder->get()
#7 C:/laragon/www/kurikulum/vendor/laravel/framework/src/Illuminate/Database/Query/Builder.php(3025): Illuminate/Database/Query/Builder->runPaginationCountQuery(Array)
#8 C:/laragon/www/kurikulum/vendor/laravel/framework/src/Illuminate/Database/Eloquent/Builder.php(923): Illuminate/Database/Query/Builder->getCountForPagination()
#9 C:/laragon/www/kurikulum/app/Http/Controllers/Crud/BaseCrudController.php(96): Illuminate/Database/Eloquent/Builder->paginate(10)
#10 C:/laragon/www/kurikulum/vendor/laravel/framework/src/Illuminate/Routing/Controller.php(54): App/Http/Controllers/Crud/BaseCrudController->index(Object(Illuminate/Http/Request))
#11 C:/laragon/www/kurikulum/vendor/laravel/framework/src/Illuminate/Routing/ControllerDispatcher.php(43): Illuminate/Routing/Controller->callAction('index', Array)
#12 C:/laragon/www/kurikulum/vendor/laravel/framework/src/Illuminate/Routing/Route.php(259): Illuminate/Routing/ControllerDispatcher->dispatch(Object(Illuminate/Routing/Route), Object(App/Http/Controllers/Setting/KelasController), 'index')
#13 C:/laragon/www/kurikulum/vendor/laravel/framework/src/Illuminate/Routing/Route.php(205): Illuminate/Routing/Route->runController()
#14 C:/laragon/www/kurikulum/vendor/laravel/framework/src/Illuminate/Routing/Router.php(806): Illuminate/Routing/Route->run()
#15 C:/laragon/www/kurikulum/vendor/laravel/framework/src/Illuminate/Pipeline/Pipeline.php(144): Illuminate/Routing/Router->Illuminate/Routing/{closure}(Object(Illuminate/Http/Request))
#16 C:/laragon/www/kurikulum/app/Http/Middleware/EnsureUserHasRole.php(23): Illuminate/Pipeline/Pipeline->Illuminate/Pipeline/{closure}(Object(Illuminate/Http/Request))
#17 C:/laragon/www/kurikulum/vendor/laravel/framework/src/Illuminate/Pipeline/Pipeline.php(183): App/Http/Middleware/EnsureUserHasRole->handle(Object(Illuminate/Http/Request), Object(Closure), 'admin')
#18 C:/laragon/www/kurikulum/vendor/laravel/framework/src/Illuminate/Routing/Middleware/SubstituteBindings.php(50): Illuminate/Pipeline/Pipeline->Illuminate/Pipeline/{closure}(Object(Illuminate/Http/Request))
#19 C:/laragon/www/kurikulum/vendor/laravel/framework/src/Illuminate/Pipeline/Pipeline.php(183): Illuminate/Routing/Middleware/SubstituteBindings->handle(Object(Illuminate/Http/Request), Object(Closure))
#20 C:/laragon/www/kurikulum/vendor/laravel/framework/src/Illuminate/Auth/Middleware/Authenticate.php(57): Illuminate/Pipeline/Pipeline->Illuminate/Pipeline/{closure}(Object(Illuminate/Http/Request))
#21 C:/laragon/www/kurikulum/vendor/laravel/framework/src/Illuminate/Pipeline/Pipeline.php(183): Illuminate/Auth/Middleware/Authenticate->handle(Object(Illuminate/Http/Request), Object(Closure))
#22 C:/laragon/www/kurikulum/vendor/laravel/framework/src/Illuminate/Foundation/Http/Middleware/VerifyCsrfToken.php(78): Illuminate/Pipeline/Pipeline->Illuminate/Pipeline/{closure}(Object(Illuminate/Http/Request))
#23 C:/laragon/www/kurikulum/vendor/laravel/framework/src/Illuminate/Pipeline/Pipeline.php(183): Illuminate/Foundation/Http/Middleware/VerifyCsrfToken->handle(Object(Illuminate/Http/Request), Object(Closure))
#24 C:/laragon/www/kurikulum/vendor/laravel/framework/src/Illuminate/View/Middleware/ShareErrorsFromSession.php(49): Illuminate/Pipeline/Pipeline->Illuminate/Pipeline/{closure}(Object(Illuminate/Http/Request))
#25 C:/laragon/www/kurikulum/vendor/laravel/framework/src/Illuminate/Pipeline/Pipeline.php(183): Illuminate/View/Middleware/ShareErrorsFromSession->handle(Object(Illuminate/Http/Request), Object(Closure))
#26 C:/laragon/www/kurikulum/vendor/laravel/framework/src/Illuminate/Session/Middleware/StartSession.php(121): Illuminate/Pipeline/Pipeline->Illuminate/Pipeline/{closure}(Object(Illuminate/Http/Request))
#27 C:/laragon/www/kurikulum/vendor/laravel/framework/src/Illuminate/Session/Middleware/StartSession.php(64): Illuminate/Session/Middleware/StartSession->handleStatefulRequest(Object(Illuminate/Http/Request), Object(Illuminate/Session/Store), Object(Closure))
#28 C:/laragon/www/kurikulum/vendor/laravel/framework/src/Illuminate/Pipeline/Pipeline.php(183): Illuminate/Session/Middleware/StartSession->handle(Object(Illuminate/Http/Request), Object(Closure))
#29 C:/laragon/www/kurikulum/vendor/laravel/framework/src/Illuminate/Cookie/Middleware/AddQueuedCookiesToResponse.php(37): Illuminate/Pipeline/Pipeline->Illuminate/Pipeline/{closure}(Object(Illuminate/Http/Request))
#30 C:/laragon/www/kurikulum/vendor/laravel/framework/src/Illuminate/Pipeline/Pipeline.php(183): Illuminate/Cookie/Middleware/AddQueuedCookiesToResponse->handle(Object(Illuminate/Http/Request), Object(Closure))
#31 C:/laragon/www/kurikulum/vendor/laravel/framework/src/Illuminate/Cookie/Middleware/EncryptCookies.php(67): Illuminate/Pipeline/Pipeline->Illuminate/Pipeline/{closure}(Object(Illuminate/Http/Request))
#32 C:/laragon/www/kurikulum/vendor/laravel/framework/src/Illuminate/Pipeline/Pipeline.php(183): Illuminate/Cookie/Middleware/EncryptCookies->handle(Object(Illuminate/Http/Request), Object(Closure))
#33 C:/laragon/www/kurikulum/vendor/laravel/framework/src/Illuminate/Pipeline/Pipeline.php(119): Illuminate/Pipeline/Pipeline->Illuminate/Pipeline/{closure}(Object(Illuminate/Http/Request))
#34 C:/laragon/www/kurikulum/vendor/laravel/framework/src/Illuminate/Routing/Router.php(805): Illuminate/Pipeline/Pipeline->then(Object(Closure))
#35 C:/laragon/www/kurikulum/vendor/laravel/framework/src/Illuminate/Routing/Router.php(784): Illuminate/Routing/Router->runRouteWithinStack(Object(Illuminate/Routing/Route), Object(Illuminate/Http/Request))
#36 C:/laragon/www/kurikulum/vendor/laravel/framework/src/Illuminate/Routing/Router.php(748): Illuminate/Routing/Router->runRoute(Object(Illuminate/Http/Request), Object(Illuminate/Routing/Route))
#37 C:/laragon/www/kurikulum/vendor/laravel/framework/src/Illuminate/Routing/Router.php(737): Illuminate/Routing/Router->dispatchToRoute(Object(Illuminate/Http/Request))
#38 C:/laragon/www/kurikulum/vendor/laravel/framework/src/Illuminate/Foundation/Http/Kernel.php(200): Illuminate/Routing/Router->dispatch(Object(Illuminate/Http/Request))
#39 C:/laragon/www/kurikulum/vendor/laravel/framework/src/Illuminate/Pipeline/Pipeline.php(144): Illuminate/Foundation/Http/Kernel->Illuminate/Foundation/Http/{closure}(Object(Illuminate/Http/Request))
#40 C:/laragon/www/kurikulum/vendor/laravel/framework/src/Illuminate/Foundation/Http/Middleware/TransformsRequest.php(21): Illuminate/Pipeline/Pipeline->Illuminate/Pipeline/{closure}(Object(Illuminate/Http/Request))
#41 C:/laragon/www/kurikulum/vendor/laravel/framework/src/Illuminate/Foundation/Http/Middleware/ConvertEmptyStringsToNull.php(31): Illuminate/Foundation/Http/Middleware/TransformsRequest->handle(Object(Illuminate/Http/Request), Object(Closure))
#42 C:/laragon/www/kurikulum/vendor/laravel/framework/src/Illuminate/Pipeline/Pipeline.php(183): Illuminate/Foundation/Http/Middleware/ConvertEmptyStringsToNull->handle(Object(Illuminate/Http/Request), Object(Closure))
#43 C:/laragon/www/kurikulum/vendor/laravel/framework/src/Illuminate/Foundation/Http/Middleware/TransformsRequest.php(21): Illuminate/Pipeline/Pipeline->Illuminate/Pipeline/{closure}(Object(Illuminate/Http/Request))
#44 C:/laragon/www/kurikulum/vendor/laravel/framework/src/Illuminate/Foundation/Http/Middleware/TrimStrings.php(40): Illuminate/Foundation/Http/Middleware/TransformsRequest->handle(Object(Illuminate/Http/Request), Object(Closure))
#45 C:/laragon/www/kurikulum/vendor/laravel/framework/src/Illuminate/Pipeline/Pipeline.php(183): Illuminate/Foundation/Http/Middleware/TrimStrings->handle(Object(Illuminate/Http/Request), Object(Closure))
#46 C:/laragon/www/kurikulum/vendor/laravel/framework/src/Illuminate/Foundation/Http/Middleware/ValidatePostSize.php(27): Illuminate/Pipeline/Pipeline->Illuminate/Pipeline/{closure}(Object(Illuminate/Http/Request))
#47 C:/laragon/www/kurikulum/vendor/laravel/framework/src/Illuminate/Pipeline/Pipeline.php(183): Illuminate/Foundation/Http/Middleware/ValidatePostSize->handle(Object(Illuminate/Http/Request), Object(Closure))
#48 C:/laragon/www/kurikulum/vendor/laravel/framework/src/Illuminate/Foundation/Http/Middleware/PreventRequestsDuringMaintenance.php(99): Illuminate/Pipeline/Pipeline->Illuminate/Pipeline/{closure}(Object(Illuminate/Http/Request))
#49 C:/laragon/www/kurikulum/vendor/laravel/framework/src/Illuminate/Pipeline/Pipeline.php(183): Illuminate/Foundation/Http/Middleware/PreventRequestsDuringMaintenance->handle(Object(Illuminate/Http/Request), Object(Closure))
#50 C:/laragon/www/kurikulum/vendor/laravel/framework/src/Illuminate/Http/Middleware/HandleCors.php(49): Illuminate/Pipeline/Pipeline->Illuminate/Pipeline/{closure}(Object(Illuminate/Http/Request))
#51 C:/laragon/www/kurikulum/vendor/laravel/framework/src/Illuminate/Pipeline/Pipeline.php(183): Illuminate/Http/Middleware/HandleCors->handle(Object(Illuminate/Http/Request), Object(Closure))
#52 C:/laragon/www/kurikulum/vendor/laravel/framework/src/Illuminate/Http/Middleware/TrustProxies.php(39): Illuminate/Pipeline/Pipeline->Illuminate/Pipeline/{closure}(Object(Illuminate/Http/Request))
#53 C:/laragon/www/kurikulum/vendor/laravel/framework/src/Illuminate/Pipeline/Pipeline.php(183): Illuminate/Http/Middleware/TrustProxies->handle(Object(Illuminate/Http/Request), Object(Closure))
#54 C:/laragon/www/kurikulum/vendor/laravel/framework/src/Illuminate/Pipeline/Pipeline.php(119): Illuminate/Pipeline/Pipeline->Illuminate/Pipeline/{closure}(Object(Illuminate/Http/Request))
#55 C:/laragon/www/kurikulum/vendor/laravel/framework/src/Illuminate/Foundation/Http/Kernel.php(175): Illuminate/Pipeline/Pipeline->then(Object(Closure))
#56 C:/laragon/www/kurikulum/vendor/laravel/framework/src/Illuminate/Foundation/Http/Kernel.php(144): Illuminate/Foundation/Http/Kernel->sendRequestThroughRouter(Object(Illuminate/Http/Request))
#57 C:/laragon/www/kurikulum/public/index.php(18): Illuminate/Foundation/Http/Kernel->handle(Object(Illuminate/Http/Request))
#58 C:/laragon/www/kurikulum/vendor/laravel/framework/src/Illuminate/Foundation/resources/server.php(16): require_once('C://laragon//www//...')
#59 {main}

[previous exception] [object] (PDOException(code: 42S02): SQLSTATE[42S02]: Base table or view not found: 1146 Table 'datacenter.kelas' doesn't exist at C:/laragon/www/kurikulum/vendor/laravel/framework/src/Illuminate/Database/Connection.php:423)
[stacktrace]
#0 C:/laragon/www/kurikulum/vendor/laravel/framework/src/Illuminate/Database/Connection.php(423): PDO->prepare('select count(*)...')
#1 C:/laragon/www/kurikulum/vendor/laravel/framework/src/Illuminate/Database/Connection.php(816): Illuminate/Database/Connection->Illuminate/Database/{closure}('select count(*)...', Array)
#2 C:/laragon/www/kurikulum/vendor/laravel/framework/src/Illuminate/Database/Connection.php(783): Illuminate/Database/Connection->runQueryCallback('select count(*)...', Array, Object(Closure))
#3 C:/laragon/www/kurikulum/vendor/laravel/framework/src/Illuminate/Database/Connection.php(414): Illuminate/Database/Connection->run('select count(*)...', Array, Object(Closure))
#4 C:/laragon/www/kurikulum/vendor/laravel/framework/src/Illuminate/Database/Query/Builder.php(2913): Illuminate/Database/Connection->select('select count(*)...', Array, true)
#5 C:/laragon/www/kurikulum/vendor/laravel/framework/src/Illuminate/Database/Query/Builder.php(2902): Illuminate/Database/Query/Builder->runSelect()
#6 C:/laragon/www/kurikulum/vendor/laravel/framework/src/Illuminate/Database/Query/Builder.php(3456): Illuminate/Database/Query/Builder->Illuminate/Database/Query/{closure}()
#7 C:/laragon/www/kurikulum/vendor/laravel/framework/src/Illuminate/Database/Query/Builder.php(2901): Illuminate/Database/Query/Builder->onceWithColumns(Array, Object(Closure))
#8 C:/laragon/www/kurikulum/vendor/laravel/framework/src/Illuminate/Database/Query/Builder.php(3066): Illuminate/Database/Query/Builder->get()
#9 C:/laragon/www/kurikulum/vendor/laravel/framework/src/Illuminate/Database/Query/Builder.php(3025): Illuminate/Database/Query/Builder->runPaginationCountQuery(Array)
#10 C:/laragon/www/kurikulum/vendor/laravel/framework/src/Illuminate/Database/Eloquent/Builder.php(923): Illuminate/Database/Query/Builder->getCountForPagination()
#11 C:/laragon/www/kurikulum/app/Http/Controllers/Crud/BaseCrudController.php(96): Illuminate/Database/Eloquent/Builder->paginate(10)
#12 C:/laragon/www/kurikulum/vendor/laravel/framework/src/Illuminate/Routing/Controller.php(54): App/Http/Controllers/Crud/BaseCrudController->index(Object(Illuminate/Http/Request))
#13 C:/laragon/www/kurikulum/vendor/laravel/framework/src/Illuminate/Routing/ControllerDispatcher.php(43): Illuminate/Routing/Controller->callAction('index', Array)
#14 C:/laragon/www/kurikulum/vendor/laravel/framework/src/Illuminate/Routing/Route.php(259): Illuminate/Routing/ControllerDispatcher->dispatch(Object(Illuminate/Routing/Route), Object(App/Http/Controllers/Setting/KelasController), 'index')
#15 C:/laragon/www/kurikulum/vendor/laravel/framework/src/Illuminate/Routing/Route.php(205): Illuminate/Routing/Route->runController()
#16 C:/laragon/www/kurikulum/vendor/laravel/framework/src/Illuminate/Routing/Router.php(806): Illuminate/Routing/Route->run()
#17 C:/laragon/www/kurikulum/vendor/laravel/framework/src/Illuminate/Pipeline/Pipeline.php(144): Illuminate/Routing/Router->Illuminate/Routing/{closure}(Object(Illuminate/Http/Request))
#18 C:/laragon/www/kurikulum/app/Http/Middleware/EnsureUserHasRole.php(23): Illuminate/Pipeline/Pipeline->Illuminate/Pipeline/{closure}(Object(Illuminate/Http/Request))
#19 C:/laragon/www/kurikulum/vendor/laravel/framework/src/Illuminate/Pipeline/Pipeline.php(183): App/Http/Middleware/EnsureUserHasRole->handle(Object(Illuminate/Http/Request), Object(Closure), 'admin')
#20 C:/laragon/www/kurikulum/vendor/laravel/framework/src/Illuminate/Routing/Middleware/SubstituteBindings.php(50): Illuminate/Pipeline/Pipeline->Illuminate/Pipeline/{closure}(Object(Illuminate/Http/Request))
#21 C:/laragon/www/kurikulum/vendor/laravel/framework/src/Illuminate/Pipeline/Pipeline.php(183): Illuminate/Routing/Middleware/SubstituteBindings->handle(Object(Illuminate/Http/Request), Object(Closure))
#22 C:/laragon/www/kurikulum/vendor/laravel/framework/src/Illuminate/Auth/Middleware/Authenticate.php(57): Illuminate/Pipeline/Pipeline->Illuminate/Pipeline/{closure}(Object(Illuminate/Http/Request))
#23 C:/laragon/www/kurikulum/vendor/laravel/framework/src/Illuminate/Pipeline/Pipeline.php(183): Illuminate/Auth/Middleware/Authenticate->handle(Object(Illuminate/Http/Request), Object(Closure))
#24 C:/laragon/www/kurikulum/vendor/laravel/framework/src/Illuminate/Foundation/Http/Middleware/VerifyCsrfToken.php(78): Illuminate/Pipeline/Pipeline->Illuminate/Pipeline/{closure}(Object(Illuminate/Http/Request))
#25 C:/laragon/www/kurikulum/vendor/laravel/framework/src/Illuminate/Pipeline/Pipeline.php(183): Illuminate/Foundation/Http/Middleware/VerifyCsrfToken->handle(Object(Illuminate/Http/Request), Object(Closure))
#26 C:/laragon/www/kurikulum/vendor/laravel/framework/src/Illuminate/View/Middleware/ShareErrorsFromSession.php(49): Illuminate/Pipeline/Pipeline->Illuminate/Pipeline/{closure}(Object(Illuminate/Http/Request))
#27 C:/laragon/www/kurikulum/vendor/laravel/framework/src/Illuminate/Pipeline/Pipeline.php(183): Illuminate/View/Middleware/ShareErrorsFromSession->handle(Object(Illuminate/Http/Request), Object(Closure))
#28 C:/laragon/www/kurikulum/vendor/laravel/framework/src/Illuminate/Session/Middleware/StartSession.php(121): Illuminate/Pipeline/Pipeline->Illuminate/Pipeline/{closure}(Object(Illuminate/Http/Request))
#29 C:/laragon/www/kurikulum/vendor/laravel/framework/src/Illuminate/Session/Middleware/StartSession.php(64): Illuminate/Session/Middleware/StartSession->handleStatefulRequest(Object(Illuminate/Http/Request), Object(Illuminate/Session/Store), Object(Closure))
#30 C:/laragon/www/kurikulum/vendor/laravel/framework/src/Illuminate/Pipeline/Pipeline.php(183): Illuminate/Session/Middleware/StartSession->handle(Object(Illuminate/Http/Request), Object(Closure))
#31 C:/laragon/www/kurikulum/vendor/laravel/framework/src/Illuminate/Cookie/Middleware/AddQueuedCookiesToResponse.php(37): Illuminate/Pipeline/Pipeline->Illuminate/Pipeline/{closure}(Object(Illuminate/Http/Request))
#32 C:/laragon/www/kurikulum/vendor/laravel/framework/src/Illuminate/Pipeline/Pipeline.php(183): Illuminate/Cookie/Middleware/AddQueuedCookiesToResponse->handle(Object(Illuminate/Http/Request), Object(Closure))
#33 C:/laragon/www/kurikulum/vendor/laravel/framework/src/Illuminate/Cookie/Middleware/EncryptCookies.php(67): Illuminate/Pipeline/Pipeline->Illuminate/Pipeline/{closure}(Object(Illuminate/Http/Request))
#34 C:/laragon/www/kurikulum/vendor/laravel/framework/src/Illuminate/Pipeline/Pipeline.php(183): Illuminate/Cookie/Middleware/EncryptCookies->handle(Object(Illuminate/Http/Request), Object(Closure))
#35 C:/laragon/www/kurikulum/vendor/laravel/framework/src/Illuminate/Pipeline/Pipeline.php(119): Illuminate/Pipeline/Pipeline->Illuminate/Pipeline/{closure}(Object(Illuminate/Http/Request))
#36 C:/laragon/www/kurikulum/vendor/laravel/framework/src/Illuminate/Routing/Router.php(805): Illuminate/Pipeline/Pipeline->then(Object(Closure))
#37 C:/laragon/www/kurikulum/vendor/laravel/framework/src/Illuminate/Routing/Router.php(784): Illuminate/Routing/Router->runRouteWithinStack(Object(Illuminate/Routing/Route), Object(Illuminate/Http/Request))
#38 C:/laragon/www/kurikulum/vendor/laravel/framework/src/Illuminate/Routing/Router.php(748): Illuminate/Routing/Router->runRoute(Object(Illuminate/Http/Request), Object(Illuminate/Routing/Route))
#39 C:/laragon/www/kurikulum/vendor/laravel/framework/src/Illuminate/Routing/Router.php(737): Illuminate/Routing/Router->dispatchToRoute(Object(Illuminate/Http/Request))
#40 C:/laragon/www/kurikulum/vendor/laravel/framework/src/Illuminate/Foundation/Http/Kernel.php(200): Illuminate/Routing/Router->dispatch(Object(Illuminate/Http/Request))
#41 C:/laragon/www/kurikulum/vendor/laravel/framework/src/Illuminate/Pipeline/Pipeline.php(144): Illuminate/Foundation/Http/Kernel->Illuminate/Foundation/Http/{closure}(Object(Illuminate/Http/Request))
#42 C:/laragon/www/kurikulum/vendor/laravel/framework/src/Illuminate/Foundation/Http/Middleware/TransformsRequest.php(21): Illuminate/Pipeline/Pipeline->Illuminate/Pipeline/{closure}(Object(Illuminate/Http/Request))
#43 C:/laragon/www/kurikulum/vendor/laravel/framework/src/Illuminate/Foundation/Http/Middleware/ConvertEmptyStringsToNull.php(31): Illuminate/Foundation/Http/Middleware/TransformsRequest->handle(Object(Illuminate/Http/Request), Object(Closure))
#44 C:/laragon/www/kurikulum/vendor/laravel/framework/src/Illuminate/Pipeline/Pipeline.php(183): Illuminate/Foundation/Http/Middleware/ConvertEmptyStringsToNull->handle(Object(Illuminate/Http/Request), Object(Closure))
#45 C:/laragon/www/kurikulum/vendor/laravel/framework/src/Illuminate/Foundation/Http/Middleware/TransformsRequest.php(21): Illuminate/Pipeline/Pipeline->Illuminate/Pipeline/{closure}(Object(Illuminate/Http/Request))
#46 C:/laragon/www/kurikulum/vendor/laravel/framework/src/Illuminate/Foundation/Http/Middleware/TrimStrings.php(40): Illuminate/Foundation/Http/Middleware/TransformsRequest->handle(Object(Illuminate/Http/Request), Object(Closure))
#47 C:/laragon/www/kurikulum/vendor/laravel/framework/src/Illuminate/Pipeline/Pipeline.php(183): Illuminate/Foundation/Http/Middleware/TrimStrings->handle(Object(Illuminate/Http/Request), Object(Closure))
#48 C:/laragon/www/kurikulum/vendor/laravel/framework/src/Illuminate/Foundation/Http/Middleware/ValidatePostSize.php(27): Illuminate/Pipeline/Pipeline->Illuminate/Pipeline/{closure}(Object(Illuminate/Http/Request))
#49 C:/laragon/www/kurikulum/vendor/laravel/framework/src/Illuminate/Pipeline/Pipeline.php(183): Illuminate/Foundation/Http/Middleware/ValidatePostSize->handle(Object(Illuminate/Http/Request), Object(Closure))
#50 C:/laragon/www/kurikulum/vendor/laravel/framework/src/Illuminate/Foundation/Http/Middleware/PreventRequestsDuringMaintenance.php(99): Illuminate/Pipeline/Pipeline->Illuminate/Pipeline/{closure}(Object(Illuminate/Http/Request))
#51 C:/laragon/www/kurikulum/vendor/laravel/framework/src/Illuminate/Pipeline/Pipeline.php(183): Illuminate/Foundation/Http/Middleware/PreventRequestsDuringMaintenance->handle(Object(Illuminate/Http/Request), Object(Closure))
#52 C:/laragon/www/kurikulum/vendor/laravel/framework/src/Illuminate/Http/Middleware/HandleCors.php(49): Illuminate/Pipeline/Pipeline->Illuminate/Pipeline/{closure}(Object(Illuminate/Http/Request))
#53 C:/laragon/www/kurikulum/vendor/laravel/framework/src/Illuminate/Pipeline/Pipeline.php(183): Illuminate/Http/Middleware/HandleCors->handle(Object(Illuminate/Http/Request), Object(Closure))
#54 C:/laragon/www/kurikulum/vendor/laravel/framework/src/Illuminate/Http/Middleware/TrustProxies.php(39): Illuminate/Pipeline/Pipeline->Illuminate/Pipeline/{closure}(Object(Illuminate/Http/Request))
#55 C:/laragon/www/kurikulum/vendor/laravel/framework/src/Illuminate/Pipeline/Pipeline.php(183): Illuminate/Http/Middleware/TrustProxies->handle(Object(Illuminate/Http/Request), Object(Closure))
#56 C:/laragon/www/kurikulum/vendor/laravel/framework/src/Illuminate/Pipeline/Pipeline.php(119): Illuminate/Pipeline/Pipeline->Illuminate/Pipeline/{closure}(Object(Illuminate/Http/Request))
#57 C:/laragon/www/kurikulum/vendor/laravel/framework/src/Illuminate/Foundation/Http/Kernel.php(175): Illuminate/Pipeline/Pipeline->then(Object(Closure))
#58 C:/laragon/www/kurikulum/vendor/laravel/framework/src/Illuminate/Foundation/Http/Kernel.php(144): Illuminate/Foundation/Http/Kernel->sendRequestThroughRouter(Object(Illuminate/Http/Request))
#59 C:/laragon/www/kurikulum/public/index.php(18): Illuminate/Foundation/Http/Kernel->handle(Object(Illuminate/Http/Request))
#60 C:/laragon/www/kurikulum/vendor/laravel/framework/src/Illuminate/Foundation/resources/server.php(16): require_once('C://laragon//www//...')
#61 {main}
"} 
[2026-07-14 07:39:58] local.ERROR: SQLSTATE[42S02]: Base table or view not found: 1146 Table 'datacenter.kelas' doesn't exist (Connection: datacenter, SQL: select count(*) as aggregate from `kelas`) {"userId":1,"exception":"[object] (Illuminate\\Database\\QueryException(code: 42S02): SQLSTATE[42S02]: Base table or view not found: 1146 Table 'datacenter.kelas' doesn't exist (Connection: datacenter, SQL: select count(*) as aggregate from `kelas`) at C:/laragon/www/kurikulum/vendor/laravel/framework/src/Illuminate/Database/Connection.php:829)
[stacktrace]
#0 C:/laragon/www/kurikulum/vendor/laravel/framework/src/Illuminate/Database/Connection.php(783): Illuminate/Database/Connection->runQueryCallback('select count(*)...', Array, Object(Closure))
#1 C:/laragon/www/kurikulum/vendor/laravel/framework/src/Illuminate/Database/Connection.php(414): Illuminate/Database/Connection->run('select count(*)...', Array, Object(Closure))
#2 C:/laragon/www/kurikulum/vendor/laravel/framework/src/Illuminate/Database/Query/Builder.php(2913): Illuminate/Database/Connection->select('select count(*)...', Array, true)
#3 C:/laragon/www/kurikulum/vendor/laravel/framework/src/Illuminate/Database/Query/Builder.php(2902): Illuminate/Database/Query/Builder->runSelect()
#4 C:/laragon/www/kurikulum/vendor/laravel/framework/src/Illuminate/Database/Query/Builder.php(3456): Illuminate/Database/Query/Builder->Illuminate/Database/Query/{closure}()
#5 C:/laragon/www/kurikulum/vendor/laravel/framework/src/Illuminate/Database/Query/Builder.php(2901): Illuminate/Database/Query/Builder->onceWithColumns(Array, Object(Closure))
#6 C:/laragon/www/kurikulum/vendor/laravel/framework/src/Illuminate/Database/Query/Builder.php(3066): Illuminate/Database/Query/Builder->get()
#7 C:/laragon/www/kurikulum/vendor/laravel/framework/src/Illuminate/Database/Query/Builder.php(3025): Illuminate/Database/Query/Builder->runPaginationCountQuery(Array)
#8 C:/laragon/www/kurikulum/vendor/laravel/framework/src/Illuminate/Database/Eloquent/Builder.php(923): Illuminate/Database/Query/Builder->getCountForPagination()
#9 C:/laragon/www/kurikulum/app/Http/Controllers/Crud/BaseCrudController.php(96): Illuminate/Database/Eloquent/Builder->paginate(10)
#10 C:/laragon/www/kurikulum/vendor/laravel/framework/src/Illuminate/Routing/Controller.php(54): App/Http/Controllers/Crud/BaseCrudController->index(Object(Illuminate/Http/Request))
#11 C:/laragon/www/kurikulum/vendor/laravel/framework/src/Illuminate/Routing/ControllerDispatcher.php(43): Illuminate/Routing/Controller->callAction('index', Array)
#12 C:/laragon/www/kurikulum/vendor/laravel/framework/src/Illuminate/Routing/Route.php(259): Illuminate/Routing/ControllerDispatcher->dispatch(Object(Illuminate/Routing/Route), Object(App/Http/Controllers/Setting/KelasController), 'index')
#13 C:/laragon/www/kurikulum/vendor/laravel/framework/src/Illuminate/Routing/Route.php(205): Illuminate/Routing/Route->runController()
#14 C:/laragon/www/kurikulum/vendor/laravel/framework/src/Illuminate/Routing/Router.php(806): Illuminate/Routing/Route->run()
#15 C:/laragon/www/kurikulum/vendor/laravel/framework/src/Illuminate/Pipeline/Pipeline.php(144): Illuminate/Routing/Router->Illuminate/Routing/{closure}(Object(Illuminate/Http/Request))
#16 C:/laragon/www/kurikulum/app/Http/Middleware/EnsureUserHasRole.php(23): Illuminate/Pipeline/Pipeline->Illuminate/Pipeline/{closure}(Object(Illuminate/Http/Request))
#17 C:/laragon/www/kurikulum/vendor/laravel/framework/src/Illuminate/Pipeline/Pipeline.php(183): App/Http/Middleware/EnsureUserHasRole->handle(Object(Illuminate/Http/Request), Object(Closure), 'admin')
#18 C:/laragon/www/kurikulum/vendor/laravel/framework/src/Illuminate/Routing/Middleware/SubstituteBindings.php(50): Illuminate/Pipeline/Pipeline->Illuminate/Pipeline/{closure}(Object(Illuminate/Http/Request))
#19 C:/laragon/www/kurikulum/vendor/laravel/framework/src/Illuminate/Pipeline/Pipeline.php(183): Illuminate/Routing/Middleware/SubstituteBindings->handle(Object(Illuminate/Http/Request), Object(Closure))
#20 C:/laragon/www/kurikulum/vendor/laravel/framework/src/Illuminate/Auth/Middleware/Authenticate.php(57): Illuminate/Pipeline/Pipeline->Illuminate/Pipeline/{closure}(Object(Illuminate/Http/Request))
#21 C:/laragon/www/kurikulum/vendor/laravel/framework/src/Illuminate/Pipeline/Pipeline.php(183): Illuminate/Auth/Middleware/Authenticate->handle(Object(Illuminate/Http/Request), Object(Closure))
#22 C:/laragon/www/kurikulum/vendor/laravel/framework/src/Illuminate/Foundation/Http/Middleware/VerifyCsrfToken.php(78): Illuminate/Pipeline/Pipeline->Illuminate/Pipeline/{closure}(Object(Illuminate/Http/Request))
#23 C:/laragon/www/kurikulum/vendor/laravel/framework/src/Illuminate/Pipeline/Pipeline.php(183): Illuminate/Foundation/Http/Middleware/VerifyCsrfToken->handle(Object(Illuminate/Http/Request), Object(Closure))
#24 C:/laragon/www/kurikulum/vendor/laravel/framework/src/Illuminate/View/Middleware/ShareErrorsFromSession.php(49): Illuminate/Pipeline/Pipeline->Illuminate/Pipeline/{closure}(Object(Illuminate/Http/Request))
#25 C:/laragon/www/kurikulum/vendor/laravel/framework/src/Illuminate/Pipeline/Pipeline.php(183): Illuminate/View/Middleware/ShareErrorsFromSession->handle(Object(Illuminate/Http/Request), Object(Closure))
#26 C:/laragon/www/kurikulum/vendor/laravel/framework/src/Illuminate/Session/Middleware/StartSession.php(121): Illuminate/Pipeline/Pipeline->Illuminate/Pipeline/{closure}(Object(Illuminate/Http/Request))
#27 C:/laragon/www/kurikulum/vendor/laravel/framework/src/Illuminate/Session/Middleware/StartSession.php(64): Illuminate/Session/Middleware/StartSession->handleStatefulRequest(Object(Illuminate/Http/Request), Object(Illuminate/Session/Store), Object(Closure))
#28 C:/laragon/www/kurikulum/vendor/laravel/framework/src/Illuminate/Pipeline/Pipeline.php(183): Illuminate/Session/Middleware/StartSession->handle(Object(Illuminate/Http/Request), Object(Closure))
#29 C:/laragon/www/kurikulum/vendor/laravel/framework/src/Illuminate/Cookie/Middleware/AddQueuedCookiesToResponse.php(37): Illuminate/Pipeline/Pipeline->Illuminate/Pipeline/{closure}(Object(Illuminate/Http/Request))
#30 C:/laragon/www/kurikulum/vendor/laravel/framework/src/Illuminate/Pipeline/Pipeline.php(183): Illuminate/Cookie/Middleware/AddQueuedCookiesToResponse->handle(Object(Illuminate/Http/Request), Object(Closure))
#31 C:/laragon/www/kurikulum/vendor/laravel/framework/src/Illuminate/Cookie/Middleware/EncryptCookies.php(67): Illuminate/Pipeline/Pipeline->Illuminate/Pipeline/{closure}(Object(Illuminate/Http/Request))
#32 C:/laragon/www/kurikulum/vendor/laravel/framework/src/Illuminate/Pipeline/Pipeline.php(183): Illuminate/Cookie/Middleware/EncryptCookies->handle(Object(Illuminate/Http/Request), Object(Closure))
#33 C:/laragon/www/kurikulum/vendor/laravel/framework/src/Illuminate/Pipeline/Pipeline.php(119): Illuminate/Pipeline/Pipeline->Illuminate/Pipeline/{closure}(Object(Illuminate/Http/Request))
#34 C:/laragon/www/kurikulum/vendor/laravel/framework/src/Illuminate/Routing/Router.php(805): Illuminate/Pipeline/Pipeline->then(Object(Closure))
#35 C:/laragon/www/kurikulum/vendor/laravel/framework/src/Illuminate/Routing/Router.php(784): Illuminate/Routing/Router->runRouteWithinStack(Object(Illuminate/Routing/Route), Object(Illuminate/Http/Request))
#36 C:/laragon/www/kurikulum/vendor/laravel/framework/src/Illuminate/Routing/Router.php(748): Illuminate/Routing/Router->runRoute(Object(Illuminate/Http/Request), Object(Illuminate/Routing/Route))
#37 C:/laragon/www/kurikulum/vendor/laravel/framework/src/Illuminate/Routing/Router.php(737): Illuminate/Routing/Router->dispatchToRoute(Object(Illuminate/Http/Request))
#38 C:/laragon/www/kurikulum/vendor/laravel/framework/src/Illuminate/Foundation/Http/Kernel.php(200): Illuminate/Routing/Router->dispatch(Object(Illuminate/Http/Request))
#39 C:/laragon/www/kurikulum/vendor/laravel/framework/src/Illuminate/Pipeline/Pipeline.php(144): Illuminate/Foundation/Http/Kernel->Illuminate/Foundation/Http/{closure}(Object(Illuminate/Http/Request))
#40 C:/laragon/www/kurikulum/vendor/laravel/framework/src/Illuminate/Foundation/Http/Middleware/TransformsRequest.php(21): Illuminate/Pipeline/Pipeline->Illuminate/Pipeline/{closure}(Object(Illuminate/Http/Request))
#41 C:/laragon/www/kurikulum/vendor/laravel/framework/src/Illuminate/Foundation/Http/Middleware/ConvertEmptyStringsToNull.php(31): Illuminate/Foundation/Http/Middleware/TransformsRequest->handle(Object(Illuminate/Http/Request), Object(Closure))
#42 C:/laragon/www/kurikulum/vendor/laravel/framework/src/Illuminate/Pipeline/Pipeline.php(183): Illuminate/Foundation/Http/Middleware/ConvertEmptyStringsToNull->handle(Object(Illuminate/Http/Request), Object(Closure))
#43 C:/laragon/www/kurikulum/vendor/laravel/framework/src/Illuminate/Foundation/Http/Middleware/TransformsRequest.php(21): Illuminate/Pipeline/Pipeline->Illuminate/Pipeline/{closure}(Object(Illuminate/Http/Request))
#44 C:/laragon/www/kurikulum/vendor/laravel/framework/src/Illuminate/Foundation/Http/Middleware/TrimStrings.php(40): Illuminate/Foundation/Http/Middleware/TransformsRequest->handle(Object(Illuminate/Http/Request), Object(Closure))
#45 C:/laragon/www/kurikulum/vendor/laravel/framework/src/Illuminate/Pipeline/Pipeline.php(183): Illuminate/Foundation/Http/Middleware/TrimStrings->handle(Object(Illuminate/Http/Request), Object(Closure))
#46 C:/laragon/www/kurikulum/vendor/laravel/framework/src/Illuminate/Foundation/Http/Middleware/ValidatePostSize.php(27): Illuminate/Pipeline/Pipeline->Illuminate/Pipeline/{closure}(Object(Illuminate/Http/Request))
#47 C:/laragon/www/kurikulum/vendor/laravel/framework/src/Illuminate/Pipeline/Pipeline.php(183): Illuminate/Foundation/Http/Middleware/ValidatePostSize->handle(Object(Illuminate/Http/Request), Object(Closure))
#48 C:/laragon/www/kurikulum/vendor/laravel/framework/src/Illuminate/Foundation/Http/Middleware/PreventRequestsDuringMaintenance.php(99): Illuminate/Pipeline/Pipeline->Illuminate/Pipeline/{closure}(Object(Illuminate/Http/Request))
#49 C:/laragon/www/kurikulum/vendor/laravel/framework/src/Illuminate/Pipeline/Pipeline.php(183): Illuminate/Foundation/Http/Middleware/PreventRequestsDuringMaintenance->handle(Object(Illuminate/Http/Request), Object(Closure))
#50 C:/laragon/www/kurikulum/vendor/laravel/framework/src/Illuminate/Http/Middleware/HandleCors.php(49): Illuminate/Pipeline/Pipeline->Illuminate/Pipeline/{closure}(Object(Illuminate/Http/Request))
#51 C:/laragon/www/kurikulum/vendor/laravel/framework/src/Illuminate/Pipeline/Pipeline.php(183): Illuminate/Http/Middleware/HandleCors->handle(Object(Illuminate/Http/Request), Object(Closure))
#52 C:/laragon/www/kurikulum/vendor/laravel/framework/src/Illuminate/Http/Middleware/TrustProxies.php(39): Illuminate/Pipeline/Pipeline->Illuminate/Pipeline/{closure}(Object(Illuminate/Http/Request))
#53 C:/laragon/www/kurikulum/vendor/laravel/framework/src/Illuminate/Pipeline/Pipeline.php(183): Illuminate/Http/Middleware/TrustProxies->handle(Object(Illuminate/Http/Request), Object(Closure))
#54 C:/laragon/www/kurikulum/vendor/laravel/framework/src/Illuminate/Pipeline/Pipeline.php(119): Illuminate/Pipeline/Pipeline->Illuminate/Pipeline/{closure}(Object(Illuminate/Http/Request))
#55 C:/laragon/www/kurikulum/vendor/laravel/framework/src/Illuminate/Foundation/Http/Kernel.php(175): Illuminate/Pipeline/Pipeline->then(Object(Closure))
#56 C:/laragon/www/kurikulum/vendor/laravel/framework/src/Illuminate/Foundation/Http/Kernel.php(144): Illuminate/Foundation/Http/Kernel->sendRequestThroughRouter(Object(Illuminate/Http/Request))
#57 C:/laragon/www/kurikulum/public/index.php(18): Illuminate/Foundation/Http/Kernel->handle(Object(Illuminate/Http/Request))
#58 C:/laragon/www/kurikulum/vendor/laravel/framework/src/Illuminate/Foundation/resources/server.php(16): require_once('C://laragon//www//...')
#59 {main}

[previous exception] [object] (PDOException(code: 42S02): SQLSTATE[42S02]: Base table or view not found: 1146 Table 'datacenter.kelas' doesn't exist at C:/laragon/www/kurikulum/vendor/laravel/framework/src/Illuminate/Database/Connection.php:423)
[stacktrace]
#0 C:/laragon/www/kurikulum/vendor/laravel/framework/src/Illuminate/Database/Connection.php(423): PDO->prepare('select count(*)...')
#1 C:/laragon/www/kurikulum/vendor/laravel/framework/src/Illuminate/Database/Connection.php(816): Illuminate/Database/Connection->Illuminate/Database/{closure}('select count(*)...', Array)
#2 C:/laragon/www/kurikulum/vendor/laravel/framework/src/Illuminate/Database/Connection.php(783): Illuminate/Database/Connection->runQueryCallback('select count(*)...', Array, Object(Closure))
#3 C:/laragon/www/kurikulum/vendor/laravel/framework/src/Illuminate/Database/Connection.php(414): Illuminate/Database/Connection->run('select count(*)...', Array, Object(Closure))
#4 C:/laragon/www/kurikulum/vendor/laravel/framework/src/Illuminate/Database/Query/Builder.php(2913): Illuminate/Database/Connection->select('select count(*)...', Array, true)
#5 C:/laragon/www/kurikulum/vendor/laravel/framework/src/Illuminate/Database/Query/Builder.php(2902): Illuminate/Database/Query/Builder->runSelect()
#6 C:/laragon/www/kurikulum/vendor/laravel/framework/src/Illuminate/Database/Query/Builder.php(3456): Illuminate/Database/Query/Builder->Illuminate/Database/Query/{closure}()
#7 C:/laragon/www/kurikulum/vendor/laravel/framework/src/Illuminate/Database/Query/Builder.php(2901): Illuminate/Database/Query/Builder->onceWithColumns(Array, Object(Closure))
#8 C:/laragon/www/kurikulum/vendor/laravel/framework/src/Illuminate/Database/Query/Builder.php(3066): Illuminate/Database/Query/Builder->get()
#9 C:/laragon/www/kurikulum/vendor/laravel/framework/src/Illuminate/Database/Query/Builder.php(3025): Illuminate/Database/Query/Builder->runPaginationCountQuery(Array)
#10 C:/laragon/www/kurikulum/vendor/laravel/framework/src/Illuminate/Database/Eloquent/Builder.php(923): Illuminate/Database/Query/Builder->getCountForPagination()
#11 C:/laragon/www/kurikulum/app/Http/Controllers/Crud/BaseCrudController.php(96): Illuminate/Database/Eloquent/Builder->paginate(10)
#12 C:/laragon/www/kurikulum/vendor/laravel/framework/src/Illuminate/Routing/Controller.php(54): App/Http/Controllers/Crud/BaseCrudController->index(Object(Illuminate/Http/Request))
#13 C:/laragon/www/kurikulum/vendor/laravel/framework/src/Illuminate/Routing/ControllerDispatcher.php(43): Illuminate/Routing/Controller->callAction('index', Array)
#14 C:/laragon/www/kurikulum/vendor/laravel/framework/src/Illuminate/Routing/Route.php(259): Illuminate/Routing/ControllerDispatcher->dispatch(Object(Illuminate/Routing/Route), Object(App/Http/Controllers/Setting/KelasController), 'index')
#15 C:/laragon/www/kurikulum/vendor/laravel/framework/src/Illuminate/Routing/Route.php(205): Illuminate/Routing/Route->runController()
#16 C:/laragon/www/kurikulum/vendor/laravel/framework/src/Illuminate/Routing/Router.php(806): Illuminate/Routing/Route->run()
#17 C:/laragon/www/kurikulum/vendor/laravel/framework/src/Illuminate/Pipeline/Pipeline.php(144): Illuminate/Routing/Router->Illuminate/Routing/{closure}(Object(Illuminate/Http/Request))
#18 C:/laragon/www/kurikulum/app/Http/Middleware/EnsureUserHasRole.php(23): Illuminate/Pipeline/Pipeline->Illuminate/Pipeline/{closure}(Object(Illuminate/Http/Request))
#19 C:/laragon/www/kurikulum/vendor/laravel/framework/src/Illuminate/Pipeline/Pipeline.php(183): App/Http/Middleware/EnsureUserHasRole->handle(Object(Illuminate/Http/Request), Object(Closure), 'admin')
#20 C:/laragon/www/kurikulum/vendor/laravel/framework/src/Illuminate/Routing/Middleware/SubstituteBindings.php(50): Illuminate/Pipeline/Pipeline->Illuminate/Pipeline/{closure}(Object(Illuminate/Http/Request))
#21 C:/laragon/www/kurikulum/vendor/laravel/framework/src/Illuminate/Pipeline/Pipeline.php(183): Illuminate/Routing/Middleware/SubstituteBindings->handle(Object(Illuminate/Http/Request), Object(Closure))
#22 C:/laragon/www/kurikulum/vendor/laravel/framework/src/Illuminate/Auth/Middleware/Authenticate.php(57): Illuminate/Pipeline/Pipeline->Illuminate/Pipeline/{closure}(Object(Illuminate/Http/Request))
#23 C:/laragon/www/kurikulum/vendor/laravel/framework/src/Illuminate/Pipeline/Pipeline.php(183): Illuminate/Auth/Middleware/Authenticate->handle(Object(Illuminate/Http/Request), Object(Closure))
#24 C:/laragon/www/kurikulum/vendor/laravel/framework/src/Illuminate/Foundation/Http/Middleware/VerifyCsrfToken.php(78): Illuminate/Pipeline/Pipeline->Illuminate/Pipeline/{closure}(Object(Illuminate/Http/Request))
#25 C:/laragon/www/kurikulum/vendor/laravel/framework/src/Illuminate/Pipeline/Pipeline.php(183): Illuminate/Foundation/Http/Middleware/VerifyCsrfToken->handle(Object(Illuminate/Http/Request), Object(Closure))
#26 C:/laragon/www/kurikulum/vendor/laravel/framework/src/Illuminate/View/Middleware/ShareErrorsFromSession.php(49): Illuminate/Pipeline/Pipeline->Illuminate/Pipeline/{closure}(Object(Illuminate/Http/Request))
#27 C:/laragon/www/kurikulum/vendor/laravel/framework/src/Illuminate/Pipeline/Pipeline.php(183): Illuminate/View/Middleware/ShareErrorsFromSession->handle(Object(Illuminate/Http/Request), Object(Closure))
#28 C:/laragon/www/kurikulum/vendor/laravel/framework/src/Illuminate/Session/Middleware/StartSession.php(121): Illuminate/Pipeline/Pipeline->Illuminate/Pipeline/{closure}(Object(Illuminate/Http/Request))
#29 C:/laragon/www/kurikulum/vendor/laravel/framework/src/Illuminate/Session/Middleware/StartSession.php(64): Illuminate/Session/Middleware/StartSession->handleStatefulRequest(Object(Illuminate/Http/Request), Object(Illuminate/Session/Store), Object(Closure))
#30 C:/laragon/www/kurikulum/vendor/laravel/framework/src/Illuminate/Pipeline/Pipeline.php(183): Illuminate/Session/Middleware/StartSession->handle(Object(Illuminate/Http/Request), Object(Closure))
#31 C:/laragon/www/kurikulum/vendor/laravel/framework/src/Illuminate/Cookie/Middleware/AddQueuedCookiesToResponse.php(37): Illuminate/Pipeline/Pipeline->Illuminate/Pipeline/{closure}(Object(Illuminate/Http/Request))
#32 C:/laragon/www/kurikulum/vendor/laravel/framework/src/Illuminate/Pipeline/Pipeline.php(183): Illuminate/Cookie/Middleware/AddQueuedCookiesToResponse->handle(Object(Illuminate/Http/Request), Object(Closure))
#33 C:/laragon/www/kurikulum/vendor/laravel/framework/src/Illuminate/Cookie/Middleware/EncryptCookies.php(67): Illuminate/Pipeline/Pipeline->Illuminate/Pipeline/{closure}(Object(Illuminate/Http/Request))
#34 C:/laragon/www/kurikulum/vendor/laravel/framework/src/Illuminate/Pipeline/Pipeline.php(183): Illuminate/Cookie/Middleware/EncryptCookies->handle(Object(Illuminate/Http/Request), Object(Closure))
#35 C:/laragon/www/kurikulum/vendor/laravel/framework/src/Illuminate/Pipeline/Pipeline.php(119): Illuminate/Pipeline/Pipeline->Illuminate/Pipeline/{closure}(Object(Illuminate/Http/Request))
#36 C:/laragon/www/kurikulum/vendor/laravel/framework/src/Illuminate/Routing/Router.php(805): Illuminate/Pipeline/Pipeline->then(Object(Closure))
#37 C:/laragon/www/kurikulum/vendor/laravel/framework/src/Illuminate/Routing/Router.php(784): Illuminate/Routing/Router->runRouteWithinStack(Object(Illuminate/Routing/Route), Object(Illuminate/Http/Request))
#38 C:/laragon/www/kurikulum/vendor/laravel/framework/src/Illuminate/Routing/Router.php(748): Illuminate/Routing/Router->runRoute(Object(Illuminate/Http/Request), Object(Illuminate/Routing/Route))
#39 C:/laragon/www/kurikulum/vendor/laravel/framework/src/Illuminate/Routing/Router.php(737): Illuminate/Routing/Router->dispatchToRoute(Object(Illuminate/Http/Request))
#40 C:/laragon/www/kurikulum/vendor/laravel/framework/src/Illuminate/Foundation/Http/Kernel.php(200): Illuminate/Routing/Router->dispatch(Object(Illuminate/Http/Request))
#41 C:/laragon/www/kurikulum/vendor/laravel/framework/src/Illuminate/Pipeline/Pipeline.php(144): Illuminate/Foundation/Http/Kernel->Illuminate/Foundation/Http/{closure}(Object(Illuminate/Http/Request))
#42 C:/laragon/www/kurikulum/vendor/laravel/framework/src/Illuminate/Foundation/Http/Middleware/TransformsRequest.php(21): Illuminate/Pipeline/Pipeline->Illuminate/Pipeline/{closure}(Object(Illuminate/Http/Request))
#43 C:/laragon/www/kurikulum/vendor/laravel/framework/src/Illuminate/Foundation/Http/Middleware/ConvertEmptyStringsToNull.php(31): Illuminate/Foundation/Http/Middleware/TransformsRequest->handle(Object(Illuminate/Http/Request), Object(Closure))
#44 C:/laragon/www/kurikulum/vendor/laravel/framework/src/Illuminate/Pipeline/Pipeline.php(183): Illuminate/Foundation/Http/Middleware/ConvertEmptyStringsToNull->handle(Object(Illuminate/Http/Request), Object(Closure))
#45 C:/laragon/www/kurikulum/vendor/laravel/framework/src/Illuminate/Foundation/Http/Middleware/TransformsRequest.php(21): Illuminate/Pipeline/Pipeline->Illuminate/Pipeline/{closure}(Object(Illuminate/Http/Request))
#46 C:/laragon/www/kurikulum/vendor/laravel/framework/src/Illuminate/Foundation/Http/Middleware/TrimStrings.php(40): Illuminate/Foundation/Http/Middleware/TransformsRequest->handle(Object(Illuminate/Http/Request), Object(Closure))
#47 C:/laragon/www/kurikulum/vendor/laravel/framework/src/Illuminate/Pipeline/Pipeline.php(183): Illuminate/Foundation/Http/Middleware/TrimStrings->handle(Object(Illuminate/Http/Request), Object(Closure))
#48 C:/laragon/www/kurikulum/vendor/laravel/framework/src/Illuminate/Foundation/Http/Middleware/ValidatePostSize.php(27): Illuminate/Pipeline/Pipeline->Illuminate/Pipeline/{closure}(Object(Illuminate/Http/Request))
#49 C:/laragon/www/kurikulum/vendor/laravel/framework/src/Illuminate/Pipeline/Pipeline.php(183): Illuminate/Foundation/Http/Middleware/ValidatePostSize->handle(Object(Illuminate/Http/Request), Object(Closure))
#50 C:/laragon/www/kurikulum/vendor/laravel/framework/src/Illuminate/Foundation/Http/Middleware/PreventRequestsDuringMaintenance.php(99): Illuminate/Pipeline/Pipeline->Illuminate/Pipeline/{closure}(Object(Illuminate/Http/Request))
#51 C:/laragon/www/kurikulum/vendor/laravel/framework/src/Illuminate/Pipeline/Pipeline.php(183): Illuminate/Foundation/Http/Middleware/PreventRequestsDuringMaintenance->handle(Object(Illuminate/Http/Request), Object(Closure))
#52 C:/laragon/www/kurikulum/vendor/laravel/framework/src/Illuminate/Http/Middleware/HandleCors.php(49): Illuminate/Pipeline/Pipeline->Illuminate/Pipeline/{closure}(Object(Illuminate/Http/Request))
#53 C:/laragon/www/kurikulum/vendor/laravel/framework/src/Illuminate/Pipeline/Pipeline.php(183): Illuminate/Http/Middleware/HandleCors->handle(Object(Illuminate/Http/Request), Object(Closure))
#54 C:/laragon/www/kurikulum/vendor/laravel/framework/src/Illuminate/Http/Middleware/TrustProxies.php(39): Illuminate/Pipeline/Pipeline->Illuminate/Pipeline/{closure}(Object(Illuminate/Http/Request))
#55 C:/laragon/www/kurikulum/vendor/laravel/framework/src/Illuminate/Pipeline/Pipeline.php(183): Illuminate/Http/Middleware/TrustProxies->handle(Object(Illuminate/Http/Request), Object(Closure))
#56 C:/laragon/www/kurikulum/vendor/laravel/framework/src/Illuminate/Pipeline/Pipeline.php(119): Illuminate/Pipeline/Pipeline->Illuminate/Pipeline/{closure}(Object(Illuminate/Http/Request))
#57 C:/laragon/www/kurikulum/vendor/laravel/framework/src/Illuminate/Foundation/Http/Kernel.php(175): Illuminate/Pipeline/Pipeline->then(Object(Closure))
#58 C:/laragon/www/kurikulum/vendor/laravel/framework/src/Illuminate/Foundation/Http/Kernel.php(144): Illuminate/Foundation/Http/Kernel->sendRequestThroughRouter(Object(Illuminate/Http/Request))
#59 C:/laragon/www/kurikulum/public/index.php(18): Illuminate/Foundation/Http/Kernel->handle(Object(Illuminate/Http/Request))
#60 C:/laragon/www/kurikulum/vendor/laravel/framework/src/Illuminate/Foundation/resources/server.php(16): require_once('C://laragon//www//...')
#61 {main}
"} 
[2026-07-17 22:59:15] local.ERROR: SQLSTATE[42S22]: Column not found: 1054 Unknown column 'nama_tingkat' in 'where clause' (Connection: datacenter, SQL: select * from `tingkat_kelas` where `nama_tingkat` = X limit 1) {"exception":"[object] (Illuminate\\Database\\QueryException(code: 42S22): SQLSTATE[42S22]: Column not found: 1054 Unknown column 'nama_tingkat' in 'where clause' (Connection: datacenter, SQL: select * from `tingkat_kelas` where `nama_tingkat` = X limit 1) at C:/laragon/www/kurikulum/vendor/laravel/framework/src/Illuminate/Database/Connection.php:829)
[stacktrace]
#0 C:/laragon/www/kurikulum/vendor/laravel/framework/src/Illuminate/Database/Connection.php(783): Illuminate/Database/Connection->runQueryCallback('select * from `...', Array, Object(Closure))
#1 C:/laragon/www/kurikulum/vendor/laravel/framework/src/Illuminate/Database/Connection.php(414): Illuminate/Database/Connection->run('select * from `...', Array, Object(Closure))
#2 C:/laragon/www/kurikulum/vendor/laravel/framework/src/Illuminate/Database/Query/Builder.php(2913): Illuminate/Database/Connection->select('select * from `...', Array, true)
#3 C:/laragon/www/kurikulum/vendor/laravel/framework/src/Illuminate/Database/Query/Builder.php(2902): Illuminate/Database/Query/Builder->runSelect()
#4 C:/laragon/www/kurikulum/vendor/laravel/framework/src/Illuminate/Database/Query/Builder.php(3456): Illuminate/Database/Query/Builder->Illuminate/Database/Query/{closure}()
#5 C:/laragon/www/kurikulum/vendor/laravel/framework/src/Illuminate/Database/Query/Builder.php(2901): Illuminate/Database/Query/Builder->onceWithColumns(Array, Object(Closure))
#6 C:/laragon/www/kurikulum/vendor/laravel/framework/src/Illuminate/Database/Eloquent/Builder.php(739): Illuminate/Database/Query/Builder->get(Array)
#7 C:/laragon/www/kurikulum/vendor/laravel/framework/src/Illuminate/Database/Eloquent/Builder.php(723): Illuminate/Database/Eloquent/Builder->getModels(Array)
#8 C:/laragon/www/kurikulum/vendor/laravel/framework/src/Illuminate/Database/Concerns/BuildsQueries.php(333): Illuminate/Database/Eloquent/Builder->get(Array)
#9 C:/laragon/www/kurikulum/database/seeders/AlokasiJamMapelSeeder.php(18): Illuminate/Database/Eloquent/Builder->first()
#10 C:/laragon/www/kurikulum/vendor/laravel/framework/src/Illuminate/Container/BoundMethod.php(36): Database/Seeders/AlokasiJamMapelSeeder->run()
#11 C:/laragon/www/kurikulum/vendor/laravel/framework/src/Illuminate/Container/Util.php(41): Illuminate/Container/BoundMethod::Illuminate/Container/{closure}()
#12 C:/laragon/www/kurikulum/vendor/laravel/framework/src/Illuminate/Container/BoundMethod.php(93): Illuminate/Container/Util::unwrapIfClosure(Object(Closure))
#13 C:/laragon/www/kurikulum/vendor/laravel/framework/src/Illuminate/Container/BoundMethod.php(35): Illuminate/Container/BoundMethod::callBoundMethod(Object(Illuminate/Foundation/Application), Array, Object(Closure))
#14 C:/laragon/www/kurikulum/vendor/laravel/framework/src/Illuminate/Container/Container.php(662): Illuminate/Container/BoundMethod::call(Object(Illuminate/Foundation/Application), Array, Array, NULL)
#15 C:/laragon/www/kurikulum/vendor/laravel/framework/src/Illuminate/Database/Seeder.php(184): Illuminate/Container/Container->call(Array, Array)
#16 C:/laragon/www/kurikulum/vendor/laravel/framework/src/Illuminate/Database/Seeder.php(193): Illuminate/Database/Seeder->Illuminate/Database/{closure}()
#17 C:/laragon/www/kurikulum/vendor/laravel/framework/src/Illuminate/Database/Console/Seeds/SeedCommand.php(70): Illuminate/Database/Seeder->__invoke()
#18 C:/laragon/www/kurikulum/vendor/laravel/framework/src/Illuminate/Database/Eloquent/Concerns/GuardsAttributes.php(155): Illuminate/Database/Console/Seeds/SeedCommand->Illuminate/Database/Console/Seeds/{closure}()
#19 C:/laragon/www/kurikulum/vendor/laravel/framework/src/Illuminate/Database/Console/Seeds/SeedCommand.php(69): Illuminate/Database/Eloquent/Model::unguarded(Object(Closure))
#20 C:/laragon/www/kurikulum/vendor/laravel/framework/src/Illuminate/Container/BoundMethod.php(36): Illuminate/Database/Console/Seeds/SeedCommand->handle()
#21 C:/laragon/www/kurikulum/vendor/laravel/framework/src/Illuminate/Container/Util.php(41): Illuminate/Container/BoundMethod::Illuminate/Container/{closure}()
#22 C:/laragon/www/kurikulum/vendor/laravel/framework/src/Illuminate/Container/BoundMethod.php(93): Illuminate/Container/Util::unwrapIfClosure(Object(Closure))
#23 C:/laragon/www/kurikulum/vendor/laravel/framework/src/Illuminate/Container/BoundMethod.php(35): Illuminate/Container/BoundMethod::callBoundMethod(Object(Illuminate/Foundation/Application), Array, Object(Closure))
#24 C:/laragon/www/kurikulum/vendor/laravel/framework/src/Illuminate/Container/Container.php(662): Illuminate/Container/BoundMethod::call(Object(Illuminate/Foundation/Application), Array, Array, NULL)
#25 C:/laragon/www/kurikulum/vendor/laravel/framework/src/Illuminate/Console/Command.php(211): Illuminate/Container/Container->call(Array)
#26 C:/laragon/www/kurikulum/vendor/symfony/console/Command/Command.php(326): Illuminate/Console/Command->execute(Object(Symfony/Component/Console/Input/ArgvInput), Object(Illuminate/Console/OutputStyle))
#27 C:/laragon/www/kurikulum/vendor/laravel/framework/src/Illuminate/Console/Command.php(180): Symfony/Component/Console/Command/Command->run(Object(Symfony/Component/Console/Input/ArgvInput), Object(Illuminate/Console/OutputStyle))
#28 C:/laragon/www/kurikulum/vendor/symfony/console/Application.php(1121): Illuminate/Console/Command->run(Object(Symfony/Component/Console/Input/ArgvInput), Object(Symfony/Component/Console/Output/ConsoleOutput))
#29 C:/laragon/www/kurikulum/vendor/symfony/console/Application.php(324): Symfony/Component/Console/Application->doRunCommand(Object(Illuminate/Database/Console/Seeds/SeedCommand), Object(Symfony/Component/Console/Input/ArgvInput), Object(Symfony/Component/Console/Output/ConsoleOutput))
#30 C:/laragon/www/kurikulum/vendor/symfony/console/Application.php(175): Symfony/Component/Console/Application->doRun(Object(Symfony/Component/Console/Input/ArgvInput), Object(Symfony/Component/Console/Output/ConsoleOutput))
#31 C:/laragon/www/kurikulum/vendor/laravel/framework/src/Illuminate/Foundation/Console/Kernel.php(201): Symfony/Component/Console/Application->run(Object(Symfony/Component/Console/Input/ArgvInput), Object(Symfony/Component/Console/Output/ConsoleOutput))
#32 C:/laragon/www/kurikulum/artisan(14): Illuminate/Foundation/Console/Kernel->handle(Object(Symfony/Component/Console/Input/ArgvInput), Object(Symfony/Component/Console/Output/ConsoleOutput))
#33 {main}

[previous exception] [object] (PDOException(code: 42S22): SQLSTATE[42S22]: Column not found: 1054 Unknown column 'nama_tingkat' in 'where clause' at C:/laragon/www/kurikulum/vendor/laravel/framework/src/Illuminate/Database/Connection.php:423)
[stacktrace]
#0 C:/laragon/www/kurikulum/vendor/laravel/framework/src/Illuminate/Database/Connection.php(423): PDO->prepare('select * from `...')
#1 C:/laragon/www/kurikulum/vendor/laravel/framework/src/Illuminate/Database/Connection.php(816): Illuminate/Database/Connection->Illuminate/Database/{closure}('select * from `...', Array)
#2 C:/laragon/www/kurikulum/vendor/laravel/framework/src/Illuminate/Database/Connection.php(783): Illuminate/Database/Connection->runQueryCallback('select * from `...', Array, Object(Closure))
#3 C:/laragon/www/kurikulum/vendor/laravel/framework/src/Illuminate/Database/Connection.php(414): Illuminate/Database/Connection->run('select * from `...', Array, Object(Closure))
#4 C:/laragon/www/kurikulum/vendor/laravel/framework/src/Illuminate/Database/Query/Builder.php(2913): Illuminate/Database/Connection->select('select * from `...', Array, true)
#5 C:/laragon/www/kurikulum/vendor/laravel/framework/src/Illuminate/Database/Query/Builder.php(2902): Illuminate/Database/Query/Builder->runSelect()
#6 C:/laragon/www/kurikulum/vendor/laravel/framework/src/Illuminate/Database/Query/Builder.php(3456): Illuminate/Database/Query/Builder->Illuminate/Database/Query/{closure}()
#7 C:/laragon/www/kurikulum/vendor/laravel/framework/src/Illuminate/Database/Query/Builder.php(2901): Illuminate/Database/Query/Builder->onceWithColumns(Array, Object(Closure))
#8 C:/laragon/www/kurikulum/vendor/laravel/framework/src/Illuminate/Database/Eloquent/Builder.php(739): Illuminate/Database/Query/Builder->get(Array)
#9 C:/laragon/www/kurikulum/vendor/laravel/framework/src/Illuminate/Database/Eloquent/Builder.php(723): Illuminate/Database/Eloquent/Builder->getModels(Array)
#10 C:/laragon/www/kurikulum/vendor/laravel/framework/src/Illuminate/Database/Concerns/BuildsQueries.php(333): Illuminate/Database/Eloquent/Builder->get(Array)
#11 C:/laragon/www/kurikulum/database/seeders/AlokasiJamMapelSeeder.php(18): Illuminate/Database/Eloquent/Builder->first()
#12 C:/laragon/www/kurikulum/vendor/laravel/framework/src/Illuminate/Container/BoundMethod.php(36): Database/Seeders/AlokasiJamMapelSeeder->run()
#13 C:/laragon/www/kurikulum/vendor/laravel/framework/src/Illuminate/Container/Util.php(41): Illuminate/Container/BoundMethod::Illuminate/Container/{closure}()
#14 C:/laragon/www/kurikulum/vendor/laravel/framework/src/Illuminate/Container/BoundMethod.php(93): Illuminate/Container/Util::unwrapIfClosure(Object(Closure))
#15 C:/laragon/www/kurikulum/vendor/laravel/framework/src/Illuminate/Container/BoundMethod.php(35): Illuminate/Container/BoundMethod::callBoundMethod(Object(Illuminate/Foundation/Application), Array, Object(Closure))
#16 C:/laragon/www/kurikulum/vendor/laravel/framework/src/Illuminate/Container/Container.php(662): Illuminate/Container/BoundMethod::call(Object(Illuminate/Foundation/Application), Array, Array, NULL)
#17 C:/laragon/www/kurikulum/vendor/laravel/framework/src/Illuminate/Database/Seeder.php(184): Illuminate/Container/Container->call(Array, Array)
#18 C:/laragon/www/kurikulum/vendor/laravel/framework/src/Illuminate/Database/Seeder.php(193): Illuminate/Database/Seeder->Illuminate/Database/{closure}()
#19 C:/laragon/www/kurikulum/vendor/laravel/framework/src/Illuminate/Database/Console/Seeds/SeedCommand.php(70): Illuminate/Database/Seeder->__invoke()
#20 C:/laragon/www/kurikulum/vendor/laravel/framework/src/Illuminate/Database/Eloquent/Concerns/GuardsAttributes.php(155): Illuminate/Database/Console/Seeds/SeedCommand->Illuminate/Database/Console/Seeds/{closure}()
#21 C:/laragon/www/kurikulum/vendor/laravel/framework/src/Illuminate/Database/Console/Seeds/SeedCommand.php(69): Illuminate/Database/Eloquent/Model::unguarded(Object(Closure))
#22 C:/laragon/www/kurikulum/vendor/laravel/framework/src/Illuminate/Container/BoundMethod.php(36): Illuminate/Database/Console/Seeds/SeedCommand->handle()
#23 C:/laragon/www/kurikulum/vendor/laravel/framework/src/Illuminate/Container/Util.php(41): Illuminate/Container/BoundMethod::Illuminate/Container/{closure}()
#24 C:/laragon/www/kurikulum/vendor/laravel/framework/src/Illuminate/Container/BoundMethod.php(93): Illuminate/Container/Util::unwrapIfClosure(Object(Closure))
#25 C:/laragon/www/kurikulum/vendor/laravel/framework/src/Illuminate/Container/BoundMethod.php(35): Illuminate/Container/BoundMethod::callBoundMethod(Object(Illuminate/Foundation/Application), Array, Object(Closure))
#26 C:/laragon/www/kurikulum/vendor/laravel/framework/src/Illuminate/Container/Container.php(662): Illuminate/Container/BoundMethod::call(Object(Illuminate/Foundation/Application), Array, Array, NULL)
#27 C:/laragon/www/kurikulum/vendor/laravel/framework/src/Illuminate/Console/Command.php(211): Illuminate/Container/Container->call(Array)
#28 C:/laragon/www/kurikulum/vendor/symfony/console/Command/Command.php(326): Illuminate/Console/Command->execute(Object(Symfony/Component/Console/Input/ArgvInput), Object(Illuminate/Console/OutputStyle))
#29 C:/laragon/www/kurikulum/vendor/laravel/framework/src/Illuminate/Console/Command.php(180): Symfony/Component/Console/Command/Command->run(Object(Symfony/Component/Console/Input/ArgvInput), Object(Illuminate/Console/OutputStyle))
#30 C:/laragon/www/kurikulum/vendor/symfony/console/Application.php(1121): Illuminate/Console/Command->run(Object(Symfony/Component/Console/Input/ArgvInput), Object(Symfony/Component/Console/Output/ConsoleOutput))
#31 C:/laragon/www/kurikulum/vendor/symfony/console/Application.php(324): Symfony/Component/Console/Application->doRunCommand(Object(Illuminate/Database/Console/Seeds/SeedCommand), Object(Symfony/Component/Console/Input/ArgvInput), Object(Symfony/Component/Console/Output/ConsoleOutput))
#32 C:/laragon/www/kurikulum/vendor/symfony/console/Application.php(175): Symfony/Component/Console/Application->doRun(Object(Symfony/Component/Console/Input/ArgvInput), Object(Symfony/Component/Console/Output/ConsoleOutput))
#33 C:/laragon/www/kurikulum/vendor/laravel/framework/src/Illuminate/Foundation/Console/Kernel.php(201): Symfony/Component/Console/Application->run(Object(Symfony/Component/Console/Input/ArgvInput), Object(Symfony/Component/Console/Output/ConsoleOutput))
#34 C:/laragon/www/kurikulum/artisan(14): Illuminate/Foundation/Console/Kernel->handle(Object(Symfony/Component/Console/Input/ArgvInput), Object(Symfony/Component/Console/Output/ConsoleOutput))
#35 {main}
"} 
[2026-07-17 23:03:15] local.ERROR: SQLSTATE[42S22]: Column not found: 1054 Unknown column 'nama_tingkat' in 'order clause' (Connection: datacenter, SQL: select * from `tingkat_kelas` order by `nama_tingkat` asc) {"userId":1,"exception":"[object] (Illuminate\\Database\\QueryException(code: 42S22): SQLSTATE[42S22]: Column not found: 1054 Unknown column 'nama_tingkat' in 'order clause' (Connection: datacenter, SQL: select * from `tingkat_kelas` order by `nama_tingkat` asc) at C:/laragon/www/kurikulum/vendor/laravel/framework/src/Illuminate/Database/Connection.php:829)
[stacktrace]
#0 C:/laragon/www/kurikulum/vendor/laravel/framework/src/Illuminate/Database/Connection.php(783): Illuminate/Database/Connection->runQueryCallback('select * from `...', Array, Object(Closure))
#1 C:/laragon/www/kurikulum/vendor/laravel/framework/src/Illuminate/Database/Connection.php(414): Illuminate/Database/Connection->run('select * from `...', Array, Object(Closure))
#2 C:/laragon/www/kurikulum/vendor/laravel/framework/src/Illuminate/Database/Query/Builder.php(2913): Illuminate/Database/Connection->select('select * from `...', Array, true)
#3 C:/laragon/www/kurikulum/vendor/laravel/framework/src/Illuminate/Database/Query/Builder.php(2902): Illuminate/Database/Query/Builder->runSelect()
#4 C:/laragon/www/kurikulum/vendor/laravel/framework/src/Illuminate/Database/Query/Builder.php(3456): Illuminate/Database/Query/Builder->Illuminate/Database/Query/{closure}()
#5 C:/laragon/www/kurikulum/vendor/laravel/framework/src/Illuminate/Database/Query/Builder.php(2901): Illuminate/Database/Query/Builder->onceWithColumns(Array, Object(Closure))
#6 C:/laragon/www/kurikulum/vendor/laravel/framework/src/Illuminate/Database/Eloquent/Builder.php(739): Illuminate/Database/Query/Builder->get(Array)
#7 C:/laragon/www/kurikulum/vendor/laravel/framework/src/Illuminate/Database/Eloquent/Builder.php(723): Illuminate/Database/Eloquent/Builder->getModels(Array)
#8 C:/laragon/www/kurikulum/app/Http/Controllers/Crud/BaseCrudController.php(206): Illuminate/Database/Eloquent/Builder->get()
#9 C:/laragon/www/kurikulum/app/Http/Controllers/Crud/BaseCrudController.php(124): App/Http/Controllers/Crud/BaseCrudController->resolveFieldOptions(Array)
#10 C:/laragon/www/kurikulum/vendor/laravel/framework/src/Illuminate/Routing/Controller.php(54): App/Http/Controllers/Crud/BaseCrudController->create()
#11 C:/laragon/www/kurikulum/vendor/laravel/framework/src/Illuminate/Routing/ControllerDispatcher.php(43): Illuminate/Routing/Controller->callAction('create', Array)
#12 C:/laragon/www/kurikulum/vendor/laravel/framework/src/Illuminate/Routing/Route.php(259): Illuminate/Routing/ControllerDispatcher->dispatch(Object(Illuminate/Routing/Route), Object(App/Http/Controllers/Kurikulum/AlokasiJamMapelController), 'create')
#13 C:/laragon/www/kurikulum/vendor/laravel/framework/src/Illuminate/Routing/Route.php(205): Illuminate/Routing/Route->runController()
#14 C:/laragon/www/kurikulum/vendor/laravel/framework/src/Illuminate/Routing/Router.php(806): Illuminate/Routing/Route->run()
#15 C:/laragon/www/kurikulum/vendor/laravel/framework/src/Illuminate/Pipeline/Pipeline.php(144): Illuminate/Routing/Router->Illuminate/Routing/{closure}(Object(Illuminate/Http/Request))
#16 C:/laragon/www/kurikulum/app/Http/Middleware/EnsureUserHasRole.php(23): Illuminate/Pipeline/Pipeline->Illuminate/Pipeline/{closure}(Object(Illuminate/Http/Request))
#17 C:/laragon/www/kurikulum/vendor/laravel/framework/src/Illuminate/Pipeline/Pipeline.php(183): App/Http/Middleware/EnsureUserHasRole->handle(Object(Illuminate/Http/Request), Object(Closure), 'admin', 'guru')
#18 C:/laragon/www/kurikulum/vendor/laravel/framework/src/Illuminate/Routing/Middleware/SubstituteBindings.php(50): Illuminate/Pipeline/Pipeline->Illuminate/Pipeline/{closure}(Object(Illuminate/Http/Request))
#19 C:/laragon/www/kurikulum/vendor/laravel/framework/src/Illuminate/Pipeline/Pipeline.php(183): Illuminate/Routing/Middleware/SubstituteBindings->handle(Object(Illuminate/Http/Request), Object(Closure))
#20 C:/laragon/www/kurikulum/vendor/laravel/framework/src/Illuminate/Auth/Middleware/Authenticate.php(57): Illuminate/Pipeline/Pipeline->Illuminate/Pipeline/{closure}(Object(Illuminate/Http/Request))
#21 C:/laragon/www/kurikulum/vendor/laravel/framework/src/Illuminate/Pipeline/Pipeline.php(183): Illuminate/Auth/Middleware/Authenticate->handle(Object(Illuminate/Http/Request), Object(Closure))
#22 C:/laragon/www/kurikulum/vendor/laravel/framework/src/Illuminate/Foundation/Http/Middleware/VerifyCsrfToken.php(78): Illuminate/Pipeline/Pipeline->Illuminate/Pipeline/{closure}(Object(Illuminate/Http/Request))
#23 C:/laragon/www/kurikulum/vendor/laravel/framework/src/Illuminate/Pipeline/Pipeline.php(183): Illuminate/Foundation/Http/Middleware/VerifyCsrfToken->handle(Object(Illuminate/Http/Request), Object(Closure))
#24 C:/laragon/www/kurikulum/vendor/laravel/framework/src/Illuminate/View/Middleware/ShareErrorsFromSession.php(49): Illuminate/Pipeline/Pipeline->Illuminate/Pipeline/{closure}(Object(Illuminate/Http/Request))
#25 C:/laragon/www/kurikulum/vendor/laravel/framework/src/Illuminate/Pipeline/Pipeline.php(183): Illuminate/View/Middleware/ShareErrorsFromSession->handle(Object(Illuminate/Http/Request), Object(Closure))
#26 C:/laragon/www/kurikulum/vendor/laravel/framework/src/Illuminate/Session/Middleware/StartSession.php(121): Illuminate/Pipeline/Pipeline->Illuminate/Pipeline/{closure}(Object(Illuminate/Http/Request))
#27 C:/laragon/www/kurikulum/vendor/laravel/framework/src/Illuminate/Session/Middleware/StartSession.php(64): Illuminate/Session/Middleware/StartSession->handleStatefulRequest(Object(Illuminate/Http/Request), Object(Illuminate/Session/Store), Object(Closure))
#28 C:/laragon/www/kurikulum/vendor/laravel/framework/src/Illuminate/Pipeline/Pipeline.php(183): Illuminate/Session/Middleware/StartSession->handle(Object(Illuminate/Http/Request), Object(Closure))
#29 C:/laragon/www/kurikulum/vendor/laravel/framework/src/Illuminate/Cookie/Middleware/AddQueuedCookiesToResponse.php(37): Illuminate/Pipeline/Pipeline->Illuminate/Pipeline/{closure}(Object(Illuminate/Http/Request))
#30 C:/laragon/www/kurikulum/vendor/laravel/framework/src/Illuminate/Pipeline/Pipeline.php(183): Illuminate/Cookie/Middleware/AddQueuedCookiesToResponse->handle(Object(Illuminate/Http/Request), Object(Closure))
#31 C:/laragon/www/kurikulum/vendor/laravel/framework/src/Illuminate/Cookie/Middleware/EncryptCookies.php(67): Illuminate/Pipeline/Pipeline->Illuminate/Pipeline/{closure}(Object(Illuminate/Http/Request))
#32 C:/laragon/www/kurikulum/vendor/laravel/framework/src/Illuminate/Pipeline/Pipeline.php(183): Illuminate/Cookie/Middleware/EncryptCookies->handle(Object(Illuminate/Http/Request), Object(Closure))
#33 C:/laragon/www/kurikulum/vendor/laravel/framework/src/Illuminate/Pipeline/Pipeline.php(119): Illuminate/Pipeline/Pipeline->Illuminate/Pipeline/{closure}(Object(Illuminate/Http/Request))
#34 C:/laragon/www/kurikulum/vendor/laravel/framework/src/Illuminate/Routing/Router.php(805): Illuminate/Pipeline/Pipeline->then(Object(Closure))
#35 C:/laragon/www/kurikulum/vendor/laravel/framework/src/Illuminate/Routing/Router.php(784): Illuminate/Routing/Router->runRouteWithinStack(Object(Illuminate/Routing/Route), Object(Illuminate/Http/Request))
#36 C:/laragon/www/kurikulum/vendor/laravel/framework/src/Illuminate/Routing/Router.php(748): Illuminate/Routing/Router->runRoute(Object(Illuminate/Http/Request), Object(Illuminate/Routing/Route))
#37 C:/laragon/www/kurikulum/vendor/laravel/framework/src/Illuminate/Routing/Router.php(737): Illuminate/Routing/Router->dispatchToRoute(Object(Illuminate/Http/Request))
#38 C:/laragon/www/kurikulum/vendor/laravel/framework/src/Illuminate/Foundation/Http/Kernel.php(200): Illuminate/Routing/Router->dispatch(Object(Illuminate/Http/Request))
#39 C:/laragon/www/kurikulum/vendor/laravel/framework/src/Illuminate/Pipeline/Pipeline.php(144): Illuminate/Foundation/Http/Kernel->Illuminate/Foundation/Http/{closure}(Object(Illuminate/Http/Request))
#40 C:/laragon/www/kurikulum/vendor/laravel/framework/src/Illuminate/Foundation/Http/Middleware/TransformsRequest.php(21): Illuminate/Pipeline/Pipeline->Illuminate/Pipeline/{closure}(Object(Illuminate/Http/Request))
#41 C:/laragon/www/kurikulum/vendor/laravel/framework/src/Illuminate/Foundation/Http/Middleware/ConvertEmptyStringsToNull.php(31): Illuminate/Foundation/Http/Middleware/TransformsRequest->handle(Object(Illuminate/Http/Request), Object(Closure))
#42 C:/laragon/www/kurikulum/vendor/laravel/framework/src/Illuminate/Pipeline/Pipeline.php(183): Illuminate/Foundation/Http/Middleware/ConvertEmptyStringsToNull->handle(Object(Illuminate/Http/Request), Object(Closure))
#43 C:/laragon/www/kurikulum/vendor/laravel/framework/src/Illuminate/Foundation/Http/Middleware/TransformsRequest.php(21): Illuminate/Pipeline/Pipeline->Illuminate/Pipeline/{closure}(Object(Illuminate/Http/Request))
#44 C:/laragon/www/kurikulum/vendor/laravel/framework/src/Illuminate/Foundation/Http/Middleware/TrimStrings.php(40): Illuminate/Foundation/Http/Middleware/TransformsRequest->handle(Object(Illuminate/Http/Request), Object(Closure))
#45 C:/laragon/www/kurikulum/vendor/laravel/framework/src/Illuminate/Pipeline/Pipeline.php(183): Illuminate/Foundation/Http/Middleware/TrimStrings->handle(Object(Illuminate/Http/Request), Object(Closure))
#46 C:/laragon/www/kurikulum/vendor/laravel/framework/src/Illuminate/Foundation/Http/Middleware/ValidatePostSize.php(27): Illuminate/Pipeline/Pipeline->Illuminate/Pipeline/{closure}(Object(Illuminate/Http/Request))
#47 C:/laragon/www/kurikulum/vendor/laravel/framework/src/Illuminate/Pipeline/Pipeline.php(183): Illuminate/Foundation/Http/Middleware/ValidatePostSize->handle(Object(Illuminate/Http/Request), Object(Closure))
#48 C:/laragon/www/kurikulum/vendor/laravel/framework/src/Illuminate/Foundation/Http/Middleware/PreventRequestsDuringMaintenance.php(99): Illuminate/Pipeline/Pipeline->Illuminate/Pipeline/{closure}(Object(Illuminate/Http/Request))
#49 C:/laragon/www/kurikulum/vendor/laravel/framework/src/Illuminate/Pipeline/Pipeline.php(183): Illuminate/Foundation/Http/Middleware/PreventRequestsDuringMaintenance->handle(Object(Illuminate/Http/Request), Object(Closure))
#50 C:/laragon/www/kurikulum/vendor/laravel/framework/src/Illuminate/Http/Middleware/HandleCors.php(49): Illuminate/Pipeline/Pipeline->Illuminate/Pipeline/{closure}(Object(Illuminate/Http/Request))
#51 C:/laragon/www/kurikulum/vendor/laravel/framework/src/Illuminate/Pipeline/Pipeline.php(183): Illuminate/Http/Middleware/HandleCors->handle(Object(Illuminate/Http/Request), Object(Closure))
#52 C:/laragon/www/kurikulum/vendor/laravel/framework/src/Illuminate/Http/Middleware/TrustProxies.php(39): Illuminate/Pipeline/Pipeline->Illuminate/Pipeline/{closure}(Object(Illuminate/Http/Request))
#53 C:/laragon/www/kurikulum/vendor/laravel/framework/src/Illuminate/Pipeline/Pipeline.php(183): Illuminate/Http/Middleware/TrustProxies->handle(Object(Illuminate/Http/Request), Object(Closure))
#54 C:/laragon/www/kurikulum/vendor/laravel/framework/src/Illuminate/Pipeline/Pipeline.php(119): Illuminate/Pipeline/Pipeline->Illuminate/Pipeline/{closure}(Object(Illuminate/Http/Request))
#55 C:/laragon/www/kurikulum/vendor/laravel/framework/src/Illuminate/Foundation/Http/Kernel.php(175): Illuminate/Pipeline/Pipeline->then(Object(Closure))
#56 C:/laragon/www/kurikulum/vendor/laravel/framework/src/Illuminate/Foundation/Http/Kernel.php(144): Illuminate/Foundation/Http/Kernel->sendRequestThroughRouter(Object(Illuminate/Http/Request))
#57 C:/laragon/www/kurikulum/public/index.php(18): Illuminate/Foundation/Http/Kernel->handle(Object(Illuminate/Http/Request))
#58 C:/laragon/www/kurikulum/vendor/laravel/framework/src/Illuminate/Foundation/resources/server.php(16): require_once('C://laragon//www//...')
#59 {main}

[previous exception] [object] (PDOException(code: 42S22): SQLSTATE[42S22]: Column not found: 1054 Unknown column 'nama_tingkat' in 'order clause' at C:/laragon/www/kurikulum/vendor/laravel/framework/src/Illuminate/Database/Connection.php:423)
[stacktrace]
#0 C:/laragon/www/kurikulum/vendor/laravel/framework/src/Illuminate/Database/Connection.php(423): PDO->prepare('select * from `...')
#1 C:/laragon/www/kurikulum/vendor/laravel/framework/src/Illuminate/Database/Connection.php(816): Illuminate/Database/Connection->Illuminate/Database/{closure}('select * from `...', Array)
#2 C:/laragon/www/kurikulum/vendor/laravel/framework/src/Illuminate/Database/Connection.php(783): Illuminate/Database/Connection->runQueryCallback('select * from `...', Array, Object(Closure))
#3 C:/laragon/www/kurikulum/vendor/laravel/framework/src/Illuminate/Database/Connection.php(414): Illuminate/Database/Connection->run('select * from `...', Array, Object(Closure))
#4 C:/laragon/www/kurikulum/vendor/laravel/framework/src/Illuminate/Database/Query/Builder.php(2913): Illuminate/Database/Connection->select('select * from `...', Array, true)
#5 C:/laragon/www/kurikulum/vendor/laravel/framework/src/Illuminate/Database/Query/Builder.php(2902): Illuminate/Database/Query/Builder->runSelect()
#6 C:/laragon/www/kurikulum/vendor/laravel/framework/src/Illuminate/Database/Query/Builder.php(3456): Illuminate/Database/Query/Builder->Illuminate/Database/Query/{closure}()
#7 C:/laragon/www/kurikulum/vendor/laravel/framework/src/Illuminate/Database/Query/Builder.php(2901): Illuminate/Database/Query/Builder->onceWithColumns(Array, Object(Closure))
#8 C:/laragon/www/kurikulum/vendor/laravel/framework/src/Illuminate/Database/Eloquent/Builder.php(739): Illuminate/Database/Query/Builder->get(Array)
#9 C:/laragon/www/kurikulum/vendor/laravel/framework/src/Illuminate/Database/Eloquent/Builder.php(723): Illuminate/Database/Eloquent/Builder->getModels(Array)
#10 C:/laragon/www/kurikulum/app/Http/Controllers/Crud/BaseCrudController.php(206): Illuminate/Database/Eloquent/Builder->get()
#11 C:/laragon/www/kurikulum/app/Http/Controllers/Crud/BaseCrudController.php(124): App/Http/Controllers/Crud/BaseCrudController->resolveFieldOptions(Array)
#12 C:/laragon/www/kurikulum/vendor/laravel/framework/src/Illuminate/Routing/Controller.php(54): App/Http/Controllers/Crud/BaseCrudController->create()
#13 C:/laragon/www/kurikulum/vendor/laravel/framework/src/Illuminate/Routing/ControllerDispatcher.php(43): Illuminate/Routing/Controller->callAction('create', Array)
#14 C:/laragon/www/kurikulum/vendor/laravel/framework/src/Illuminate/Routing/Route.php(259): Illuminate/Routing/ControllerDispatcher->dispatch(Object(Illuminate/Routing/Route), Object(App/Http/Controllers/Kurikulum/AlokasiJamMapelController), 'create')
#15 C:/laragon/www/kurikulum/vendor/laravel/framework/src/Illuminate/Routing/Route.php(205): Illuminate/Routing/Route->runController()
#16 C:/laragon/www/kurikulum/vendor/laravel/framework/src/Illuminate/Routing/Router.php(806): Illuminate/Routing/Route->run()
#17 C:/laragon/www/kurikulum/vendor/laravel/framework/src/Illuminate/Pipeline/Pipeline.php(144): Illuminate/Routing/Router->Illuminate/Routing/{closure}(Object(Illuminate/Http/Request))
#18 C:/laragon/www/kurikulum/app/Http/Middleware/EnsureUserHasRole.php(23): Illuminate/Pipeline/Pipeline->Illuminate/Pipeline/{closure}(Object(Illuminate/Http/Request))
#19 C:/laragon/www/kurikulum/vendor/laravel/framework/src/Illuminate/Pipeline/Pipeline.php(183): App/Http/Middleware/EnsureUserHasRole->handle(Object(Illuminate/Http/Request), Object(Closure), 'admin', 'guru')
#20 C:/laragon/www/kurikulum/vendor/laravel/framework/src/Illuminate/Routing/Middleware/SubstituteBindings.php(50): Illuminate/Pipeline/Pipeline->Illuminate/Pipeline/{closure}(Object(Illuminate/Http/Request))
#21 C:/laragon/www/kurikulum/vendor/laravel/framework/src/Illuminate/Pipeline/Pipeline.php(183): Illuminate/Routing/Middleware/SubstituteBindings->handle(Object(Illuminate/Http/Request), Object(Closure))
#22 C:/laragon/www/kurikulum/vendor/laravel/framework/src/Illuminate/Auth/Middleware/Authenticate.php(57): Illuminate/Pipeline/Pipeline->Illuminate/Pipeline/{closure}(Object(Illuminate/Http/Request))
#23 C:/laragon/www/kurikulum/vendor/laravel/framework/src/Illuminate/Pipeline/Pipeline.php(183): Illuminate/Auth/Middleware/Authenticate->handle(Object(Illuminate/Http/Request), Object(Closure))
#24 C:/laragon/www/kurikulum/vendor/laravel/framework/src/Illuminate/Foundation/Http/Middleware/VerifyCsrfToken.php(78): Illuminate/Pipeline/Pipeline->Illuminate/Pipeline/{closure}(Object(Illuminate/Http/Request))
#25 C:/laragon/www/kurikulum/vendor/laravel/framework/src/Illuminate/Pipeline/Pipeline.php(183): Illuminate/Foundation/Http/Middleware/VerifyCsrfToken->handle(Object(Illuminate/Http/Request), Object(Closure))
#26 C:/laragon/www/kurikulum/vendor/laravel/framework/src/Illuminate/View/Middleware/ShareErrorsFromSession.php(49): Illuminate/Pipeline/Pipeline->Illuminate/Pipeline/{closure}(Object(Illuminate/Http/Request))
#27 C:/laragon/www/kurikulum/vendor/laravel/framework/src/Illuminate/Pipeline/Pipeline.php(183): Illuminate/View/Middleware/ShareErrorsFromSession->handle(Object(Illuminate/Http/Request), Object(Closure))
#28 C:/laragon/www/kurikulum/vendor/laravel/framework/src/Illuminate/Session/Middleware/StartSession.php(121): Illuminate/Pipeline/Pipeline->Illuminate/Pipeline/{closure}(Object(Illuminate/Http/Request))
#29 C:/laragon/www/kurikulum/vendor/laravel/framework/src/Illuminate/Session/Middleware/StartSession.php(64): Illuminate/Session/Middleware/StartSession->handleStatefulRequest(Object(Illuminate/Http/Request), Object(Illuminate/Session/Store), Object(Closure))
#30 C:/laragon/www/kurikulum/vendor/laravel/framework/src/Illuminate/Pipeline/Pipeline.php(183): Illuminate/Session/Middleware/StartSession->handle(Object(Illuminate/Http/Request), Object(Closure))
#31 C:/laragon/www/kurikulum/vendor/laravel/framework/src/Illuminate/Cookie/Middleware/AddQueuedCookiesToResponse.php(37): Illuminate/Pipeline/Pipeline->Illuminate/Pipeline/{closure}(Object(Illuminate/Http/Request))
#32 C:/laragon/www/kurikulum/vendor/laravel/framework/src/Illuminate/Pipeline/Pipeline.php(183): Illuminate/Cookie/Middleware/AddQueuedCookiesToResponse->handle(Object(Illuminate/Http/Request), Object(Closure))
#33 C:/laragon/www/kurikulum/vendor/laravel/framework/src/Illuminate/Cookie/Middleware/EncryptCookies.php(67): Illuminate/Pipeline/Pipeline->Illuminate/Pipeline/{closure}(Object(Illuminate/Http/Request))
#34 C:/laragon/www/kurikulum/vendor/laravel/framework/src/Illuminate/Pipeline/Pipeline.php(183): Illuminate/Cookie/Middleware/EncryptCookies->handle(Object(Illuminate/Http/Request), Object(Closure))
#35 C:/laragon/www/kurikulum/vendor/laravel/framework/src/Illuminate/Pipeline/Pipeline.php(119): Illuminate/Pipeline/Pipeline->Illuminate/Pipeline/{closure}(Object(Illuminate/Http/Request))
#36 C:/laragon/www/kurikulum/vendor/laravel/framework/src/Illuminate/Routing/Router.php(805): Illuminate/Pipeline/Pipeline->then(Object(Closure))
#37 C:/laragon/www/kurikulum/vendor/laravel/framework/src/Illuminate/Routing/Router.php(784): Illuminate/Routing/Router->runRouteWithinStack(Object(Illuminate/Routing/Route), Object(Illuminate/Http/Request))
#38 C:/laragon/www/kurikulum/vendor/laravel/framework/src/Illuminate/Routing/Router.php(748): Illuminate/Routing/Router->runRoute(Object(Illuminate/Http/Request), Object(Illuminate/Routing/Route))
#39 C:/laragon/www/kurikulum/vendor/laravel/framework/src/Illuminate/Routing/Router.php(737): Illuminate/Routing/Router->dispatchToRoute(Object(Illuminate/Http/Request))
#40 C:/laragon/www/kurikulum/vendor/laravel/framework/src/Illuminate/Foundation/Http/Kernel.php(200): Illuminate/Routing/Router->dispatch(Object(Illuminate/Http/Request))
#41 C:/laragon/www/kurikulum/vendor/laravel/framework/src/Illuminate/Pipeline/Pipeline.php(144): Illuminate/Foundation/Http/Kernel->Illuminate/Foundation/Http/{closure}(Object(Illuminate/Http/Request))
#42 C:/laragon/www/kurikulum/vendor/laravel/framework/src/Illuminate/Foundation/Http/Middleware/TransformsRequest.php(21): Illuminate/Pipeline/Pipeline->Illuminate/Pipeline/{closure}(Object(Illuminate/Http/Request))
#43 C:/laragon/www/kurikulum/vendor/laravel/framework/src/Illuminate/Foundation/Http/Middleware/ConvertEmptyStringsToNull.php(31): Illuminate/Foundation/Http/Middleware/TransformsRequest->handle(Object(Illuminate/Http/Request), Object(Closure))
#44 C:/laragon/www/kurikulum/vendor/laravel/framework/src/Illuminate/Pipeline/Pipeline.php(183): Illuminate/Foundation/Http/Middleware/ConvertEmptyStringsToNull->handle(Object(Illuminate/Http/Request), Object(Closure))
#45 C:/laragon/www/kurikulum/vendor/laravel/framework/src/Illuminate/Foundation/Http/Middleware/TransformsRequest.php(21): Illuminate/Pipeline/Pipeline->Illuminate/Pipeline/{closure}(Object(Illuminate/Http/Request))
#46 C:/laragon/www/kurikulum/vendor/laravel/framework/src/Illuminate/Foundation/Http/Middleware/TrimStrings.php(40): Illuminate/Foundation/Http/Middleware/TransformsRequest->handle(Object(Illuminate/Http/Request), Object(Closure))
#47 C:/laragon/www/kurikulum/vendor/laravel/framework/src/Illuminate/Pipeline/Pipeline.php(183): Illuminate/Foundation/Http/Middleware/TrimStrings->handle(Object(Illuminate/Http/Request), Object(Closure))
#48 C:/laragon/www/kurikulum/vendor/laravel/framework/src/Illuminate/Foundation/Http/Middleware/ValidatePostSize.php(27): Illuminate/Pipeline/Pipeline->Illuminate/Pipeline/{closure}(Object(Illuminate/Http/Request))
#49 C:/laragon/www/kurikulum/vendor/laravel/framework/src/Illuminate/Pipeline/Pipeline.php(183): Illuminate/Foundation/Http/Middleware/ValidatePostSize->handle(Object(Illuminate/Http/Request), Object(Closure))
#50 C:/laragon/www/kurikulum/vendor/laravel/framework/src/Illuminate/Foundation/Http/Middleware/PreventRequestsDuringMaintenance.php(99): Illuminate/Pipeline/Pipeline->Illuminate/Pipeline/{closure}(Object(Illuminate/Http/Request))
#51 C:/laragon/www/kurikulum/vendor/laravel/framework/src/Illuminate/Pipeline/Pipeline.php(183): Illuminate/Foundation/Http/Middleware/PreventRequestsDuringMaintenance->handle(Object(Illuminate/Http/Request), Object(Closure))
#52 C:/laragon/www/kurikulum/vendor/laravel/framework/src/Illuminate/Http/Middleware/HandleCors.php(49): Illuminate/Pipeline/Pipeline->Illuminate/Pipeline/{closure}(Object(Illuminate/Http/Request))
#53 C:/laragon/www/kurikulum/vendor/laravel/framework/src/Illuminate/Pipeline/Pipeline.php(183): Illuminate/Http/Middleware/HandleCors->handle(Object(Illuminate/Http/Request), Object(Closure))
#54 C:/laragon/www/kurikulum/vendor/laravel/framework/src/Illuminate/Http/Middleware/TrustProxies.php(39): Illuminate/Pipeline/Pipeline->Illuminate/Pipeline/{closure}(Object(Illuminate/Http/Request))
#55 C:/laragon/www/kurikulum/vendor/laravel/framework/src/Illuminate/Pipeline/Pipeline.php(183): Illuminate/Http/Middleware/TrustProxies->handle(Object(Illuminate/Http/Request), Object(Closure))
#56 C:/laragon/www/kurikulum/vendor/laravel/framework/src/Illuminate/Pipeline/Pipeline.php(119): Illuminate/Pipeline/Pipeline->Illuminate/Pipeline/{closure}(Object(Illuminate/Http/Request))
#57 C:/laragon/www/kurikulum/vendor/laravel/framework/src/Illuminate/Foundation/Http/Kernel.php(175): Illuminate/Pipeline/Pipeline->then(Object(Closure))
#58 C:/laragon/www/kurikulum/vendor/laravel/framework/src/Illuminate/Foundation/Http/Kernel.php(144): Illuminate/Foundation/Http/Kernel->sendRequestThroughRouter(Object(Illuminate/Http/Request))
#59 C:/laragon/www/kurikulum/public/index.php(18): Illuminate/Foundation/Http/Kernel->handle(Object(Illuminate/Http/Request))
#60 C:/laragon/www/kurikulum/vendor/laravel/framework/src/Illuminate/Foundation/resources/server.php(16): require_once('C://laragon//www//...')
#61 {main}
"} 
[2026-07-17 23:07:54] local.ERROR: SQLSTATE[42S22]: Column not found: 1054 Unknown column 'nama_tingkat' in 'order clause' (Connection: datacenter, SQL: select * from `tingkat_kelas` order by `nama_tingkat` asc) {"userId":1,"exception":"[object] (Illuminate\\Database\\QueryException(code: 42S22): SQLSTATE[42S22]: Column not found: 1054 Unknown column 'nama_tingkat' in 'order clause' (Connection: datacenter, SQL: select * from `tingkat_kelas` order by `nama_tingkat` asc) at C:/laragon/www/kurikulum/vendor/laravel/framework/src/Illuminate/Database/Connection.php:829)
[stacktrace]
#0 C:/laragon/www/kurikulum/vendor/laravel/framework/src/Illuminate/Database/Connection.php(783): Illuminate/Database/Connection->runQueryCallback('select * from `...', Array, Object(Closure))
#1 C:/laragon/www/kurikulum/vendor/laravel/framework/src/Illuminate/Database/Connection.php(414): Illuminate/Database/Connection->run('select * from `...', Array, Object(Closure))
#2 C:/laragon/www/kurikulum/vendor/laravel/framework/src/Illuminate/Database/Query/Builder.php(2913): Illuminate/Database/Connection->select('select * from `...', Array, true)
#3 C:/laragon/www/kurikulum/vendor/laravel/framework/src/Illuminate/Database/Query/Builder.php(2902): Illuminate/Database/Query/Builder->runSelect()
#4 C:/laragon/www/kurikulum/vendor/laravel/framework/src/Illuminate/Database/Query/Builder.php(3456): Illuminate/Database/Query/Builder->Illuminate/Database/Query/{closure}()
#5 C:/laragon/www/kurikulum/vendor/laravel/framework/src/Illuminate/Database/Query/Builder.php(2901): Illuminate/Database/Query/Builder->onceWithColumns(Array, Object(Closure))
#6 C:/laragon/www/kurikulum/vendor/laravel/framework/src/Illuminate/Database/Eloquent/Builder.php(739): Illuminate/Database/Query/Builder->get(Array)
#7 C:/laragon/www/kurikulum/vendor/laravel/framework/src/Illuminate/Database/Eloquent/Builder.php(723): Illuminate/Database/Eloquent/Builder->getModels(Array)
#8 C:/laragon/www/kurikulum/app/Http/Controllers/Crud/BaseCrudController.php(206): Illuminate/Database/Eloquent/Builder->get()
#9 C:/laragon/www/kurikulum/app/Http/Controllers/Crud/BaseCrudController.php(124): App/Http/Controllers/Crud/BaseCrudController->resolveFieldOptions(Array)
#10 C:/laragon/www/kurikulum/vendor/laravel/framework/src/Illuminate/Routing/Controller.php(54): App/Http/Controllers/Crud/BaseCrudController->create()
#11 C:/laragon/www/kurikulum/vendor/laravel/framework/src/Illuminate/Routing/ControllerDispatcher.php(43): Illuminate/Routing/Controller->callAction('create', Array)
#12 C:/laragon/www/kurikulum/vendor/laravel/framework/src/Illuminate/Routing/Route.php(259): Illuminate/Routing/ControllerDispatcher->dispatch(Object(Illuminate/Routing/Route), Object(App/Http/Controllers/Kurikulum/AlokasiJamMapelController), 'create')
#13 C:/laragon/www/kurikulum/vendor/laravel/framework/src/Illuminate/Routing/Route.php(205): Illuminate/Routing/Route->runController()
#14 C:/laragon/www/kurikulum/vendor/laravel/framework/src/Illuminate/Routing/Router.php(806): Illuminate/Routing/Route->run()
#15 C:/laragon/www/kurikulum/vendor/laravel/framework/src/Illuminate/Pipeline/Pipeline.php(144): Illuminate/Routing/Router->Illuminate/Routing/{closure}(Object(Illuminate/Http/Request))
#16 C:/laragon/www/kurikulum/app/Http/Middleware/EnsureUserHasRole.php(23): Illuminate/Pipeline/Pipeline->Illuminate/Pipeline/{closure}(Object(Illuminate/Http/Request))
#17 C:/laragon/www/kurikulum/vendor/laravel/framework/src/Illuminate/Pipeline/Pipeline.php(183): App/Http/Middleware/EnsureUserHasRole->handle(Object(Illuminate/Http/Request), Object(Closure), 'admin', 'guru')
#18 C:/laragon/www/kurikulum/vendor/laravel/framework/src/Illuminate/Routing/Middleware/SubstituteBindings.php(50): Illuminate/Pipeline/Pipeline->Illuminate/Pipeline/{closure}(Object(Illuminate/Http/Request))
#19 C:/laragon/www/kurikulum/vendor/laravel/framework/src/Illuminate/Pipeline/Pipeline.php(183): Illuminate/Routing/Middleware/SubstituteBindings->handle(Object(Illuminate/Http/Request), Object(Closure))
#20 C:/laragon/www/kurikulum/vendor/laravel/framework/src/Illuminate/Auth/Middleware/Authenticate.php(57): Illuminate/Pipeline/Pipeline->Illuminate/Pipeline/{closure}(Object(Illuminate/Http/Request))
#21 C:/laragon/www/kurikulum/vendor/laravel/framework/src/Illuminate/Pipeline/Pipeline.php(183): Illuminate/Auth/Middleware/Authenticate->handle(Object(Illuminate/Http/Request), Object(Closure))
#22 C:/laragon/www/kurikulum/vendor/laravel/framework/src/Illuminate/Foundation/Http/Middleware/VerifyCsrfToken.php(78): Illuminate/Pipeline/Pipeline->Illuminate/Pipeline/{closure}(Object(Illuminate/Http/Request))
#23 C:/laragon/www/kurikulum/vendor/laravel/framework/src/Illuminate/Pipeline/Pipeline.php(183): Illuminate/Foundation/Http/Middleware/VerifyCsrfToken->handle(Object(Illuminate/Http/Request), Object(Closure))
#24 C:/laragon/www/kurikulum/vendor/laravel/framework/src/Illuminate/View/Middleware/ShareErrorsFromSession.php(49): Illuminate/Pipeline/Pipeline->Illuminate/Pipeline/{closure}(Object(Illuminate/Http/Request))
#25 C:/laragon/www/kurikulum/vendor/laravel/framework/src/Illuminate/Pipeline/Pipeline.php(183): Illuminate/View/Middleware/ShareErrorsFromSession->handle(Object(Illuminate/Http/Request), Object(Closure))
#26 C:/laragon/www/kurikulum/vendor/laravel/framework/src/Illuminate/Session/Middleware/StartSession.php(121): Illuminate/Pipeline/Pipeline->Illuminate/Pipeline/{closure}(Object(Illuminate/Http/Request))
#27 C:/laragon/www/kurikulum/vendor/laravel/framework/src/Illuminate/Session/Middleware/StartSession.php(64): Illuminate/Session/Middleware/StartSession->handleStatefulRequest(Object(Illuminate/Http/Request), Object(Illuminate/Session/Store), Object(Closure))
#28 C:/laragon/www/kurikulum/vendor/laravel/framework/src/Illuminate/Pipeline/Pipeline.php(183): Illuminate/Session/Middleware/StartSession->handle(Object(Illuminate/Http/Request), Object(Closure))
#29 C:/laragon/www/kurikulum/vendor/laravel/framework/src/Illuminate/Cookie/Middleware/AddQueuedCookiesToResponse.php(37): Illuminate/Pipeline/Pipeline->Illuminate/Pipeline/{closure}(Object(Illuminate/Http/Request))
#30 C:/laragon/www/kurikulum/vendor/laravel/framework/src/Illuminate/Pipeline/Pipeline.php(183): Illuminate/Cookie/Middleware/AddQueuedCookiesToResponse->handle(Object(Illuminate/Http/Request), Object(Closure))
#31 C:/laragon/www/kurikulum/vendor/laravel/framework/src/Illuminate/Cookie/Middleware/EncryptCookies.php(67): Illuminate/Pipeline/Pipeline->Illuminate/Pipeline/{closure}(Object(Illuminate/Http/Request))
#32 C:/laragon/www/kurikulum/vendor/laravel/framework/src/Illuminate/Pipeline/Pipeline.php(183): Illuminate/Cookie/Middleware/EncryptCookies->handle(Object(Illuminate/Http/Request), Object(Closure))
#33 C:/laragon/www/kurikulum/vendor/laravel/framework/src/Illuminate/Pipeline/Pipeline.php(119): Illuminate/Pipeline/Pipeline->Illuminate/Pipeline/{closure}(Object(Illuminate/Http/Request))
#34 C:/laragon/www/kurikulum/vendor/laravel/framework/src/Illuminate/Routing/Router.php(805): Illuminate/Pipeline/Pipeline->then(Object(Closure))
#35 C:/laragon/www/kurikulum/vendor/laravel/framework/src/Illuminate/Routing/Router.php(784): Illuminate/Routing/Router->runRouteWithinStack(Object(Illuminate/Routing/Route), Object(Illuminate/Http/Request))
#36 C:/laragon/www/kurikulum/vendor/laravel/framework/src/Illuminate/Routing/Router.php(748): Illuminate/Routing/Router->runRoute(Object(Illuminate/Http/Request), Object(Illuminate/Routing/Route))
#37 C:/laragon/www/kurikulum/vendor/laravel/framework/src/Illuminate/Routing/Router.php(737): Illuminate/Routing/Router->dispatchToRoute(Object(Illuminate/Http/Request))
#38 C:/laragon/www/kurikulum/vendor/laravel/framework/src/Illuminate/Foundation/Http/Kernel.php(200): Illuminate/Routing/Router->dispatch(Object(Illuminate/Http/Request))
#39 C:/laragon/www/kurikulum/vendor/laravel/framework/src/Illuminate/Pipeline/Pipeline.php(144): Illuminate/Foundation/Http/Kernel->Illuminate/Foundation/Http/{closure}(Object(Illuminate/Http/Request))
#40 C:/laragon/www/kurikulum/vendor/laravel/framework/src/Illuminate/Foundation/Http/Middleware/TransformsRequest.php(21): Illuminate/Pipeline/Pipeline->Illuminate/Pipeline/{closure}(Object(Illuminate/Http/Request))
#41 C:/laragon/www/kurikulum/vendor/laravel/framework/src/Illuminate/Foundation/Http/Middleware/ConvertEmptyStringsToNull.php(31): Illuminate/Foundation/Http/Middleware/TransformsRequest->handle(Object(Illuminate/Http/Request), Object(Closure))
#42 C:/laragon/www/kurikulum/vendor/laravel/framework/src/Illuminate/Pipeline/Pipeline.php(183): Illuminate/Foundation/Http/Middleware/ConvertEmptyStringsToNull->handle(Object(Illuminate/Http/Request), Object(Closure))
#43 C:/laragon/www/kurikulum/vendor/laravel/framework/src/Illuminate/Foundation/Http/Middleware/TransformsRequest.php(21): Illuminate/Pipeline/Pipeline->Illuminate/Pipeline/{closure}(Object(Illuminate/Http/Request))
#44 C:/laragon/www/kurikulum/vendor/laravel/framework/src/Illuminate/Foundation/Http/Middleware/TrimStrings.php(40): Illuminate/Foundation/Http/Middleware/TransformsRequest->handle(Object(Illuminate/Http/Request), Object(Closure))
#45 C:/laragon/www/kurikulum/vendor/laravel/framework/src/Illuminate/Pipeline/Pipeline.php(183): Illuminate/Foundation/Http/Middleware/TrimStrings->handle(Object(Illuminate/Http/Request), Object(Closure))
#46 C:/laragon/www/kurikulum/vendor/laravel/framework/src/Illuminate/Foundation/Http/Middleware/ValidatePostSize.php(27): Illuminate/Pipeline/Pipeline->Illuminate/Pipeline/{closure}(Object(Illuminate/Http/Request))
#47 C:/laragon/www/kurikulum/vendor/laravel/framework/src/Illuminate/Pipeline/Pipeline.php(183): Illuminate/Foundation/Http/Middleware/ValidatePostSize->handle(Object(Illuminate/Http/Request), Object(Closure))
#48 C:/laragon/www/kurikulum/vendor/laravel/framework/src/Illuminate/Foundation/Http/Middleware/PreventRequestsDuringMaintenance.php(99): Illuminate/Pipeline/Pipeline->Illuminate/Pipeline/{closure}(Object(Illuminate/Http/Request))
#49 C:/laragon/www/kurikulum/vendor/laravel/framework/src/Illuminate/Pipeline/Pipeline.php(183): Illuminate/Foundation/Http/Middleware/PreventRequestsDuringMaintenance->handle(Object(Illuminate/Http/Request), Object(Closure))
#50 C:/laragon/www/kurikulum/vendor/laravel/framework/src/Illuminate/Http/Middleware/HandleCors.php(49): Illuminate/Pipeline/Pipeline->Illuminate/Pipeline/{closure}(Object(Illuminate/Http/Request))
#51 C:/laragon/www/kurikulum/vendor/laravel/framework/src/Illuminate/Pipeline/Pipeline.php(183): Illuminate/Http/Middleware/HandleCors->handle(Object(Illuminate/Http/Request), Object(Closure))
#52 C:/laragon/www/kurikulum/vendor/laravel/framework/src/Illuminate/Http/Middleware/TrustProxies.php(39): Illuminate/Pipeline/Pipeline->Illuminate/Pipeline/{closure}(Object(Illuminate/Http/Request))
#53 C:/laragon/www/kurikulum/vendor/laravel/framework/src/Illuminate/Pipeline/Pipeline.php(183): Illuminate/Http/Middleware/TrustProxies->handle(Object(Illuminate/Http/Request), Object(Closure))
#54 C:/laragon/www/kurikulum/vendor/laravel/framework/src/Illuminate/Pipeline/Pipeline.php(119): Illuminate/Pipeline/Pipeline->Illuminate/Pipeline/{closure}(Object(Illuminate/Http/Request))
#55 C:/laragon/www/kurikulum/vendor/laravel/framework/src/Illuminate/Foundation/Http/Kernel.php(175): Illuminate/Pipeline/Pipeline->then(Object(Closure))
#56 C:/laragon/www/kurikulum/vendor/laravel/framework/src/Illuminate/Foundation/Http/Kernel.php(144): Illuminate/Foundation/Http/Kernel->sendRequestThroughRouter(Object(Illuminate/Http/Request))
#57 C:/laragon/www/kurikulum/public/index.php(18): Illuminate/Foundation/Http/Kernel->handle(Object(Illuminate/Http/Request))
#58 C:/laragon/www/kurikulum/vendor/laravel/framework/src/Illuminate/Foundation/resources/server.php(16): require_once('C://laragon//www//...')
#59 {main}

[previous exception] [object] (PDOException(code: 42S22): SQLSTATE[42S22]: Column not found: 1054 Unknown column 'nama_tingkat' in 'order clause' at C:/laragon/www/kurikulum/vendor/laravel/framework/src/Illuminate/Database/Connection.php:423)
[stacktrace]
#0 C:/laragon/www/kurikulum/vendor/laravel/framework/src/Illuminate/Database/Connection.php(423): PDO->prepare('select * from `...')
#1 C:/laragon/www/kurikulum/vendor/laravel/framework/src/Illuminate/Database/Connection.php(816): Illuminate/Database/Connection->Illuminate/Database/{closure}('select * from `...', Array)
#2 C:/laragon/www/kurikulum/vendor/laravel/framework/src/Illuminate/Database/Connection.php(783): Illuminate/Database/Connection->runQueryCallback('select * from `...', Array, Object(Closure))
#3 C:/laragon/www/kurikulum/vendor/laravel/framework/src/Illuminate/Database/Connection.php(414): Illuminate/Database/Connection->run('select * from `...', Array, Object(Closure))
#4 C:/laragon/www/kurikulum/vendor/laravel/framework/src/Illuminate/Database/Query/Builder.php(2913): Illuminate/Database/Connection->select('select * from `...', Array, true)
#5 C:/laragon/www/kurikulum/vendor/laravel/framework/src/Illuminate/Database/Query/Builder.php(2902): Illuminate/Database/Query/Builder->runSelect()
#6 C:/laragon/www/kurikulum/vendor/laravel/framework/src/Illuminate/Database/Query/Builder.php(3456): Illuminate/Database/Query/Builder->Illuminate/Database/Query/{closure}()
#7 C:/laragon/www/kurikulum/vendor/laravel/framework/src/Illuminate/Database/Query/Builder.php(2901): Illuminate/Database/Query/Builder->onceWithColumns(Array, Object(Closure))
#8 C:/laragon/www/kurikulum/vendor/laravel/framework/src/Illuminate/Database/Eloquent/Builder.php(739): Illuminate/Database/Query/Builder->get(Array)
#9 C:/laragon/www/kurikulum/vendor/laravel/framework/src/Illuminate/Database/Eloquent/Builder.php(723): Illuminate/Database/Eloquent/Builder->getModels(Array)
#10 C:/laragon/www/kurikulum/app/Http/Controllers/Crud/BaseCrudController.php(206): Illuminate/Database/Eloquent/Builder->get()
#11 C:/laragon/www/kurikulum/app/Http/Controllers/Crud/BaseCrudController.php(124): App/Http/Controllers/Crud/BaseCrudController->resolveFieldOptions(Array)
#12 C:/laragon/www/kurikulum/vendor/laravel/framework/src/Illuminate/Routing/Controller.php(54): App/Http/Controllers/Crud/BaseCrudController->create()
#13 C:/laragon/www/kurikulum/vendor/laravel/framework/src/Illuminate/Routing/ControllerDispatcher.php(43): Illuminate/Routing/Controller->callAction('create', Array)
#14 C:/laragon/www/kurikulum/vendor/laravel/framework/src/Illuminate/Routing/Route.php(259): Illuminate/Routing/ControllerDispatcher->dispatch(Object(Illuminate/Routing/Route), Object(App/Http/Controllers/Kurikulum/AlokasiJamMapelController), 'create')
#15 C:/laragon/www/kurikulum/vendor/laravel/framework/src/Illuminate/Routing/Route.php(205): Illuminate/Routing/Route->runController()
#16 C:/laragon/www/kurikulum/vendor/laravel/framework/src/Illuminate/Routing/Router.php(806): Illuminate/Routing/Route->run()
#17 C:/laragon/www/kurikulum/vendor/laravel/framework/src/Illuminate/Pipeline/Pipeline.php(144): Illuminate/Routing/Router->Illuminate/Routing/{closure}(Object(Illuminate/Http/Request))
#18 C:/laragon/www/kurikulum/app/Http/Middleware/EnsureUserHasRole.php(23): Illuminate/Pipeline/Pipeline->Illuminate/Pipeline/{closure}(Object(Illuminate/Http/Request))
#19 C:/laragon/www/kurikulum/vendor/laravel/framework/src/Illuminate/Pipeline/Pipeline.php(183): App/Http/Middleware/EnsureUserHasRole->handle(Object(Illuminate/Http/Request), Object(Closure), 'admin', 'guru')
#20 C:/laragon/www/kurikulum/vendor/laravel/framework/src/Illuminate/Routing/Middleware/SubstituteBindings.php(50): Illuminate/Pipeline/Pipeline->Illuminate/Pipeline/{closure}(Object(Illuminate/Http/Request))
#21 C:/laragon/www/kurikulum/vendor/laravel/framework/src/Illuminate/Pipeline/Pipeline.php(183): Illuminate/Routing/Middleware/SubstituteBindings->handle(Object(Illuminate/Http/Request), Object(Closure))
#22 C:/laragon/www/kurikulum/vendor/laravel/framework/src/Illuminate/Auth/Middleware/Authenticate.php(57): Illuminate/Pipeline/Pipeline->Illuminate/Pipeline/{closure}(Object(Illuminate/Http/Request))
#23 C:/laragon/www/kurikulum/vendor/laravel/framework/src/Illuminate/Pipeline/Pipeline.php(183): Illuminate/Auth/Middleware/Authenticate->handle(Object(Illuminate/Http/Request), Object(Closure))
#24 C:/laragon/www/kurikulum/vendor/laravel/framework/src/Illuminate/Foundation/Http/Middleware/VerifyCsrfToken.php(78): Illuminate/Pipeline/Pipeline->Illuminate/Pipeline/{closure}(Object(Illuminate/Http/Request))
#25 C:/laragon/www/kurikulum/vendor/laravel/framework/src/Illuminate/Pipeline/Pipeline.php(183): Illuminate/Foundation/Http/Middleware/VerifyCsrfToken->handle(Object(Illuminate/Http/Request), Object(Closure))
#26 C:/laragon/www/kurikulum/vendor/laravel/framework/src/Illuminate/View/Middleware/ShareErrorsFromSession.php(49): Illuminate/Pipeline/Pipeline->Illuminate/Pipeline/{closure}(Object(Illuminate/Http/Request))
#27 C:/laragon/www/kurikulum/vendor/laravel/framework/src/Illuminate/Pipeline/Pipeline.php(183): Illuminate/View/Middleware/ShareErrorsFromSession->handle(Object(Illuminate/Http/Request), Object(Closure))
#28 C:/laragon/www/kurikulum/vendor/laravel/framework/src/Illuminate/Session/Middleware/StartSession.php(121): Illuminate/Pipeline/Pipeline->Illuminate/Pipeline/{closure}(Object(Illuminate/Http/Request))
#29 C:/laragon/www/kurikulum/vendor/laravel/framework/src/Illuminate/Session/Middleware/StartSession.php(64): Illuminate/Session/Middleware/StartSession->handleStatefulRequest(Object(Illuminate/Http/Request), Object(Illuminate/Session/Store), Object(Closure))
#30 C:/laragon/www/kurikulum/vendor/laravel/framework/src/Illuminate/Pipeline/Pipeline.php(183): Illuminate/Session/Middleware/StartSession->handle(Object(Illuminate/Http/Request), Object(Closure))
#31 C:/laragon/www/kurikulum/vendor/laravel/framework/src/Illuminate/Cookie/Middleware/AddQueuedCookiesToResponse.php(37): Illuminate/Pipeline/Pipeline->Illuminate/Pipeline/{closure}(Object(Illuminate/Http/Request))
#32 C:/laragon/www/kurikulum/vendor/laravel/framework/src/Illuminate/Pipeline/Pipeline.php(183): Illuminate/Cookie/Middleware/AddQueuedCookiesToResponse->handle(Object(Illuminate/Http/Request), Object(Closure))
#33 C:/laragon/www/kurikulum/vendor/laravel/framework/src/Illuminate/Cookie/Middleware/EncryptCookies.php(67): Illuminate/Pipeline/Pipeline->Illuminate/Pipeline/{closure}(Object(Illuminate/Http/Request))
#34 C:/laragon/www/kurikulum/vendor/laravel/framework/src/Illuminate/Pipeline/Pipeline.php(183): Illuminate/Cookie/Middleware/EncryptCookies->handle(Object(Illuminate/Http/Request), Object(Closure))
#35 C:/laragon/www/kurikulum/vendor/laravel/framework/src/Illuminate/Pipeline/Pipeline.php(119): Illuminate/Pipeline/Pipeline->Illuminate/Pipeline/{closure}(Object(Illuminate/Http/Request))
#36 C:/laragon/www/kurikulum/vendor/laravel/framework/src/Illuminate/Routing/Router.php(805): Illuminate/Pipeline/Pipeline->then(Object(Closure))
#37 C:/laragon/www/kurikulum/vendor/laravel/framework/src/Illuminate/Routing/Router.php(784): Illuminate/Routing/Router->runRouteWithinStack(Object(Illuminate/Routing/Route), Object(Illuminate/Http/Request))
#38 C:/laragon/www/kurikulum/vendor/laravel/framework/src/Illuminate/Routing/Router.php(748): Illuminate/Routing/Router->runRoute(Object(Illuminate/Http/Request), Object(Illuminate/Routing/Route))
#39 C:/laragon/www/kurikulum/vendor/laravel/framework/src/Illuminate/Routing/Router.php(737): Illuminate/Routing/Router->dispatchToRoute(Object(Illuminate/Http/Request))
#40 C:/laragon/www/kurikulum/vendor/laravel/framework/src/Illuminate/Foundation/Http/Kernel.php(200): Illuminate/Routing/Router->dispatch(Object(Illuminate/Http/Request))
#41 C:/laragon/www/kurikulum/vendor/laravel/framework/src/Illuminate/Pipeline/Pipeline.php(144): Illuminate/Foundation/Http/Kernel->Illuminate/Foundation/Http/{closure}(Object(Illuminate/Http/Request))
#42 C:/laragon/www/kurikulum/vendor/laravel/framework/src/Illuminate/Foundation/Http/Middleware/TransformsRequest.php(21): Illuminate/Pipeline/Pipeline->Illuminate/Pipeline/{closure}(Object(Illuminate/Http/Request))
#43 C:/laragon/www/kurikulum/vendor/laravel/framework/src/Illuminate/Foundation/Http/Middleware/ConvertEmptyStringsToNull.php(31): Illuminate/Foundation/Http/Middleware/TransformsRequest->handle(Object(Illuminate/Http/Request), Object(Closure))
#44 C:/laragon/www/kurikulum/vendor/laravel/framework/src/Illuminate/Pipeline/Pipeline.php(183): Illuminate/Foundation/Http/Middleware/ConvertEmptyStringsToNull->handle(Object(Illuminate/Http/Request), Object(Closure))
#45 C:/laragon/www/kurikulum/vendor/laravel/framework/src/Illuminate/Foundation/Http/Middleware/TransformsRequest.php(21): Illuminate/Pipeline/Pipeline->Illuminate/Pipeline/{closure}(Object(Illuminate/Http/Request))
#46 C:/laragon/www/kurikulum/vendor/laravel/framework/src/Illuminate/Foundation/Http/Middleware/TrimStrings.php(40): Illuminate/Foundation/Http/Middleware/TransformsRequest->handle(Object(Illuminate/Http/Request), Object(Closure))
#47 C:/laragon/www/kurikulum/vendor/laravel/framework/src/Illuminate/Pipeline/Pipeline.php(183): Illuminate/Foundation/Http/Middleware/TrimStrings->handle(Object(Illuminate/Http/Request), Object(Closure))
#48 C:/laragon/www/kurikulum/vendor/laravel/framework/src/Illuminate/Foundation/Http/Middleware/ValidatePostSize.php(27): Illuminate/Pipeline/Pipeline->Illuminate/Pipeline/{closure}(Object(Illuminate/Http/Request))
#49 C:/laragon/www/kurikulum/vendor/laravel/framework/src/Illuminate/Pipeline/Pipeline.php(183): Illuminate/Foundation/Http/Middleware/ValidatePostSize->handle(Object(Illuminate/Http/Request), Object(Closure))
#50 C:/laragon/www/kurikulum/vendor/laravel/framework/src/Illuminate/Foundation/Http/Middleware/PreventRequestsDuringMaintenance.php(99): Illuminate/Pipeline/Pipeline->Illuminate/Pipeline/{closure}(Object(Illuminate/Http/Request))
#51 C:/laragon/www/kurikulum/vendor/laravel/framework/src/Illuminate/Pipeline/Pipeline.php(183): Illuminate/Foundation/Http/Middleware/PreventRequestsDuringMaintenance->handle(Object(Illuminate/Http/Request), Object(Closure))
#52 C:/laragon/www/kurikulum/vendor/laravel/framework/src/Illuminate/Http/Middleware/HandleCors.php(49): Illuminate/Pipeline/Pipeline->Illuminate/Pipeline/{closure}(Object(Illuminate/Http/Request))
#53 C:/laragon/www/kurikulum/vendor/laravel/framework/src/Illuminate/Pipeline/Pipeline.php(183): Illuminate/Http/Middleware/HandleCors->handle(Object(Illuminate/Http/Request), Object(Closure))
#54 C:/laragon/www/kurikulum/vendor/laravel/framework/src/Illuminate/Http/Middleware/TrustProxies.php(39): Illuminate/Pipeline/Pipeline->Illuminate/Pipeline/{closure}(Object(Illuminate/Http/Request))
#55 C:/laragon/www/kurikulum/vendor/laravel/framework/src/Illuminate/Pipeline/Pipeline.php(183): Illuminate/Http/Middleware/TrustProxies->handle(Object(Illuminate/Http/Request), Object(Closure))
#56 C:/laragon/www/kurikulum/vendor/laravel/framework/src/Illuminate/Pipeline/Pipeline.php(119): Illuminate/Pipeline/Pipeline->Illuminate/Pipeline/{closure}(Object(Illuminate/Http/Request))
#57 C:/laragon/www/kurikulum/vendor/laravel/framework/src/Illuminate/Foundation/Http/Kernel.php(175): Illuminate/Pipeline/Pipeline->then(Object(Closure))
#58 C:/laragon/www/kurikulum/vendor/laravel/framework/src/Illuminate/Foundation/Http/Kernel.php(144): Illuminate/Foundation/Http/Kernel->sendRequestThroughRouter(Object(Illuminate/Http/Request))
#59 C:/laragon/www/kurikulum/public/index.php(18): Illuminate/Foundation/Http/Kernel->handle(Object(Illuminate/Http/Request))
#60 C:/laragon/www/kurikulum/vendor/laravel/framework/src/Illuminate/Foundation/resources/server.php(16): require_once('C://laragon//www//...')
#61 {main}
"} 
[2026-07-17 23:11:10] local.ERROR: SQLSTATE[42S22]: Column not found: 1054 Unknown column 'nama_tingkat' in 'where clause' (Connection: datacenter, SQL: select * from `tingkat_kelas` where `nama_tingkat` = X limit 1) {"exception":"[object] (Illuminate\\Database\\QueryException(code: 42S22): SQLSTATE[42S22]: Column not found: 1054 Unknown column 'nama_tingkat' in 'where clause' (Connection: datacenter, SQL: select * from `tingkat_kelas` where `nama_tingkat` = X limit 1) at C:/laragon/www/kurikulum/vendor/laravel/framework/src/Illuminate/Database/Connection.php:829)
[stacktrace]
#0 C:/laragon/www/kurikulum/vendor/laravel/framework/src/Illuminate/Database/Connection.php(783): Illuminate/Database/Connection->runQueryCallback('select * from `...', Array, Object(Closure))
#1 C:/laragon/www/kurikulum/vendor/laravel/framework/src/Illuminate/Database/Connection.php(414): Illuminate/Database/Connection->run('select * from `...', Array, Object(Closure))
#2 C:/laragon/www/kurikulum/vendor/laravel/framework/src/Illuminate/Database/Query/Builder.php(2913): Illuminate/Database/Connection->select('select * from `...', Array, true)
#3 C:/laragon/www/kurikulum/vendor/laravel/framework/src/Illuminate/Database/Query/Builder.php(2902): Illuminate/Database/Query/Builder->runSelect()
#4 C:/laragon/www/kurikulum/vendor/laravel/framework/src/Illuminate/Database/Query/Builder.php(3456): Illuminate/Database/Query/Builder->Illuminate/Database/Query/{closure}()
#5 C:/laragon/www/kurikulum/vendor/laravel/framework/src/Illuminate/Database/Query/Builder.php(2901): Illuminate/Database/Query/Builder->onceWithColumns(Array, Object(Closure))
#6 C:/laragon/www/kurikulum/vendor/laravel/framework/src/Illuminate/Database/Eloquent/Builder.php(739): Illuminate/Database/Query/Builder->get(Array)
#7 C:/laragon/www/kurikulum/vendor/laravel/framework/src/Illuminate/Database/Eloquent/Builder.php(723): Illuminate/Database/Eloquent/Builder->getModels(Array)
#8 C:/laragon/www/kurikulum/vendor/laravel/framework/src/Illuminate/Database/Concerns/BuildsQueries.php(333): Illuminate/Database/Eloquent/Builder->get(Array)
#9 C:/laragon/www/kurikulum/database/seeders/AlokasiJamMapelSeeder.php(18): Illuminate/Database/Eloquent/Builder->first()
#10 C:/laragon/www/kurikulum/vendor/laravel/framework/src/Illuminate/Container/BoundMethod.php(36): Database/Seeders/AlokasiJamMapelSeeder->run()
#11 C:/laragon/www/kurikulum/vendor/laravel/framework/src/Illuminate/Container/Util.php(41): Illuminate/Container/BoundMethod::Illuminate/Container/{closure}()
#12 C:/laragon/www/kurikulum/vendor/laravel/framework/src/Illuminate/Container/BoundMethod.php(93): Illuminate/Container/Util::unwrapIfClosure(Object(Closure))
#13 C:/laragon/www/kurikulum/vendor/laravel/framework/src/Illuminate/Container/BoundMethod.php(35): Illuminate/Container/BoundMethod::callBoundMethod(Object(Illuminate/Foundation/Application), Array, Object(Closure))
#14 C:/laragon/www/kurikulum/vendor/laravel/framework/src/Illuminate/Container/Container.php(662): Illuminate/Container/BoundMethod::call(Object(Illuminate/Foundation/Application), Array, Array, NULL)
#15 C:/laragon/www/kurikulum/vendor/laravel/framework/src/Illuminate/Database/Seeder.php(184): Illuminate/Container/Container->call(Array, Array)
#16 C:/laragon/www/kurikulum/vendor/laravel/framework/src/Illuminate/Database/Seeder.php(193): Illuminate/Database/Seeder->Illuminate/Database/{closure}()
#17 C:/laragon/www/kurikulum/vendor/laravel/framework/src/Illuminate/Database/Console/Seeds/SeedCommand.php(70): Illuminate/Database/Seeder->__invoke()
#18 C:/laragon/www/kurikulum/vendor/laravel/framework/src/Illuminate/Database/Eloquent/Concerns/GuardsAttributes.php(155): Illuminate/Database/Console/Seeds/SeedCommand->Illuminate/Database/Console/Seeds/{closure}()
#19 C:/laragon/www/kurikulum/vendor/laravel/framework/src/Illuminate/Database/Console/Seeds/SeedCommand.php(69): Illuminate/Database/Eloquent/Model::unguarded(Object(Closure))
#20 C:/laragon/www/kurikulum/vendor/laravel/framework/src/Illuminate/Container/BoundMethod.php(36): Illuminate/Database/Console/Seeds/SeedCommand->handle()
#21 C:/laragon/www/kurikulum/vendor/laravel/framework/src/Illuminate/Container/Util.php(41): Illuminate/Container/BoundMethod::Illuminate/Container/{closure}()
#22 C:/laragon/www/kurikulum/vendor/laravel/framework/src/Illuminate/Container/BoundMethod.php(93): Illuminate/Container/Util::unwrapIfClosure(Object(Closure))
#23 C:/laragon/www/kurikulum/vendor/laravel/framework/src/Illuminate/Container/BoundMethod.php(35): Illuminate/Container/BoundMethod::callBoundMethod(Object(Illuminate/Foundation/Application), Array, Object(Closure))
#24 C:/laragon/www/kurikulum/vendor/laravel/framework/src/Illuminate/Container/Container.php(662): Illuminate/Container/BoundMethod::call(Object(Illuminate/Foundation/Application), Array, Array, NULL)
#25 C:/laragon/www/kurikulum/vendor/laravel/framework/src/Illuminate/Console/Command.php(211): Illuminate/Container/Container->call(Array)
#26 C:/laragon/www/kurikulum/vendor/symfony/console/Command/Command.php(326): Illuminate/Console/Command->execute(Object(Symfony/Component/Console/Input/ArgvInput), Object(Illuminate/Console/OutputStyle))
#27 C:/laragon/www/kurikulum/vendor/laravel/framework/src/Illuminate/Console/Command.php(180): Symfony/Component/Console/Command/Command->run(Object(Symfony/Component/Console/Input/ArgvInput), Object(Illuminate/Console/OutputStyle))
#28 C:/laragon/www/kurikulum/vendor/symfony/console/Application.php(1121): Illuminate/Console/Command->run(Object(Symfony/Component/Console/Input/ArgvInput), Object(Symfony/Component/Console/Output/ConsoleOutput))
#29 C:/laragon/www/kurikulum/vendor/symfony/console/Application.php(324): Symfony/Component/Console/Application->doRunCommand(Object(Illuminate/Database/Console/Seeds/SeedCommand), Object(Symfony/Component/Console/Input/ArgvInput), Object(Symfony/Component/Console/Output/ConsoleOutput))
#30 C:/laragon/www/kurikulum/vendor/symfony/console/Application.php(175): Symfony/Component/Console/Application->doRun(Object(Symfony/Component/Console/Input/ArgvInput), Object(Symfony/Component/Console/Output/ConsoleOutput))
#31 C:/laragon/www/kurikulum/vendor/laravel/framework/src/Illuminate/Foundation/Console/Kernel.php(201): Symfony/Component/Console/Application->run(Object(Symfony/Component/Console/Input/ArgvInput), Object(Symfony/Component/Console/Output/ConsoleOutput))
#32 C:/laragon/www/kurikulum/artisan(14): Illuminate/Foundation/Console/Kernel->handle(Object(Symfony/Component/Console/Input/ArgvInput), Object(Symfony/Component/Console/Output/ConsoleOutput))
#33 {main}

[previous exception] [object] (PDOException(code: 42S22): SQLSTATE[42S22]: Column not found: 1054 Unknown column 'nama_tingkat' in 'where clause' at C:/laragon/www/kurikulum/vendor/laravel/framework/src/Illuminate/Database/Connection.php:423)
[stacktrace]
#0 C:/laragon/www/kurikulum/vendor/laravel/framework/src/Illuminate/Database/Connection.php(423): PDO->prepare('select * from `...')
#1 C:/laragon/www/kurikulum/vendor/laravel/framework/src/Illuminate/Database/Connection.php(816): Illuminate/Database/Connection->Illuminate/Database/{closure}('select * from `...', Array)
#2 C:/laragon/www/kurikulum/vendor/laravel/framework/src/Illuminate/Database/Connection.php(783): Illuminate/Database/Connection->runQueryCallback('select * from `...', Array, Object(Closure))
#3 C:/laragon/www/kurikulum/vendor/laravel/framework/src/Illuminate/Database/Connection.php(414): Illuminate/Database/Connection->run('select * from `...', Array, Object(Closure))
#4 C:/laragon/www/kurikulum/vendor/laravel/framework/src/Illuminate/Database/Query/Builder.php(2913): Illuminate/Database/Connection->select('select * from `...', Array, true)
#5 C:/laragon/www/kurikulum/vendor/laravel/framework/src/Illuminate/Database/Query/Builder.php(2902): Illuminate/Database/Query/Builder->runSelect()
#6 C:/laragon/www/kurikulum/vendor/laravel/framework/src/Illuminate/Database/Query/Builder.php(3456): Illuminate/Database/Query/Builder->Illuminate/Database/Query/{closure}()
#7 C:/laragon/www/kurikulum/vendor/laravel/framework/src/Illuminate/Database/Query/Builder.php(2901): Illuminate/Database/Query/Builder->onceWithColumns(Array, Object(Closure))
#8 C:/laragon/www/kurikulum/vendor/laravel/framework/src/Illuminate/Database/Eloquent/Builder.php(739): Illuminate/Database/Query/Builder->get(Array)
#9 C:/laragon/www/kurikulum/vendor/laravel/framework/src/Illuminate/Database/Eloquent/Builder.php(723): Illuminate/Database/Eloquent/Builder->getModels(Array)
#10 C:/laragon/www/kurikulum/vendor/laravel/framework/src/Illuminate/Database/Concerns/BuildsQueries.php(333): Illuminate/Database/Eloquent/Builder->get(Array)
#11 C:/laragon/www/kurikulum/database/seeders/AlokasiJamMapelSeeder.php(18): Illuminate/Database/Eloquent/Builder->first()
#12 C:/laragon/www/kurikulum/vendor/laravel/framework/src/Illuminate/Container/BoundMethod.php(36): Database/Seeders/AlokasiJamMapelSeeder->run()
#13 C:/laragon/www/kurikulum/vendor/laravel/framework/src/Illuminate/Container/Util.php(41): Illuminate/Container/BoundMethod::Illuminate/Container/{closure}()
#14 C:/laragon/www/kurikulum/vendor/laravel/framework/src/Illuminate/Container/BoundMethod.php(93): Illuminate/Container/Util::unwrapIfClosure(Object(Closure))
#15 C:/laragon/www/kurikulum/vendor/laravel/framework/src/Illuminate/Container/BoundMethod.php(35): Illuminate/Container/BoundMethod::callBoundMethod(Object(Illuminate/Foundation/Application), Array, Object(Closure))
#16 C:/laragon/www/kurikulum/vendor/laravel/framework/src/Illuminate/Container/Container.php(662): Illuminate/Container/BoundMethod::call(Object(Illuminate/Foundation/Application), Array, Array, NULL)
#17 C:/laragon/www/kurikulum/vendor/laravel/framework/src/Illuminate/Database/Seeder.php(184): Illuminate/Container/Container->call(Array, Array)
#18 C:/laragon/www/kurikulum/vendor/laravel/framework/src/Illuminate/Database/Seeder.php(193): Illuminate/Database/Seeder->Illuminate/Database/{closure}()
#19 C:/laragon/www/kurikulum/vendor/laravel/framework/src/Illuminate/Database/Console/Seeds/SeedCommand.php(70): Illuminate/Database/Seeder->__invoke()
#20 C:/laragon/www/kurikulum/vendor/laravel/framework/src/Illuminate/Database/Eloquent/Concerns/GuardsAttributes.php(155): Illuminate/Database/Console/Seeds/SeedCommand->Illuminate/Database/Console/Seeds/{closure}()
#21 C:/laragon/www/kurikulum/vendor/laravel/framework/src/Illuminate/Database/Console/Seeds/SeedCommand.php(69): Illuminate/Database/Eloquent/Model::unguarded(Object(Closure))
#22 C:/laragon/www/kurikulum/vendor/laravel/framework/src/Illuminate/Container/BoundMethod.php(36): Illuminate/Database/Console/Seeds/SeedCommand->handle()
#23 C:/laragon/www/kurikulum/vendor/laravel/framework/src/Illuminate/Container/Util.php(41): Illuminate/Container/BoundMethod::Illuminate/Container/{closure}()
#24 C:/laragon/www/kurikulum/vendor/laravel/framework/src/Illuminate/Container/BoundMethod.php(93): Illuminate/Container/Util::unwrapIfClosure(Object(Closure))
#25 C:/laragon/www/kurikulum/vendor/laravel/framework/src/Illuminate/Container/BoundMethod.php(35): Illuminate/Container/BoundMethod::callBoundMethod(Object(Illuminate/Foundation/Application), Array, Object(Closure))
#26 C:/laragon/www/kurikulum/vendor/laravel/framework/src/Illuminate/Container/Container.php(662): Illuminate/Container/BoundMethod::call(Object(Illuminate/Foundation/Application), Array, Array, NULL)
#27 C:/laragon/www/kurikulum/vendor/laravel/framework/src/Illuminate/Console/Command.php(211): Illuminate/Container/Container->call(Array)
#28 C:/laragon/www/kurikulum/vendor/symfony/console/Command/Command.php(326): Illuminate/Console/Command->execute(Object(Symfony/Component/Console/Input/ArgvInput), Object(Illuminate/Console/OutputStyle))
#29 C:/laragon/www/kurikulum/vendor/laravel/framework/src/Illuminate/Console/Command.php(180): Symfony/Component/Console/Command/Command->run(Object(Symfony/Component/Console/Input/ArgvInput), Object(Illuminate/Console/OutputStyle))
#30 C:/laragon/www/kurikulum/vendor/symfony/console/Application.php(1121): Illuminate/Console/Command->run(Object(Symfony/Component/Console/Input/ArgvInput), Object(Symfony/Component/Console/Output/ConsoleOutput))
#31 C:/laragon/www/kurikulum/vendor/symfony/console/Application.php(324): Symfony/Component/Console/Application->doRunCommand(Object(Illuminate/Database/Console/Seeds/SeedCommand), Object(Symfony/Component/Console/Input/ArgvInput), Object(Symfony/Component/Console/Output/ConsoleOutput))
#32 C:/laragon/www/kurikulum/vendor/symfony/console/Application.php(175): Symfony/Component/Console/Application->doRun(Object(Symfony/Component/Console/Input/ArgvInput), Object(Symfony/Component/Console/Output/ConsoleOutput))
#33 C:/laragon/www/kurikulum/vendor/laravel/framework/src/Illuminate/Foundation/Console/Kernel.php(201): Symfony/Component/Console/Application->run(Object(Symfony/Component/Console/Input/ArgvInput), Object(Symfony/Component/Console/Output/ConsoleOutput))
#34 C:/laragon/www/kurikulum/artisan(14): Illuminate/Foundation/Console/Kernel->handle(Object(Symfony/Component/Console/Input/ArgvInput), Object(Symfony/Component/Console/Output/ConsoleOutput))
#35 {main}
"} 
[2026-07-17 23:11:23] local.ERROR: SQLSTATE[42S22]: Column not found: 1054 Unknown column 'nama_tingkat' in 'order clause' (Connection: datacenter, SQL: select * from `tingkat_kelas` order by `nama_tingkat` asc) {"userId":1,"exception":"[object] (Illuminate\\Database\\QueryException(code: 42S22): SQLSTATE[42S22]: Column not found: 1054 Unknown column 'nama_tingkat' in 'order clause' (Connection: datacenter, SQL: select * from `tingkat_kelas` order by `nama_tingkat` asc) at C:/laragon/www/kurikulum/vendor/laravel/framework/src/Illuminate/Database/Connection.php:829)
[stacktrace]
#0 C:/laragon/www/kurikulum/vendor/laravel/framework/src/Illuminate/Database/Connection.php(783): Illuminate/Database/Connection->runQueryCallback('select * from `...', Array, Object(Closure))
#1 C:/laragon/www/kurikulum/vendor/laravel/framework/src/Illuminate/Database/Connection.php(414): Illuminate/Database/Connection->run('select * from `...', Array, Object(Closure))
#2 C:/laragon/www/kurikulum/vendor/laravel/framework/src/Illuminate/Database/Query/Builder.php(2913): Illuminate/Database/Connection->select('select * from `...', Array, true)
#3 C:/laragon/www/kurikulum/vendor/laravel/framework/src/Illuminate/Database/Query/Builder.php(2902): Illuminate/Database/Query/Builder->runSelect()
#4 C:/laragon/www/kurikulum/vendor/laravel/framework/src/Illuminate/Database/Query/Builder.php(3456): Illuminate/Database/Query/Builder->Illuminate/Database/Query/{closure}()
#5 C:/laragon/www/kurikulum/vendor/laravel/framework/src/Illuminate/Database/Query/Builder.php(2901): Illuminate/Database/Query/Builder->onceWithColumns(Array, Object(Closure))
#6 C:/laragon/www/kurikulum/vendor/laravel/framework/src/Illuminate/Database/Eloquent/Builder.php(739): Illuminate/Database/Query/Builder->get(Array)
#7 C:/laragon/www/kurikulum/vendor/laravel/framework/src/Illuminate/Database/Eloquent/Builder.php(723): Illuminate/Database/Eloquent/Builder->getModels(Array)
#8 C:/laragon/www/kurikulum/app/Http/Controllers/Crud/BaseCrudController.php(206): Illuminate/Database/Eloquent/Builder->get()
#9 C:/laragon/www/kurikulum/app/Http/Controllers/Crud/BaseCrudController.php(124): App/Http/Controllers/Crud/BaseCrudController->resolveFieldOptions(Array)
#10 C:/laragon/www/kurikulum/vendor/laravel/framework/src/Illuminate/Routing/Controller.php(54): App/Http/Controllers/Crud/BaseCrudController->create()
#11 C:/laragon/www/kurikulum/vendor/laravel/framework/src/Illuminate/Routing/ControllerDispatcher.php(43): Illuminate/Routing/Controller->callAction('create', Array)
#12 C:/laragon/www/kurikulum/vendor/laravel/framework/src/Illuminate/Routing/Route.php(259): Illuminate/Routing/ControllerDispatcher->dispatch(Object(Illuminate/Routing/Route), Object(App/Http/Controllers/Kurikulum/AlokasiJamMapelController), 'create')
#13 C:/laragon/www/kurikulum/vendor/laravel/framework/src/Illuminate/Routing/Route.php(205): Illuminate/Routing/Route->runController()
#14 C:/laragon/www/kurikulum/vendor/laravel/framework/src/Illuminate/Routing/Router.php(806): Illuminate/Routing/Route->run()
#15 C:/laragon/www/kurikulum/vendor/laravel/framework/src/Illuminate/Pipeline/Pipeline.php(144): Illuminate/Routing/Router->Illuminate/Routing/{closure}(Object(Illuminate/Http/Request))
#16 C:/laragon/www/kurikulum/app/Http/Middleware/EnsureUserHasRole.php(23): Illuminate/Pipeline/Pipeline->Illuminate/Pipeline/{closure}(Object(Illuminate/Http/Request))
#17 C:/laragon/www/kurikulum/vendor/laravel/framework/src/Illuminate/Pipeline/Pipeline.php(183): App/Http/Middleware/EnsureUserHasRole->handle(Object(Illuminate/Http/Request), Object(Closure), 'admin', 'guru')
#18 C:/laragon/www/kurikulum/vendor/laravel/framework/src/Illuminate/Routing/Middleware/SubstituteBindings.php(50): Illuminate/Pipeline/Pipeline->Illuminate/Pipeline/{closure}(Object(Illuminate/Http/Request))
#19 C:/laragon/www/kurikulum/vendor/laravel/framework/src/Illuminate/Pipeline/Pipeline.php(183): Illuminate/Routing/Middleware/SubstituteBindings->handle(Object(Illuminate/Http/Request), Object(Closure))
#20 C:/laragon/www/kurikulum/vendor/laravel/framework/src/Illuminate/Auth/Middleware/Authenticate.php(57): Illuminate/Pipeline/Pipeline->Illuminate/Pipeline/{closure}(Object(Illuminate/Http/Request))
#21 C:/laragon/www/kurikulum/vendor/laravel/framework/src/Illuminate/Pipeline/Pipeline.php(183): Illuminate/Auth/Middleware/Authenticate->handle(Object(Illuminate/Http/Request), Object(Closure))
#22 C:/laragon/www/kurikulum/vendor/laravel/framework/src/Illuminate/Foundation/Http/Middleware/VerifyCsrfToken.php(78): Illuminate/Pipeline/Pipeline->Illuminate/Pipeline/{closure}(Object(Illuminate/Http/Request))
#23 C:/laragon/www/kurikulum/vendor/laravel/framework/src/Illuminate/Pipeline/Pipeline.php(183): Illuminate/Foundation/Http/Middleware/VerifyCsrfToken->handle(Object(Illuminate/Http/Request), Object(Closure))
#24 C:/laragon/www/kurikulum/vendor/laravel/framework/src/Illuminate/View/Middleware/ShareErrorsFromSession.php(49): Illuminate/Pipeline/Pipeline->Illuminate/Pipeline/{closure}(Object(Illuminate/Http/Request))
#25 C:/laragon/www/kurikulum/vendor/laravel/framework/src/Illuminate/Pipeline/Pipeline.php(183): Illuminate/View/Middleware/ShareErrorsFromSession->handle(Object(Illuminate/Http/Request), Object(Closure))
#26 C:/laragon/www/kurikulum/vendor/laravel/framework/src/Illuminate/Session/Middleware/StartSession.php(121): Illuminate/Pipeline/Pipeline->Illuminate/Pipeline/{closure}(Object(Illuminate/Http/Request))
#27 C:/laragon/www/kurikulum/vendor/laravel/framework/src/Illuminate/Session/Middleware/StartSession.php(64): Illuminate/Session/Middleware/StartSession->handleStatefulRequest(Object(Illuminate/Http/Request), Object(Illuminate/Session/Store), Object(Closure))
#28 C:/laragon/www/kurikulum/vendor/laravel/framework/src/Illuminate/Pipeline/Pipeline.php(183): Illuminate/Session/Middleware/StartSession->handle(Object(Illuminate/Http/Request), Object(Closure))
#29 C:/laragon/www/kurikulum/vendor/laravel/framework/src/Illuminate/Cookie/Middleware/AddQueuedCookiesToResponse.php(37): Illuminate/Pipeline/Pipeline->Illuminate/Pipeline/{closure}(Object(Illuminate/Http/Request))
#30 C:/laragon/www/kurikulum/vendor/laravel/framework/src/Illuminate/Pipeline/Pipeline.php(183): Illuminate/Cookie/Middleware/AddQueuedCookiesToResponse->handle(Object(Illuminate/Http/Request), Object(Closure))
#31 C:/laragon/www/kurikulum/vendor/laravel/framework/src/Illuminate/Cookie/Middleware/EncryptCookies.php(67): Illuminate/Pipeline/Pipeline->Illuminate/Pipeline/{closure}(Object(Illuminate/Http/Request))
#32 C:/laragon/www/kurikulum/vendor/laravel/framework/src/Illuminate/Pipeline/Pipeline.php(183): Illuminate/Cookie/Middleware/EncryptCookies->handle(Object(Illuminate/Http/Request), Object(Closure))
#33 C:/laragon/www/kurikulum/vendor/laravel/framework/src/Illuminate/Pipeline/Pipeline.php(119): Illuminate/Pipeline/Pipeline->Illuminate/Pipeline/{closure}(Object(Illuminate/Http/Request))
#34 C:/laragon/www/kurikulum/vendor/laravel/framework/src/Illuminate/Routing/Router.php(805): Illuminate/Pipeline/Pipeline->then(Object(Closure))
#35 C:/laragon/www/kurikulum/vendor/laravel/framework/src/Illuminate/Routing/Router.php(784): Illuminate/Routing/Router->runRouteWithinStack(Object(Illuminate/Routing/Route), Object(Illuminate/Http/Request))
#36 C:/laragon/www/kurikulum/vendor/laravel/framework/src/Illuminate/Routing/Router.php(748): Illuminate/Routing/Router->runRoute(Object(Illuminate/Http/Request), Object(Illuminate/Routing/Route))
#37 C:/laragon/www/kurikulum/vendor/laravel/framework/src/Illuminate/Routing/Router.php(737): Illuminate/Routing/Router->dispatchToRoute(Object(Illuminate/Http/Request))
#38 C:/laragon/www/kurikulum/vendor/laravel/framework/src/Illuminate/Foundation/Http/Kernel.php(200): Illuminate/Routing/Router->dispatch(Object(Illuminate/Http/Request))
#39 C:/laragon/www/kurikulum/vendor/laravel/framework/src/Illuminate/Pipeline/Pipeline.php(144): Illuminate/Foundation/Http/Kernel->Illuminate/Foundation/Http/{closure}(Object(Illuminate/Http/Request))
#40 C:/laragon/www/kurikulum/vendor/laravel/framework/src/Illuminate/Foundation/Http/Middleware/TransformsRequest.php(21): Illuminate/Pipeline/Pipeline->Illuminate/Pipeline/{closure}(Object(Illuminate/Http/Request))
#41 C:/laragon/www/kurikulum/vendor/laravel/framework/src/Illuminate/Foundation/Http/Middleware/ConvertEmptyStringsToNull.php(31): Illuminate/Foundation/Http/Middleware/TransformsRequest->handle(Object(Illuminate/Http/Request), Object(Closure))
#42 C:/laragon/www/kurikulum/vendor/laravel/framework/src/Illuminate/Pipeline/Pipeline.php(183): Illuminate/Foundation/Http/Middleware/ConvertEmptyStringsToNull->handle(Object(Illuminate/Http/Request), Object(Closure))
#43 C:/laragon/www/kurikulum/vendor/laravel/framework/src/Illuminate/Foundation/Http/Middleware/TransformsRequest.php(21): Illuminate/Pipeline/Pipeline->Illuminate/Pipeline/{closure}(Object(Illuminate/Http/Request))
#44 C:/laragon/www/kurikulum/vendor/laravel/framework/src/Illuminate/Foundation/Http/Middleware/TrimStrings.php(40): Illuminate/Foundation/Http/Middleware/TransformsRequest->handle(Object(Illuminate/Http/Request), Object(Closure))
#45 C:/laragon/www/kurikulum/vendor/laravel/framework/src/Illuminate/Pipeline/Pipeline.php(183): Illuminate/Foundation/Http/Middleware/TrimStrings->handle(Object(Illuminate/Http/Request), Object(Closure))
#46 C:/laragon/www/kurikulum/vendor/laravel/framework/src/Illuminate/Foundation/Http/Middleware/ValidatePostSize.php(27): Illuminate/Pipeline/Pipeline->Illuminate/Pipeline/{closure}(Object(Illuminate/Http/Request))
#47 C:/laragon/www/kurikulum/vendor/laravel/framework/src/Illuminate/Pipeline/Pipeline.php(183): Illuminate/Foundation/Http/Middleware/ValidatePostSize->handle(Object(Illuminate/Http/Request), Object(Closure))
#48 C:/laragon/www/kurikulum/vendor/laravel/framework/src/Illuminate/Foundation/Http/Middleware/PreventRequestsDuringMaintenance.php(99): Illuminate/Pipeline/Pipeline->Illuminate/Pipeline/{closure}(Object(Illuminate/Http/Request))
#49 C:/laragon/www/kurikulum/vendor/laravel/framework/src/Illuminate/Pipeline/Pipeline.php(183): Illuminate/Foundation/Http/Middleware/PreventRequestsDuringMaintenance->handle(Object(Illuminate/Http/Request), Object(Closure))
#50 C:/laragon/www/kurikulum/vendor/laravel/framework/src/Illuminate/Http/Middleware/HandleCors.php(49): Illuminate/Pipeline/Pipeline->Illuminate/Pipeline/{closure}(Object(Illuminate/Http/Request))
#51 C:/laragon/www/kurikulum/vendor/laravel/framework/src/Illuminate/Pipeline/Pipeline.php(183): Illuminate/Http/Middleware/HandleCors->handle(Object(Illuminate/Http/Request), Object(Closure))
#52 C:/laragon/www/kurikulum/vendor/laravel/framework/src/Illuminate/Http/Middleware/TrustProxies.php(39): Illuminate/Pipeline/Pipeline->Illuminate/Pipeline/{closure}(Object(Illuminate/Http/Request))
#53 C:/laragon/www/kurikulum/vendor/laravel/framework/src/Illuminate/Pipeline/Pipeline.php(183): Illuminate/Http/Middleware/TrustProxies->handle(Object(Illuminate/Http/Request), Object(Closure))
#54 C:/laragon/www/kurikulum/vendor/laravel/framework/src/Illuminate/Pipeline/Pipeline.php(119): Illuminate/Pipeline/Pipeline->Illuminate/Pipeline/{closure}(Object(Illuminate/Http/Request))
#55 C:/laragon/www/kurikulum/vendor/laravel/framework/src/Illuminate/Foundation/Http/Kernel.php(175): Illuminate/Pipeline/Pipeline->then(Object(Closure))
#56 C:/laragon/www/kurikulum/vendor/laravel/framework/src/Illuminate/Foundation/Http/Kernel.php(144): Illuminate/Foundation/Http/Kernel->sendRequestThroughRouter(Object(Illuminate/Http/Request))
#57 C:/laragon/www/kurikulum/public/index.php(18): Illuminate/Foundation/Http/Kernel->handle(Object(Illuminate/Http/Request))
#58 C:/laragon/www/kurikulum/vendor/laravel/framework/src/Illuminate/Foundation/resources/server.php(16): require_once('C://laragon//www//...')
#59 {main}

[previous exception] [object] (PDOException(code: 42S22): SQLSTATE[42S22]: Column not found: 1054 Unknown column 'nama_tingkat' in 'order clause' at C:/laragon/www/kurikulum/vendor/laravel/framework/src/Illuminate/Database/Connection.php:423)
[stacktrace]
#0 C:/laragon/www/kurikulum/vendor/laravel/framework/src/Illuminate/Database/Connection.php(423): PDO->prepare('select * from `...')
#1 C:/laragon/www/kurikulum/vendor/laravel/framework/src/Illuminate/Database/Connection.php(816): Illuminate/Database/Connection->Illuminate/Database/{closure}('select * from `...', Array)
#2 C:/laragon/www/kurikulum/vendor/laravel/framework/src/Illuminate/Database/Connection.php(783): Illuminate/Database/Connection->runQueryCallback('select * from `...', Array, Object(Closure))
#3 C:/laragon/www/kurikulum/vendor/laravel/framework/src/Illuminate/Database/Connection.php(414): Illuminate/Database/Connection->run('select * from `...', Array, Object(Closure))
#4 C:/laragon/www/kurikulum/vendor/laravel/framework/src/Illuminate/Database/Query/Builder.php(2913): Illuminate/Database/Connection->select('select * from `...', Array, true)
#5 C:/laragon/www/kurikulum/vendor/laravel/framework/src/Illuminate/Database/Query/Builder.php(2902): Illuminate/Database/Query/Builder->runSelect()
#6 C:/laragon/www/kurikulum/vendor/laravel/framework/src/Illuminate/Database/Query/Builder.php(3456): Illuminate/Database/Query/Builder->Illuminate/Database/Query/{closure}()
#7 C:/laragon/www/kurikulum/vendor/laravel/framework/src/Illuminate/Database/Query/Builder.php(2901): Illuminate/Database/Query/Builder->onceWithColumns(Array, Object(Closure))
#8 C:/laragon/www/kurikulum/vendor/laravel/framework/src/Illuminate/Database/Eloquent/Builder.php(739): Illuminate/Database/Query/Builder->get(Array)
#9 C:/laragon/www/kurikulum/vendor/laravel/framework/src/Illuminate/Database/Eloquent/Builder.php(723): Illuminate/Database/Eloquent/Builder->getModels(Array)
#10 C:/laragon/www/kurikulum/app/Http/Controllers/Crud/BaseCrudController.php(206): Illuminate/Database/Eloquent/Builder->get()
#11 C:/laragon/www/kurikulum/app/Http/Controllers/Crud/BaseCrudController.php(124): App/Http/Controllers/Crud/BaseCrudController->resolveFieldOptions(Array)
#12 C:/laragon/www/kurikulum/vendor/laravel/framework/src/Illuminate/Routing/Controller.php(54): App/Http/Controllers/Crud/BaseCrudController->create()
#13 C:/laragon/www/kurikulum/vendor/laravel/framework/src/Illuminate/Routing/ControllerDispatcher.php(43): Illuminate/Routing/Controller->callAction('create', Array)
#14 C:/laragon/www/kurikulum/vendor/laravel/framework/src/Illuminate/Routing/Route.php(259): Illuminate/Routing/ControllerDispatcher->dispatch(Object(Illuminate/Routing/Route), Object(App/Http/Controllers/Kurikulum/AlokasiJamMapelController), 'create')
#15 C:/laragon/www/kurikulum/vendor/laravel/framework/src/Illuminate/Routing/Route.php(205): Illuminate/Routing/Route->runController()
#16 C:/laragon/www/kurikulum/vendor/laravel/framework/src/Illuminate/Routing/Router.php(806): Illuminate/Routing/Route->run()
#17 C:/laragon/www/kurikulum/vendor/laravel/framework/src/Illuminate/Pipeline/Pipeline.php(144): Illuminate/Routing/Router->Illuminate/Routing/{closure}(Object(Illuminate/Http/Request))
#18 C:/laragon/www/kurikulum/app/Http/Middleware/EnsureUserHasRole.php(23): Illuminate/Pipeline/Pipeline->Illuminate/Pipeline/{closure}(Object(Illuminate/Http/Request))
#19 C:/laragon/www/kurikulum/vendor/laravel/framework/src/Illuminate/Pipeline/Pipeline.php(183): App/Http/Middleware/EnsureUserHasRole->handle(Object(Illuminate/Http/Request), Object(Closure), 'admin', 'guru')
#20 C:/laragon/www/kurikulum/vendor/laravel/framework/src/Illuminate/Routing/Middleware/SubstituteBindings.php(50): Illuminate/Pipeline/Pipeline->Illuminate/Pipeline/{closure}(Object(Illuminate/Http/Request))
#21 C:/laragon/www/kurikulum/vendor/laravel/framework/src/Illuminate/Pipeline/Pipeline.php(183): Illuminate/Routing/Middleware/SubstituteBindings->handle(Object(Illuminate/Http/Request), Object(Closure))
#22 C:/laragon/www/kurikulum/vendor/laravel/framework/src/Illuminate/Auth/Middleware/Authenticate.php(57): Illuminate/Pipeline/Pipeline->Illuminate/Pipeline/{closure}(Object(Illuminate/Http/Request))
#23 C:/laragon/www/kurikulum/vendor/laravel/framework/src/Illuminate/Pipeline/Pipeline.php(183): Illuminate/Auth/Middleware/Authenticate->handle(Object(Illuminate/Http/Request), Object(Closure))
#24 C:/laragon/www/kurikulum/vendor/laravel/framework/src/Illuminate/Foundation/Http/Middleware/VerifyCsrfToken.php(78): Illuminate/Pipeline/Pipeline->Illuminate/Pipeline/{closure}(Object(Illuminate/Http/Request))
#25 C:/laragon/www/kurikulum/vendor/laravel/framework/src/Illuminate/Pipeline/Pipeline.php(183): Illuminate/Foundation/Http/Middleware/VerifyCsrfToken->handle(Object(Illuminate/Http/Request), Object(Closure))
#26 C:/laragon/www/kurikulum/vendor/laravel/framework/src/Illuminate/View/Middleware/ShareErrorsFromSession.php(49): Illuminate/Pipeline/Pipeline->Illuminate/Pipeline/{closure}(Object(Illuminate/Http/Request))
#27 C:/laragon/www/kurikulum/vendor/laravel/framework/src/Illuminate/Pipeline/Pipeline.php(183): Illuminate/View/Middleware/ShareErrorsFromSession->handle(Object(Illuminate/Http/Request), Object(Closure))
#28 C:/laragon/www/kurikulum/vendor/laravel/framework/src/Illuminate/Session/Middleware/StartSession.php(121): Illuminate/Pipeline/Pipeline->Illuminate/Pipeline/{closure}(Object(Illuminate/Http/Request))
#29 C:/laragon/www/kurikulum/vendor/laravel/framework/src/Illuminate/Session/Middleware/StartSession.php(64): Illuminate/Session/Middleware/StartSession->handleStatefulRequest(Object(Illuminate/Http/Request), Object(Illuminate/Session/Store), Object(Closure))
#30 C:/laragon/www/kurikulum/vendor/laravel/framework/src/Illuminate/Pipeline/Pipeline.php(183): Illuminate/Session/Middleware/StartSession->handle(Object(Illuminate/Http/Request), Object(Closure))
#31 C:/laragon/www/kurikulum/vendor/laravel/framework/src/Illuminate/Cookie/Middleware/AddQueuedCookiesToResponse.php(37): Illuminate/Pipeline/Pipeline->Illuminate/Pipeline/{closure}(Object(Illuminate/Http/Request))
#32 C:/laragon/www/kurikulum/vendor/laravel/framework/src/Illuminate/Pipeline/Pipeline.php(183): Illuminate/Cookie/Middleware/AddQueuedCookiesToResponse->handle(Object(Illuminate/Http/Request), Object(Closure))
#33 C:/laragon/www/kurikulum/vendor/laravel/framework/src/Illuminate/Cookie/Middleware/EncryptCookies.php(67): Illuminate/Pipeline/Pipeline->Illuminate/Pipeline/{closure}(Object(Illuminate/Http/Request))
#34 C:/laragon/www/kurikulum/vendor/laravel/framework/src/Illuminate/Pipeline/Pipeline.php(183): Illuminate/Cookie/Middleware/EncryptCookies->handle(Object(Illuminate/Http/Request), Object(Closure))
#35 C:/laragon/www/kurikulum/vendor/laravel/framework/src/Illuminate/Pipeline/Pipeline.php(119): Illuminate/Pipeline/Pipeline->Illuminate/Pipeline/{closure}(Object(Illuminate/Http/Request))
#36 C:/laragon/www/kurikulum/vendor/laravel/framework/src/Illuminate/Routing/Router.php(805): Illuminate/Pipeline/Pipeline->then(Object(Closure))
#37 C:/laragon/www/kurikulum/vendor/laravel/framework/src/Illuminate/Routing/Router.php(784): Illuminate/Routing/Router->runRouteWithinStack(Object(Illuminate/Routing/Route), Object(Illuminate/Http/Request))
#38 C:/laragon/www/kurikulum/vendor/laravel/framework/src/Illuminate/Routing/Router.php(748): Illuminate/Routing/Router->runRoute(Object(Illuminate/Http/Request), Object(Illuminate/Routing/Route))
#39 C:/laragon/www/kurikulum/vendor/laravel/framework/src/Illuminate/Routing/Router.php(737): Illuminate/Routing/Router->dispatchToRoute(Object(Illuminate/Http/Request))
#40 C:/laragon/www/kurikulum/vendor/laravel/framework/src/Illuminate/Foundation/Http/Kernel.php(200): Illuminate/Routing/Router->dispatch(Object(Illuminate/Http/Request))
#41 C:/laragon/www/kurikulum/vendor/laravel/framework/src/Illuminate/Pipeline/Pipeline.php(144): Illuminate/Foundation/Http/Kernel->Illuminate/Foundation/Http/{closure}(Object(Illuminate/Http/Request))
#42 C:/laragon/www/kurikulum/vendor/laravel/framework/src/Illuminate/Foundation/Http/Middleware/TransformsRequest.php(21): Illuminate/Pipeline/Pipeline->Illuminate/Pipeline/{closure}(Object(Illuminate/Http/Request))
#43 C:/laragon/www/kurikulum/vendor/laravel/framework/src/Illuminate/Foundation/Http/Middleware/ConvertEmptyStringsToNull.php(31): Illuminate/Foundation/Http/Middleware/TransformsRequest->handle(Object(Illuminate/Http/Request), Object(Closure))
#44 C:/laragon/www/kurikulum/vendor/laravel/framework/src/Illuminate/Pipeline/Pipeline.php(183): Illuminate/Foundation/Http/Middleware/ConvertEmptyStringsToNull->handle(Object(Illuminate/Http/Request), Object(Closure))
#45 C:/laragon/www/kurikulum/vendor/laravel/framework/src/Illuminate/Foundation/Http/Middleware/TransformsRequest.php(21): Illuminate/Pipeline/Pipeline->Illuminate/Pipeline/{closure}(Object(Illuminate/Http/Request))
#46 C:/laragon/www/kurikulum/vendor/laravel/framework/src/Illuminate/Foundation/Http/Middleware/TrimStrings.php(40): Illuminate/Foundation/Http/Middleware/TransformsRequest->handle(Object(Illuminate/Http/Request), Object(Closure))
#47 C:/laragon/www/kurikulum/vendor/laravel/framework/src/Illuminate/Pipeline/Pipeline.php(183): Illuminate/Foundation/Http/Middleware/TrimStrings->handle(Object(Illuminate/Http/Request), Object(Closure))
#48 C:/laragon/www/kurikulum/vendor/laravel/framework/src/Illuminate/Foundation/Http/Middleware/ValidatePostSize.php(27): Illuminate/Pipeline/Pipeline->Illuminate/Pipeline/{closure}(Object(Illuminate/Http/Request))
#49 C:/laragon/www/kurikulum/vendor/laravel/framework/src/Illuminate/Pipeline/Pipeline.php(183): Illuminate/Foundation/Http/Middleware/ValidatePostSize->handle(Object(Illuminate/Http/Request), Object(Closure))
#50 C:/laragon/www/kurikulum/vendor/laravel/framework/src/Illuminate/Foundation/Http/Middleware/PreventRequestsDuringMaintenance.php(99): Illuminate/Pipeline/Pipeline->Illuminate/Pipeline/{closure}(Object(Illuminate/Http/Request))
#51 C:/laragon/www/kurikulum/vendor/laravel/framework/src/Illuminate/Pipeline/Pipeline.php(183): Illuminate/Foundation/Http/Middleware/PreventRequestsDuringMaintenance->handle(Object(Illuminate/Http/Request), Object(Closure))
#52 C:/laragon/www/kurikulum/vendor/laravel/framework/src/Illuminate/Http/Middleware/HandleCors.php(49): Illuminate/Pipeline/Pipeline->Illuminate/Pipeline/{closure}(Object(Illuminate/Http/Request))
#53 C:/laragon/www/kurikulum/vendor/laravel/framework/src/Illuminate/Pipeline/Pipeline.php(183): Illuminate/Http/Middleware/HandleCors->handle(Object(Illuminate/Http/Request), Object(Closure))
#54 C:/laragon/www/kurikulum/vendor/laravel/framework/src/Illuminate/Http/Middleware/TrustProxies.php(39): Illuminate/Pipeline/Pipeline->Illuminate/Pipeline/{closure}(Object(Illuminate/Http/Request))
#55 C:/laragon/www/kurikulum/vendor/laravel/framework/src/Illuminate/Pipeline/Pipeline.php(183): Illuminate/Http/Middleware/TrustProxies->handle(Object(Illuminate/Http/Request), Object(Closure))
#56 C:/laragon/www/kurikulum/vendor/laravel/framework/src/Illuminate/Pipeline/Pipeline.php(119): Illuminate/Pipeline/Pipeline->Illuminate/Pipeline/{closure}(Object(Illuminate/Http/Request))
#57 C:/laragon/www/kurikulum/vendor/laravel/framework/src/Illuminate/Foundation/Http/Kernel.php(175): Illuminate/Pipeline/Pipeline->then(Object(Closure))
#58 C:/laragon/www/kurikulum/vendor/laravel/framework/src/Illuminate/Foundation/Http/Kernel.php(144): Illuminate/Foundation/Http/Kernel->sendRequestThroughRouter(Object(Illuminate/Http/Request))
#59 C:/laragon/www/kurikulum/public/index.php(18): Illuminate/Foundation/Http/Kernel->handle(Object(Illuminate/Http/Request))
#60 C:/laragon/www/kurikulum/vendor/laravel/framework/src/Illuminate/Foundation/resources/server.php(16): require_once('C://laragon//www//...')
#61 {main}
"} 
[2026-07-17 23:15:34] local.ERROR: SQLSTATE[42S22]: Column not found: 1054 Unknown column 'nama_tingkat' in 'where clause' (Connection: datacenter, SQL: select * from `tingkat_kelas` where `nama_tingkat` = X limit 1) {"exception":"[object] (Illuminate\\Database\\QueryException(code: 42S22): SQLSTATE[42S22]: Column not found: 1054 Unknown column 'nama_tingkat' in 'where clause' (Connection: datacenter, SQL: select * from `tingkat_kelas` where `nama_tingkat` = X limit 1) at C:/laragon/www/kurikulum/vendor/laravel/framework/src/Illuminate/Database/Connection.php:829)
[stacktrace]
#0 C:/laragon/www/kurikulum/vendor/laravel/framework/src/Illuminate/Database/Connection.php(783): Illuminate/Database/Connection->runQueryCallback('select * from `...', Array, Object(Closure))
#1 C:/laragon/www/kurikulum/vendor/laravel/framework/src/Illuminate/Database/Connection.php(414): Illuminate/Database/Connection->run('select * from `...', Array, Object(Closure))
#2 C:/laragon/www/kurikulum/vendor/laravel/framework/src/Illuminate/Database/Query/Builder.php(2913): Illuminate/Database/Connection->select('select * from `...', Array, true)
#3 C:/laragon/www/kurikulum/vendor/laravel/framework/src/Illuminate/Database/Query/Builder.php(2902): Illuminate/Database/Query/Builder->runSelect()
#4 C:/laragon/www/kurikulum/vendor/laravel/framework/src/Illuminate/Database/Query/Builder.php(3456): Illuminate/Database/Query/Builder->Illuminate/Database/Query/{closure}()
#5 C:/laragon/www/kurikulum/vendor/laravel/framework/src/Illuminate/Database/Query/Builder.php(2901): Illuminate/Database/Query/Builder->onceWithColumns(Array, Object(Closure))
#6 C:/laragon/www/kurikulum/vendor/laravel/framework/src/Illuminate/Database/Eloquent/Builder.php(739): Illuminate/Database/Query/Builder->get(Array)
#7 C:/laragon/www/kurikulum/vendor/laravel/framework/src/Illuminate/Database/Eloquent/Builder.php(723): Illuminate/Database/Eloquent/Builder->getModels(Array)
#8 C:/laragon/www/kurikulum/vendor/laravel/framework/src/Illuminate/Database/Concerns/BuildsQueries.php(333): Illuminate/Database/Eloquent/Builder->get(Array)
#9 C:/laragon/www/kurikulum/database/seeders/AlokasiJamMapelSeeder.php(18): Illuminate/Database/Eloquent/Builder->first()
#10 C:/laragon/www/kurikulum/vendor/laravel/framework/src/Illuminate/Container/BoundMethod.php(36): Database/Seeders/AlokasiJamMapelSeeder->run()
#11 C:/laragon/www/kurikulum/vendor/laravel/framework/src/Illuminate/Container/Util.php(41): Illuminate/Container/BoundMethod::Illuminate/Container/{closure}()
#12 C:/laragon/www/kurikulum/vendor/laravel/framework/src/Illuminate/Container/BoundMethod.php(93): Illuminate/Container/Util::unwrapIfClosure(Object(Closure))
#13 C:/laragon/www/kurikulum/vendor/laravel/framework/src/Illuminate/Container/BoundMethod.php(35): Illuminate/Container/BoundMethod::callBoundMethod(Object(Illuminate/Foundation/Application), Array, Object(Closure))
#14 C:/laragon/www/kurikulum/vendor/laravel/framework/src/Illuminate/Container/Container.php(662): Illuminate/Container/BoundMethod::call(Object(Illuminate/Foundation/Application), Array, Array, NULL)
#15 C:/laragon/www/kurikulum/vendor/laravel/framework/src/Illuminate/Database/Seeder.php(184): Illuminate/Container/Container->call(Array, Array)
#16 C:/laragon/www/kurikulum/vendor/laravel/framework/src/Illuminate/Database/Seeder.php(193): Illuminate/Database/Seeder->Illuminate/Database/{closure}()
#17 C:/laragon/www/kurikulum/vendor/laravel/framework/src/Illuminate/Database/Console/Seeds/SeedCommand.php(70): Illuminate/Database/Seeder->__invoke()
#18 C:/laragon/www/kurikulum/vendor/laravel/framework/src/Illuminate/Database/Eloquent/Concerns/GuardsAttributes.php(155): Illuminate/Database/Console/Seeds/SeedCommand->Illuminate/Database/Console/Seeds/{closure}()
#19 C:/laragon/www/kurikulum/vendor/laravel/framework/src/Illuminate/Database/Console/Seeds/SeedCommand.php(69): Illuminate/Database/Eloquent/Model::unguarded(Object(Closure))
#20 C:/laragon/www/kurikulum/vendor/laravel/framework/src/Illuminate/Container/BoundMethod.php(36): Illuminate/Database/Console/Seeds/SeedCommand->handle()
#21 C:/laragon/www/kurikulum/vendor/laravel/framework/src/Illuminate/Container/Util.php(41): Illuminate/Container/BoundMethod::Illuminate/Container/{closure}()
#22 C:/laragon/www/kurikulum/vendor/laravel/framework/src/Illuminate/Container/BoundMethod.php(93): Illuminate/Container/Util::unwrapIfClosure(Object(Closure))
#23 C:/laragon/www/kurikulum/vendor/laravel/framework/src/Illuminate/Container/BoundMethod.php(35): Illuminate/Container/BoundMethod::callBoundMethod(Object(Illuminate/Foundation/Application), Array, Object(Closure))
#24 C:/laragon/www/kurikulum/vendor/laravel/framework/src/Illuminate/Container/Container.php(662): Illuminate/Container/BoundMethod::call(Object(Illuminate/Foundation/Application), Array, Array, NULL)
#25 C:/laragon/www/kurikulum/vendor/laravel/framework/src/Illuminate/Console/Command.php(211): Illuminate/Container/Container->call(Array)
#26 C:/laragon/www/kurikulum/vendor/symfony/console/Command/Command.php(326): Illuminate/Console/Command->execute(Object(Symfony/Component/Console/Input/ArgvInput), Object(Illuminate/Console/OutputStyle))
#27 C:/laragon/www/kurikulum/vendor/laravel/framework/src/Illuminate/Console/Command.php(180): Symfony/Component/Console/Command/Command->run(Object(Symfony/Component/Console/Input/ArgvInput), Object(Illuminate/Console/OutputStyle))
#28 C:/laragon/www/kurikulum/vendor/symfony/console/Application.php(1121): Illuminate/Console/Command->run(Object(Symfony/Component/Console/Input/ArgvInput), Object(Symfony/Component/Console/Output/ConsoleOutput))
#29 C:/laragon/www/kurikulum/vendor/symfony/console/Application.php(324): Symfony/Component/Console/Application->doRunCommand(Object(Illuminate/Database/Console/Seeds/SeedCommand), Object(Symfony/Component/Console/Input/ArgvInput), Object(Symfony/Component/Console/Output/ConsoleOutput))
#30 C:/laragon/www/kurikulum/vendor/symfony/console/Application.php(175): Symfony/Component/Console/Application->doRun(Object(Symfony/Component/Console/Input/ArgvInput), Object(Symfony/Component/Console/Output/ConsoleOutput))
#31 C:/laragon/www/kurikulum/vendor/laravel/framework/src/Illuminate/Foundation/Console/Kernel.php(201): Symfony/Component/Console/Application->run(Object(Symfony/Component/Console/Input/ArgvInput), Object(Symfony/Component/Console/Output/ConsoleOutput))
#32 C:/laragon/www/kurikulum/artisan(14): Illuminate/Foundation/Console/Kernel->handle(Object(Symfony/Component/Console/Input/ArgvInput), Object(Symfony/Component/Console/Output/ConsoleOutput))
#33 {main}

[previous exception] [object] (PDOException(code: 42S22): SQLSTATE[42S22]: Column not found: 1054 Unknown column 'nama_tingkat' in 'where clause' at C:/laragon/www/kurikulum/vendor/laravel/framework/src/Illuminate/Database/Connection.php:423)
[stacktrace]
#0 C:/laragon/www/kurikulum/vendor/laravel/framework/src/Illuminate/Database/Connection.php(423): PDO->prepare('select * from `...')
#1 C:/laragon/www/kurikulum/vendor/laravel/framework/src/Illuminate/Database/Connection.php(816): Illuminate/Database/Connection->Illuminate/Database/{closure}('select * from `...', Array)
#2 C:/laragon/www/kurikulum/vendor/laravel/framework/src/Illuminate/Database/Connection.php(783): Illuminate/Database/Connection->runQueryCallback('select * from `...', Array, Object(Closure))
#3 C:/laragon/www/kurikulum/vendor/laravel/framework/src/Illuminate/Database/Connection.php(414): Illuminate/Database/Connection->run('select * from `...', Array, Object(Closure))
#4 C:/laragon/www/kurikulum/vendor/laravel/framework/src/Illuminate/Database/Query/Builder.php(2913): Illuminate/Database/Connection->select('select * from `...', Array, true)
#5 C:/laragon/www/kurikulum/vendor/laravel/framework/src/Illuminate/Database/Query/Builder.php(2902): Illuminate/Database/Query/Builder->runSelect()
#6 C:/laragon/www/kurikulum/vendor/laravel/framework/src/Illuminate/Database/Query/Builder.php(3456): Illuminate/Database/Query/Builder->Illuminate/Database/Query/{closure}()
#7 C:/laragon/www/kurikulum/vendor/laravel/framework/src/Illuminate/Database/Query/Builder.php(2901): Illuminate/Database/Query/Builder->onceWithColumns(Array, Object(Closure))
#8 C:/laragon/www/kurikulum/vendor/laravel/framework/src/Illuminate/Database/Eloquent/Builder.php(739): Illuminate/Database/Query/Builder->get(Array)
#9 C:/laragon/www/kurikulum/vendor/laravel/framework/src/Illuminate/Database/Eloquent/Builder.php(723): Illuminate/Database/Eloquent/Builder->getModels(Array)
#10 C:/laragon/www/kurikulum/vendor/laravel/framework/src/Illuminate/Database/Concerns/BuildsQueries.php(333): Illuminate/Database/Eloquent/Builder->get(Array)
#11 C:/laragon/www/kurikulum/database/seeders/AlokasiJamMapelSeeder.php(18): Illuminate/Database/Eloquent/Builder->first()
#12 C:/laragon/www/kurikulum/vendor/laravel/framework/src/Illuminate/Container/BoundMethod.php(36): Database/Seeders/AlokasiJamMapelSeeder->run()
#13 C:/laragon/www/kurikulum/vendor/laravel/framework/src/Illuminate/Container/Util.php(41): Illuminate/Container/BoundMethod::Illuminate/Container/{closure}()
#14 C:/laragon/www/kurikulum/vendor/laravel/framework/src/Illuminate/Container/BoundMethod.php(93): Illuminate/Container/Util::unwrapIfClosure(Object(Closure))
#15 C:/laragon/www/kurikulum/vendor/laravel/framework/src/Illuminate/Container/BoundMethod.php(35): Illuminate/Container/BoundMethod::callBoundMethod(Object(Illuminate/Foundation/Application), Array, Object(Closure))
#16 C:/laragon/www/kurikulum/vendor/laravel/framework/src/Illuminate/Container/Container.php(662): Illuminate/Container/BoundMethod::call(Object(Illuminate/Foundation/Application), Array, Array, NULL)
#17 C:/laragon/www/kurikulum/vendor/laravel/framework/src/Illuminate/Database/Seeder.php(184): Illuminate/Container/Container->call(Array, Array)
#18 C:/laragon/www/kurikulum/vendor/laravel/framework/src/Illuminate/Database/Seeder.php(193): Illuminate/Database/Seeder->Illuminate/Database/{closure}()
#19 C:/laragon/www/kurikulum/vendor/laravel/framework/src/Illuminate/Database/Console/Seeds/SeedCommand.php(70): Illuminate/Database/Seeder->__invoke()
#20 C:/laragon/www/kurikulum/vendor/laravel/framework/src/Illuminate/Database/Eloquent/Concerns/GuardsAttributes.php(155): Illuminate/Database/Console/Seeds/SeedCommand->Illuminate/Database/Console/Seeds/{closure}()
#21 C:/laragon/www/kurikulum/vendor/laravel/framework/src/Illuminate/Database/Console/Seeds/SeedCommand.php(69): Illuminate/Database/Eloquent/Model::unguarded(Object(Closure))
#22 C:/laragon/www/kurikulum/vendor/laravel/framework/src/Illuminate/Container/BoundMethod.php(36): Illuminate/Database/Console/Seeds/SeedCommand->handle()
#23 C:/laragon/www/kurikulum/vendor/laravel/framework/src/Illuminate/Container/Util.php(41): Illuminate/Container/BoundMethod::Illuminate/Container/{closure}()
#24 C:/laragon/www/kurikulum/vendor/laravel/framework/src/Illuminate/Container/BoundMethod.php(93): Illuminate/Container/Util::unwrapIfClosure(Object(Closure))
#25 C:/laragon/www/kurikulum/vendor/laravel/framework/src/Illuminate/Container/BoundMethod.php(35): Illuminate/Container/BoundMethod::callBoundMethod(Object(Illuminate/Foundation/Application), Array, Object(Closure))
#26 C:/laragon/www/kurikulum/vendor/laravel/framework/src/Illuminate/Container/Container.php(662): Illuminate/Container/BoundMethod::call(Object(Illuminate/Foundation/Application), Array, Array, NULL)
#27 C:/laragon/www/kurikulum/vendor/laravel/framework/src/Illuminate/Console/Command.php(211): Illuminate/Container/Container->call(Array)
#28 C:/laragon/www/kurikulum/vendor/symfony/console/Command/Command.php(326): Illuminate/Console/Command->execute(Object(Symfony/Component/Console/Input/ArgvInput), Object(Illuminate/Console/OutputStyle))
#29 C:/laragon/www/kurikulum/vendor/laravel/framework/src/Illuminate/Console/Command.php(180): Symfony/Component/Console/Command/Command->run(Object(Symfony/Component/Console/Input/ArgvInput), Object(Illuminate/Console/OutputStyle))
#30 C:/laragon/www/kurikulum/vendor/symfony/console/Application.php(1121): Illuminate/Console/Command->run(Object(Symfony/Component/Console/Input/ArgvInput), Object(Symfony/Component/Console/Output/ConsoleOutput))
#31 C:/laragon/www/kurikulum/vendor/symfony/console/Application.php(324): Symfony/Component/Console/Application->doRunCommand(Object(Illuminate/Database/Console/Seeds/SeedCommand), Object(Symfony/Component/Console/Input/ArgvInput), Object(Symfony/Component/Console/Output/ConsoleOutput))
#32 C:/laragon/www/kurikulum/vendor/symfony/console/Application.php(175): Symfony/Component/Console/Application->doRun(Object(Symfony/Component/Console/Input/ArgvInput), Object(Symfony/Component/Console/Output/ConsoleOutput))
#33 C:/laragon/www/kurikulum/vendor/laravel/framework/src/Illuminate/Foundation/Console/Kernel.php(201): Symfony/Component/Console/Application->run(Object(Symfony/Component/Console/Input/ArgvInput), Object(Symfony/Component/Console/Output/ConsoleOutput))
#34 C:/laragon/www/kurikulum/artisan(14): Illuminate/Foundation/Console/Kernel->handle(Object(Symfony/Component/Console/Input/ArgvInput), Object(Symfony/Component/Console/Output/ConsoleOutput))
#35 {main}
"} 
[2026-07-17 23:15:47] local.ERROR: SQLSTATE[42S22]: Column not found: 1054 Unknown column 'nama_tingkat' in 'order clause' (Connection: datacenter, SQL: select * from `tingkat_kelas` order by `nama_tingkat` asc) {"userId":1,"exception":"[object] (Illuminate\\Database\\QueryException(code: 42S22): SQLSTATE[42S22]: Column not found: 1054 Unknown column 'nama_tingkat' in 'order clause' (Connection: datacenter, SQL: select * from `tingkat_kelas` order by `nama_tingkat` asc) at C:/laragon/www/kurikulum/vendor/laravel/framework/src/Illuminate/Database/Connection.php:829)
[stacktrace]
#0 C:/laragon/www/kurikulum/vendor/laravel/framework/src/Illuminate/Database/Connection.php(783): Illuminate/Database/Connection->runQueryCallback('select * from `...', Array, Object(Closure))
#1 C:/laragon/www/kurikulum/vendor/laravel/framework/src/Illuminate/Database/Connection.php(414): Illuminate/Database/Connection->run('select * from `...', Array, Object(Closure))
#2 C:/laragon/www/kurikulum/vendor/laravel/framework/src/Illuminate/Database/Query/Builder.php(2913): Illuminate/Database/Connection->select('select * from `...', Array, true)
#3 C:/laragon/www/kurikulum/vendor/laravel/framework/src/Illuminate/Database/Query/Builder.php(2902): Illuminate/Database/Query/Builder->runSelect()
#4 C:/laragon/www/kurikulum/vendor/laravel/framework/src/Illuminate/Database/Query/Builder.php(3456): Illuminate/Database/Query/Builder->Illuminate/Database/Query/{closure}()
#5 C:/laragon/www/kurikulum/vendor/laravel/framework/src/Illuminate/Database/Query/Builder.php(2901): Illuminate/Database/Query/Builder->onceWithColumns(Array, Object(Closure))
#6 C:/laragon/www/kurikulum/vendor/laravel/framework/src/Illuminate/Database/Eloquent/Builder.php(739): Illuminate/Database/Query/Builder->get(Array)
#7 C:/laragon/www/kurikulum/vendor/laravel/framework/src/Illuminate/Database/Eloquent/Builder.php(723): Illuminate/Database/Eloquent/Builder->getModels(Array)
#8 C:/laragon/www/kurikulum/app/Http/Controllers/Crud/BaseCrudController.php(206): Illuminate/Database/Eloquent/Builder->get()
#9 C:/laragon/www/kurikulum/app/Http/Controllers/Crud/BaseCrudController.php(124): App/Http/Controllers/Crud/BaseCrudController->resolveFieldOptions(Array)
#10 C:/laragon/www/kurikulum/vendor/laravel/framework/src/Illuminate/Routing/Controller.php(54): App/Http/Controllers/Crud/BaseCrudController->create()
#11 C:/laragon/www/kurikulum/vendor/laravel/framework/src/Illuminate/Routing/ControllerDispatcher.php(43): Illuminate/Routing/Controller->callAction('create', Array)
#12 C:/laragon/www/kurikulum/vendor/laravel/framework/src/Illuminate/Routing/Route.php(259): Illuminate/Routing/ControllerDispatcher->dispatch(Object(Illuminate/Routing/Route), Object(App/Http/Controllers/Kurikulum/AlokasiJamMapelController), 'create')
#13 C:/laragon/www/kurikulum/vendor/laravel/framework/src/Illuminate/Routing/Route.php(205): Illuminate/Routing/Route->runController()
#14 C:/laragon/www/kurikulum/vendor/laravel/framework/src/Illuminate/Routing/Router.php(806): Illuminate/Routing/Route->run()
#15 C:/laragon/www/kurikulum/vendor/laravel/framework/src/Illuminate/Pipeline/Pipeline.php(144): Illuminate/Routing/Router->Illuminate/Routing/{closure}(Object(Illuminate/Http/Request))
#16 C:/laragon/www/kurikulum/app/Http/Middleware/EnsureUserHasRole.php(23): Illuminate/Pipeline/Pipeline->Illuminate/Pipeline/{closure}(Object(Illuminate/Http/Request))
#17 C:/laragon/www/kurikulum/vendor/laravel/framework/src/Illuminate/Pipeline/Pipeline.php(183): App/Http/Middleware/EnsureUserHasRole->handle(Object(Illuminate/Http/Request), Object(Closure), 'admin', 'guru')
#18 C:/laragon/www/kurikulum/vendor/laravel/framework/src/Illuminate/Routing/Middleware/SubstituteBindings.php(50): Illuminate/Pipeline/Pipeline->Illuminate/Pipeline/{closure}(Object(Illuminate/Http/Request))
#19 C:/laragon/www/kurikulum/vendor/laravel/framework/src/Illuminate/Pipeline/Pipeline.php(183): Illuminate/Routing/Middleware/SubstituteBindings->handle(Object(Illuminate/Http/Request), Object(Closure))
#20 C:/laragon/www/kurikulum/vendor/laravel/framework/src/Illuminate/Auth/Middleware/Authenticate.php(57): Illuminate/Pipeline/Pipeline->Illuminate/Pipeline/{closure}(Object(Illuminate/Http/Request))
#21 C:/laragon/www/kurikulum/vendor/laravel/framework/src/Illuminate/Pipeline/Pipeline.php(183): Illuminate/Auth/Middleware/Authenticate->handle(Object(Illuminate/Http/Request), Object(Closure))
#22 C:/laragon/www/kurikulum/vendor/laravel/framework/src/Illuminate/Foundation/Http/Middleware/VerifyCsrfToken.php(78): Illuminate/Pipeline/Pipeline->Illuminate/Pipeline/{closure}(Object(Illuminate/Http/Request))
#23 C:/laragon/www/kurikulum/vendor/laravel/framework/src/Illuminate/Pipeline/Pipeline.php(183): Illuminate/Foundation/Http/Middleware/VerifyCsrfToken->handle(Object(Illuminate/Http/Request), Object(Closure))
#24 C:/laragon/www/kurikulum/vendor/laravel/framework/src/Illuminate/View/Middleware/ShareErrorsFromSession.php(49): Illuminate/Pipeline/Pipeline->Illuminate/Pipeline/{closure}(Object(Illuminate/Http/Request))
#25 C:/laragon/www/kurikulum/vendor/laravel/framework/src/Illuminate/Pipeline/Pipeline.php(183): Illuminate/View/Middleware/ShareErrorsFromSession->handle(Object(Illuminate/Http/Request), Object(Closure))
#26 C:/laragon/www/kurikulum/vendor/laravel/framework/src/Illuminate/Session/Middleware/StartSession.php(121): Illuminate/Pipeline/Pipeline->Illuminate/Pipeline/{closure}(Object(Illuminate/Http/Request))
#27 C:/laragon/www/kurikulum/vendor/laravel/framework/src/Illuminate/Session/Middleware/StartSession.php(64): Illuminate/Session/Middleware/StartSession->handleStatefulRequest(Object(Illuminate/Http/Request), Object(Illuminate/Session/Store), Object(Closure))
#28 C:/laragon/www/kurikulum/vendor/laravel/framework/src/Illuminate/Pipeline/Pipeline.php(183): Illuminate/Session/Middleware/StartSession->handle(Object(Illuminate/Http/Request), Object(Closure))
#29 C:/laragon/www/kurikulum/vendor/laravel/framework/src/Illuminate/Cookie/Middleware/AddQueuedCookiesToResponse.php(37): Illuminate/Pipeline/Pipeline->Illuminate/Pipeline/{closure}(Object(Illuminate/Http/Request))
#30 C:/laragon/www/kurikulum/vendor/laravel/framework/src/Illuminate/Pipeline/Pipeline.php(183): Illuminate/Cookie/Middleware/AddQueuedCookiesToResponse->handle(Object(Illuminate/Http/Request), Object(Closure))
#31 C:/laragon/www/kurikulum/vendor/laravel/framework/src/Illuminate/Cookie/Middleware/EncryptCookies.php(67): Illuminate/Pipeline/Pipeline->Illuminate/Pipeline/{closure}(Object(Illuminate/Http/Request))
#32 C:/laragon/www/kurikulum/vendor/laravel/framework/src/Illuminate/Pipeline/Pipeline.php(183): Illuminate/Cookie/Middleware/EncryptCookies->handle(Object(Illuminate/Http/Request), Object(Closure))
#33 C:/laragon/www/kurikulum/vendor/laravel/framework/src/Illuminate/Pipeline/Pipeline.php(119): Illuminate/Pipeline/Pipeline->Illuminate/Pipeline/{closure}(Object(Illuminate/Http/Request))
#34 C:/laragon/www/kurikulum/vendor/laravel/framework/src/Illuminate/Routing/Router.php(805): Illuminate/Pipeline/Pipeline->then(Object(Closure))
#35 C:/laragon/www/kurikulum/vendor/laravel/framework/src/Illuminate/Routing/Router.php(784): Illuminate/Routing/Router->runRouteWithinStack(Object(Illuminate/Routing/Route), Object(Illuminate/Http/Request))
#36 C:/laragon/www/kurikulum/vendor/laravel/framework/src/Illuminate/Routing/Router.php(748): Illuminate/Routing/Router->runRoute(Object(Illuminate/Http/Request), Object(Illuminate/Routing/Route))
#37 C:/laragon/www/kurikulum/vendor/laravel/framework/src/Illuminate/Routing/Router.php(737): Illuminate/Routing/Router->dispatchToRoute(Object(Illuminate/Http/Request))
#38 C:/laragon/www/kurikulum/vendor/laravel/framework/src/Illuminate/Foundation/Http/Kernel.php(200): Illuminate/Routing/Router->dispatch(Object(Illuminate/Http/Request))
#39 C:/laragon/www/kurikulum/vendor/laravel/framework/src/Illuminate/Pipeline/Pipeline.php(144): Illuminate/Foundation/Http/Kernel->Illuminate/Foundation/Http/{closure}(Object(Illuminate/Http/Request))
#40 C:/laragon/www/kurikulum/vendor/laravel/framework/src/Illuminate/Foundation/Http/Middleware/TransformsRequest.php(21): Illuminate/Pipeline/Pipeline->Illuminate/Pipeline/{closure}(Object(Illuminate/Http/Request))
#41 C:/laragon/www/kurikulum/vendor/laravel/framework/src/Illuminate/Foundation/Http/Middleware/ConvertEmptyStringsToNull.php(31): Illuminate/Foundation/Http/Middleware/TransformsRequest->handle(Object(Illuminate/Http/Request), Object(Closure))
#42 C:/laragon/www/kurikulum/vendor/laravel/framework/src/Illuminate/Pipeline/Pipeline.php(183): Illuminate/Foundation/Http/Middleware/ConvertEmptyStringsToNull->handle(Object(Illuminate/Http/Request), Object(Closure))
#43 C:/laragon/www/kurikulum/vendor/laravel/framework/src/Illuminate/Foundation/Http/Middleware/TransformsRequest.php(21): Illuminate/Pipeline/Pipeline->Illuminate/Pipeline/{closure}(Object(Illuminate/Http/Request))
#44 C:/laragon/www/kurikulum/vendor/laravel/framework/src/Illuminate/Foundation/Http/Middleware/TrimStrings.php(40): Illuminate/Foundation/Http/Middleware/TransformsRequest->handle(Object(Illuminate/Http/Request), Object(Closure))
#45 C:/laragon/www/kurikulum/vendor/laravel/framework/src/Illuminate/Pipeline/Pipeline.php(183): Illuminate/Foundation/Http/Middleware/TrimStrings->handle(Object(Illuminate/Http/Request), Object(Closure))
#46 C:/laragon/www/kurikulum/vendor/laravel/framework/src/Illuminate/Foundation/Http/Middleware/ValidatePostSize.php(27): Illuminate/Pipeline/Pipeline->Illuminate/Pipeline/{closure}(Object(Illuminate/Http/Request))
#47 C:/laragon/www/kurikulum/vendor/laravel/framework/src/Illuminate/Pipeline/Pipeline.php(183): Illuminate/Foundation/Http/Middleware/ValidatePostSize->handle(Object(Illuminate/Http/Request), Object(Closure))
#48 C:/laragon/www/kurikulum/vendor/laravel/framework/src/Illuminate/Foundation/Http/Middleware/PreventRequestsDuringMaintenance.php(99): Illuminate/Pipeline/Pipeline->Illuminate/Pipeline/{closure}(Object(Illuminate/Http/Request))
#49 C:/laragon/www/kurikulum/vendor/laravel/framework/src/Illuminate/Pipeline/Pipeline.php(183): Illuminate/Foundation/Http/Middleware/PreventRequestsDuringMaintenance->handle(Object(Illuminate/Http/Request), Object(Closure))
#50 C:/laragon/www/kurikulum/vendor/laravel/framework/src/Illuminate/Http/Middleware/HandleCors.php(49): Illuminate/Pipeline/Pipeline->Illuminate/Pipeline/{closure}(Object(Illuminate/Http/Request))
#51 C:/laragon/www/kurikulum/vendor/laravel/framework/src/Illuminate/Pipeline/Pipeline.php(183): Illuminate/Http/Middleware/HandleCors->handle(Object(Illuminate/Http/Request), Object(Closure))
#52 C:/laragon/www/kurikulum/vendor/laravel/framework/src/Illuminate/Http/Middleware/TrustProxies.php(39): Illuminate/Pipeline/Pipeline->Illuminate/Pipeline/{closure}(Object(Illuminate/Http/Request))
#53 C:/laragon/www/kurikulum/vendor/laravel/framework/src/Illuminate/Pipeline/Pipeline.php(183): Illuminate/Http/Middleware/TrustProxies->handle(Object(Illuminate/Http/Request), Object(Closure))
#54 C:/laragon/www/kurikulum/vendor/laravel/framework/src/Illuminate/Pipeline/Pipeline.php(119): Illuminate/Pipeline/Pipeline->Illuminate/Pipeline/{closure}(Object(Illuminate/Http/Request))
#55 C:/laragon/www/kurikulum/vendor/laravel/framework/src/Illuminate/Foundation/Http/Kernel.php(175): Illuminate/Pipeline/Pipeline->then(Object(Closure))
#56 C:/laragon/www/kurikulum/vendor/laravel/framework/src/Illuminate/Foundation/Http/Kernel.php(144): Illuminate/Foundation/Http/Kernel->sendRequestThroughRouter(Object(Illuminate/Http/Request))
#57 C:/laragon/www/kurikulum/public/index.php(18): Illuminate/Foundation/Http/Kernel->handle(Object(Illuminate/Http/Request))
#58 C:/laragon/www/kurikulum/vendor/laravel/framework/src/Illuminate/Foundation/resources/server.php(16): require_once('C://laragon//www//...')
#59 {main}

[previous exception] [object] (PDOException(code: 42S22): SQLSTATE[42S22]: Column not found: 1054 Unknown column 'nama_tingkat' in 'order clause' at C:/laragon/www/kurikulum/vendor/laravel/framework/src/Illuminate/Database/Connection.php:423)
[stacktrace]
#0 C:/laragon/www/kurikulum/vendor/laravel/framework/src/Illuminate/Database/Connection.php(423): PDO->prepare('select * from `...')
#1 C:/laragon/www/kurikulum/vendor/laravel/framework/src/Illuminate/Database/Connection.php(816): Illuminate/Database/Connection->Illuminate/Database/{closure}('select * from `...', Array)
#2 C:/laragon/www/kurikulum/vendor/laravel/framework/src/Illuminate/Database/Connection.php(783): Illuminate/Database/Connection->runQueryCallback('select * from `...', Array, Object(Closure))
#3 C:/laragon/www/kurikulum/vendor/laravel/framework/src/Illuminate/Database/Connection.php(414): Illuminate/Database/Connection->run('select * from `...', Array, Object(Closure))
#4 C:/laragon/www/kurikulum/vendor/laravel/framework/src/Illuminate/Database/Query/Builder.php(2913): Illuminate/Database/Connection->select('select * from `...', Array, true)
#5 C:/laragon/www/kurikulum/vendor/laravel/framework/src/Illuminate/Database/Query/Builder.php(2902): Illuminate/Database/Query/Builder->runSelect()
#6 C:/laragon/www/kurikulum/vendor/laravel/framework/src/Illuminate/Database/Query/Builder.php(3456): Illuminate/Database/Query/Builder->Illuminate/Database/Query/{closure}()
#7 C:/laragon/www/kurikulum/vendor/laravel/framework/src/Illuminate/Database/Query/Builder.php(2901): Illuminate/Database/Query/Builder->onceWithColumns(Array, Object(Closure))
#8 C:/laragon/www/kurikulum/vendor/laravel/framework/src/Illuminate/Database/Eloquent/Builder.php(739): Illuminate/Database/Query/Builder->get(Array)
#9 C:/laragon/www/kurikulum/vendor/laravel/framework/src/Illuminate/Database/Eloquent/Builder.php(723): Illuminate/Database/Eloquent/Builder->getModels(Array)
#10 C:/laragon/www/kurikulum/app/Http/Controllers/Crud/BaseCrudController.php(206): Illuminate/Database/Eloquent/Builder->get()
#11 C:/laragon/www/kurikulum/app/Http/Controllers/Crud/BaseCrudController.php(124): App/Http/Controllers/Crud/BaseCrudController->resolveFieldOptions(Array)
#12 C:/laragon/www/kurikulum/vendor/laravel/framework/src/Illuminate/Routing/Controller.php(54): App/Http/Controllers/Crud/BaseCrudController->create()
#13 C:/laragon/www/kurikulum/vendor/laravel/framework/src/Illuminate/Routing/ControllerDispatcher.php(43): Illuminate/Routing/Controller->callAction('create', Array)
#14 C:/laragon/www/kurikulum/vendor/laravel/framework/src/Illuminate/Routing/Route.php(259): Illuminate/Routing/ControllerDispatcher->dispatch(Object(Illuminate/Routing/Route), Object(App/Http/Controllers/Kurikulum/AlokasiJamMapelController), 'create')
#15 C:/laragon/www/kurikulum/vendor/laravel/framework/src/Illuminate/Routing/Route.php(205): Illuminate/Routing/Route->runController()
#16 C:/laragon/www/kurikulum/vendor/laravel/framework/src/Illuminate/Routing/Router.php(806): Illuminate/Routing/Route->run()
#17 C:/laragon/www/kurikulum/vendor/laravel/framework/src/Illuminate/Pipeline/Pipeline.php(144): Illuminate/Routing/Router->Illuminate/Routing/{closure}(Object(Illuminate/Http/Request))
#18 C:/laragon/www/kurikulum/app/Http/Middleware/EnsureUserHasRole.php(23): Illuminate/Pipeline/Pipeline->Illuminate/Pipeline/{closure}(Object(Illuminate/Http/Request))
#19 C:/laragon/www/kurikulum/vendor/laravel/framework/src/Illuminate/Pipeline/Pipeline.php(183): App/Http/Middleware/EnsureUserHasRole->handle(Object(Illuminate/Http/Request), Object(Closure), 'admin', 'guru')
#20 C:/laragon/www/kurikulum/vendor/laravel/framework/src/Illuminate/Routing/Middleware/SubstituteBindings.php(50): Illuminate/Pipeline/Pipeline->Illuminate/Pipeline/{closure}(Object(Illuminate/Http/Request))
#21 C:/laragon/www/kurikulum/vendor/laravel/framework/src/Illuminate/Pipeline/Pipeline.php(183): Illuminate/Routing/Middleware/SubstituteBindings->handle(Object(Illuminate/Http/Request), Object(Closure))
#22 C:/laragon/www/kurikulum/vendor/laravel/framework/src/Illuminate/Auth/Middleware/Authenticate.php(57): Illuminate/Pipeline/Pipeline->Illuminate/Pipeline/{closure}(Object(Illuminate/Http/Request))
#23 C:/laragon/www/kurikulum/vendor/laravel/framework/src/Illuminate/Pipeline/Pipeline.php(183): Illuminate/Auth/Middleware/Authenticate->handle(Object(Illuminate/Http/Request), Object(Closure))
#24 C:/laragon/www/kurikulum/vendor/laravel/framework/src/Illuminate/Foundation/Http/Middleware/VerifyCsrfToken.php(78): Illuminate/Pipeline/Pipeline->Illuminate/Pipeline/{closure}(Object(Illuminate/Http/Request))
#25 C:/laragon/www/kurikulum/vendor/laravel/framework/src/Illuminate/Pipeline/Pipeline.php(183): Illuminate/Foundation/Http/Middleware/VerifyCsrfToken->handle(Object(Illuminate/Http/Request), Object(Closure))
#26 C:/laragon/www/kurikulum/vendor/laravel/framework/src/Illuminate/View/Middleware/ShareErrorsFromSession.php(49): Illuminate/Pipeline/Pipeline->Illuminate/Pipeline/{closure}(Object(Illuminate/Http/Request))
#27 C:/laragon/www/kurikulum/vendor/laravel/framework/src/Illuminate/Pipeline/Pipeline.php(183): Illuminate/View/Middleware/ShareErrorsFromSession->handle(Object(Illuminate/Http/Request), Object(Closure))
#28 C:/laragon/www/kurikulum/vendor/laravel/framework/src/Illuminate/Session/Middleware/StartSession.php(121): Illuminate/Pipeline/Pipeline->Illuminate/Pipeline/{closure}(Object(Illuminate/Http/Request))
#29 C:/laragon/www/kurikulum/vendor/laravel/framework/src/Illuminate/Session/Middleware/StartSession.php(64): Illuminate/Session/Middleware/StartSession->handleStatefulRequest(Object(Illuminate/Http/Request), Object(Illuminate/Session/Store), Object(Closure))
#30 C:/laragon/www/kurikulum/vendor/laravel/framework/src/Illuminate/Pipeline/Pipeline.php(183): Illuminate/Session/Middleware/StartSession->handle(Object(Illuminate/Http/Request), Object(Closure))
#31 C:/laragon/www/kurikulum/vendor/laravel/framework/src/Illuminate/Cookie/Middleware/AddQueuedCookiesToResponse.php(37): Illuminate/Pipeline/Pipeline->Illuminate/Pipeline/{closure}(Object(Illuminate/Http/Request))
#32 C:/laragon/www/kurikulum/vendor/laravel/framework/src/Illuminate/Pipeline/Pipeline.php(183): Illuminate/Cookie/Middleware/AddQueuedCookiesToResponse->handle(Object(Illuminate/Http/Request), Object(Closure))
#33 C:/laragon/www/kurikulum/vendor/laravel/framework/src/Illuminate/Cookie/Middleware/EncryptCookies.php(67): Illuminate/Pipeline/Pipeline->Illuminate/Pipeline/{closure}(Object(Illuminate/Http/Request))
#34 C:/laragon/www/kurikulum/vendor/laravel/framework/src/Illuminate/Pipeline/Pipeline.php(183): Illuminate/Cookie/Middleware/EncryptCookies->handle(Object(Illuminate/Http/Request), Object(Closure))
#35 C:/laragon/www/kurikulum/vendor/laravel/framework/src/Illuminate/Pipeline/Pipeline.php(119): Illuminate/Pipeline/Pipeline->Illuminate/Pipeline/{closure}(Object(Illuminate/Http/Request))
#36 C:/laragon/www/kurikulum/vendor/laravel/framework/src/Illuminate/Routing/Router.php(805): Illuminate/Pipeline/Pipeline->then(Object(Closure))
#37 C:/laragon/www/kurikulum/vendor/laravel/framework/src/Illuminate/Routing/Router.php(784): Illuminate/Routing/Router->runRouteWithinStack(Object(Illuminate/Routing/Route), Object(Illuminate/Http/Request))
#38 C:/laragon/www/kurikulum/vendor/laravel/framework/src/Illuminate/Routing/Router.php(748): Illuminate/Routing/Router->runRoute(Object(Illuminate/Http/Request), Object(Illuminate/Routing/Route))
#39 C:/laragon/www/kurikulum/vendor/laravel/framework/src/Illuminate/Routing/Router.php(737): Illuminate/Routing/Router->dispatchToRoute(Object(Illuminate/Http/Request))
#40 C:/laragon/www/kurikulum/vendor/laravel/framework/src/Illuminate/Foundation/Http/Kernel.php(200): Illuminate/Routing/Router->dispatch(Object(Illuminate/Http/Request))
#41 C:/laragon/www/kurikulum/vendor/laravel/framework/src/Illuminate/Pipeline/Pipeline.php(144): Illuminate/Foundation/Http/Kernel->Illuminate/Foundation/Http/{closure}(Object(Illuminate/Http/Request))
#42 C:/laragon/www/kurikulum/vendor/laravel/framework/src/Illuminate/Foundation/Http/Middleware/TransformsRequest.php(21): Illuminate/Pipeline/Pipeline->Illuminate/Pipeline/{closure}(Object(Illuminate/Http/Request))
#43 C:/laragon/www/kurikulum/vendor/laravel/framework/src/Illuminate/Foundation/Http/Middleware/ConvertEmptyStringsToNull.php(31): Illuminate/Foundation/Http/Middleware/TransformsRequest->handle(Object(Illuminate/Http/Request), Object(Closure))
#44 C:/laragon/www/kurikulum/vendor/laravel/framework/src/Illuminate/Pipeline/Pipeline.php(183): Illuminate/Foundation/Http/Middleware/ConvertEmptyStringsToNull->handle(Object(Illuminate/Http/Request), Object(Closure))
#45 C:/laragon/www/kurikulum/vendor/laravel/framework/src/Illuminate/Foundation/Http/Middleware/TransformsRequest.php(21): Illuminate/Pipeline/Pipeline->Illuminate/Pipeline/{closure}(Object(Illuminate/Http/Request))
#46 C:/laragon/www/kurikulum/vendor/laravel/framework/src/Illuminate/Foundation/Http/Middleware/TrimStrings.php(40): Illuminate/Foundation/Http/Middleware/TransformsRequest->handle(Object(Illuminate/Http/Request), Object(Closure))
#47 C:/laragon/www/kurikulum/vendor/laravel/framework/src/Illuminate/Pipeline/Pipeline.php(183): Illuminate/Foundation/Http/Middleware/TrimStrings->handle(Object(Illuminate/Http/Request), Object(Closure))
#48 C:/laragon/www/kurikulum/vendor/laravel/framework/src/Illuminate/Foundation/Http/Middleware/ValidatePostSize.php(27): Illuminate/Pipeline/Pipeline->Illuminate/Pipeline/{closure}(Object(Illuminate/Http/Request))
#49 C:/laragon/www/kurikulum/vendor/laravel/framework/src/Illuminate/Pipeline/Pipeline.php(183): Illuminate/Foundation/Http/Middleware/ValidatePostSize->handle(Object(Illuminate/Http/Request), Object(Closure))
#50 C:/laragon/www/kurikulum/vendor/laravel/framework/src/Illuminate/Foundation/Http/Middleware/PreventRequestsDuringMaintenance.php(99): Illuminate/Pipeline/Pipeline->Illuminate/Pipeline/{closure}(Object(Illuminate/Http/Request))
#51 C:/laragon/www/kurikulum/vendor/laravel/framework/src/Illuminate/Pipeline/Pipeline.php(183): Illuminate/Foundation/Http/Middleware/PreventRequestsDuringMaintenance->handle(Object(Illuminate/Http/Request), Object(Closure))
#52 C:/laragon/www/kurikulum/vendor/laravel/framework/src/Illuminate/Http/Middleware/HandleCors.php(49): Illuminate/Pipeline/Pipeline->Illuminate/Pipeline/{closure}(Object(Illuminate/Http/Request))
#53 C:/laragon/www/kurikulum/vendor/laravel/framework/src/Illuminate/Pipeline/Pipeline.php(183): Illuminate/Http/Middleware/HandleCors->handle(Object(Illuminate/Http/Request), Object(Closure))
#54 C:/laragon/www/kurikulum/vendor/laravel/framework/src/Illuminate/Http/Middleware/TrustProxies.php(39): Illuminate/Pipeline/Pipeline->Illuminate/Pipeline/{closure}(Object(Illuminate/Http/Request))
#55 C:/laragon/www/kurikulum/vendor/laravel/framework/src/Illuminate/Pipeline/Pipeline.php(183): Illuminate/Http/Middleware/TrustProxies->handle(Object(Illuminate/Http/Request), Object(Closure))
#56 C:/laragon/www/kurikulum/vendor/laravel/framework/src/Illuminate/Pipeline/Pipeline.php(119): Illuminate/Pipeline/Pipeline->Illuminate/Pipeline/{closure}(Object(Illuminate/Http/Request))
#57 C:/laragon/www/kurikulum/vendor/laravel/framework/src/Illuminate/Foundation/Http/Kernel.php(175): Illuminate/Pipeline/Pipeline->then(Object(Closure))
#58 C:/laragon/www/kurikulum/vendor/laravel/framework/src/Illuminate/Foundation/Http/Kernel.php(144): Illuminate/Foundation/Http/Kernel->sendRequestThroughRouter(Object(Illuminate/Http/Request))
#59 C:/laragon/www/kurikulum/public/index.php(18): Illuminate/Foundation/Http/Kernel->handle(Object(Illuminate/Http/Request))
#60 C:/laragon/www/kurikulum/vendor/laravel/framework/src/Illuminate/Foundation/resources/server.php(16): require_once('C://laragon//www//...')
#61 {main}
"} 
[2026-07-17 23:15:56] local.ERROR: SQLSTATE[42S22]: Column not found: 1054 Unknown column 'nama_tingkat' in 'order clause' (Connection: datacenter, SQL: select * from `tingkat_kelas` order by `nama_tingkat` asc) {"userId":1,"exception":"[object] (Illuminate\\Database\\QueryException(code: 42S22): SQLSTATE[42S22]: Column not found: 1054 Unknown column 'nama_tingkat' in 'order clause' (Connection: datacenter, SQL: select * from `tingkat_kelas` order by `nama_tingkat` asc) at C:/laragon/www/kurikulum/vendor/laravel/framework/src/Illuminate/Database/Connection.php:829)
[stacktrace]
#0 C:/laragon/www/kurikulum/vendor/laravel/framework/src/Illuminate/Database/Connection.php(783): Illuminate/Database/Connection->runQueryCallback('select * from `...', Array, Object(Closure))
#1 C:/laragon/www/kurikulum/vendor/laravel/framework/src/Illuminate/Database/Connection.php(414): Illuminate/Database/Connection->run('select * from `...', Array, Object(Closure))
#2 C:/laragon/www/kurikulum/vendor/laravel/framework/src/Illuminate/Database/Query/Builder.php(2913): Illuminate/Database/Connection->select('select * from `...', Array, true)
#3 C:/laragon/www/kurikulum/vendor/laravel/framework/src/Illuminate/Database/Query/Builder.php(2902): Illuminate/Database/Query/Builder->runSelect()
#4 C:/laragon/www/kurikulum/vendor/laravel/framework/src/Illuminate/Database/Query/Builder.php(3456): Illuminate/Database/Query/Builder->Illuminate/Database/Query/{closure}()
#5 C:/laragon/www/kurikulum/vendor/laravel/framework/src/Illuminate/Database/Query/Builder.php(2901): Illuminate/Database/Query/Builder->onceWithColumns(Array, Object(Closure))
#6 C:/laragon/www/kurikulum/vendor/laravel/framework/src/Illuminate/Database/Eloquent/Builder.php(739): Illuminate/Database/Query/Builder->get(Array)
#7 C:/laragon/www/kurikulum/vendor/laravel/framework/src/Illuminate/Database/Eloquent/Builder.php(723): Illuminate/Database/Eloquent/Builder->getModels(Array)
#8 C:/laragon/www/kurikulum/app/Http/Controllers/Crud/BaseCrudController.php(206): Illuminate/Database/Eloquent/Builder->get()
#9 C:/laragon/www/kurikulum/app/Http/Controllers/Crud/BaseCrudController.php(124): App/Http/Controllers/Crud/BaseCrudController->resolveFieldOptions(Array)
#10 C:/laragon/www/kurikulum/vendor/laravel/framework/src/Illuminate/Routing/Controller.php(54): App/Http/Controllers/Crud/BaseCrudController->create()
#11 C:/laragon/www/kurikulum/vendor/laravel/framework/src/Illuminate/Routing/ControllerDispatcher.php(43): Illuminate/Routing/Controller->callAction('create', Array)
#12 C:/laragon/www/kurikulum/vendor/laravel/framework/src/Illuminate/Routing/Route.php(259): Illuminate/Routing/ControllerDispatcher->dispatch(Object(Illuminate/Routing/Route), Object(App/Http/Controllers/Kurikulum/AlokasiJamMapelController), 'create')
#13 C:/laragon/www/kurikulum/vendor/laravel/framework/src/Illuminate/Routing/Route.php(205): Illuminate/Routing/Route->runController()
#14 C:/laragon/www/kurikulum/vendor/laravel/framework/src/Illuminate/Routing/Router.php(806): Illuminate/Routing/Route->run()
#15 C:/laragon/www/kurikulum/vendor/laravel/framework/src/Illuminate/Pipeline/Pipeline.php(144): Illuminate/Routing/Router->Illuminate/Routing/{closure}(Object(Illuminate/Http/Request))
#16 C:/laragon/www/kurikulum/app/Http/Middleware/EnsureUserHasRole.php(23): Illuminate/Pipeline/Pipeline->Illuminate/Pipeline/{closure}(Object(Illuminate/Http/Request))
#17 C:/laragon/www/kurikulum/vendor/laravel/framework/src/Illuminate/Pipeline/Pipeline.php(183): App/Http/Middleware/EnsureUserHasRole->handle(Object(Illuminate/Http/Request), Object(Closure), 'admin', 'guru')
#18 C:/laragon/www/kurikulum/vendor/laravel/framework/src/Illuminate/Routing/Middleware/SubstituteBindings.php(50): Illuminate/Pipeline/Pipeline->Illuminate/Pipeline/{closure}(Object(Illuminate/Http/Request))
#19 C:/laragon/www/kurikulum/vendor/laravel/framework/src/Illuminate/Pipeline/Pipeline.php(183): Illuminate/Routing/Middleware/SubstituteBindings->handle(Object(Illuminate/Http/Request), Object(Closure))
#20 C:/laragon/www/kurikulum/vendor/laravel/framework/src/Illuminate/Auth/Middleware/Authenticate.php(57): Illuminate/Pipeline/Pipeline->Illuminate/Pipeline/{closure}(Object(Illuminate/Http/Request))
#21 C:/laragon/www/kurikulum/vendor/laravel/framework/src/Illuminate/Pipeline/Pipeline.php(183): Illuminate/Auth/Middleware/Authenticate->handle(Object(Illuminate/Http/Request), Object(Closure))
#22 C:/laragon/www/kurikulum/vendor/laravel/framework/src/Illuminate/Foundation/Http/Middleware/VerifyCsrfToken.php(78): Illuminate/Pipeline/Pipeline->Illuminate/Pipeline/{closure}(Object(Illuminate/Http/Request))
#23 C:/laragon/www/kurikulum/vendor/laravel/framework/src/Illuminate/Pipeline/Pipeline.php(183): Illuminate/Foundation/Http/Middleware/VerifyCsrfToken->handle(Object(Illuminate/Http/Request), Object(Closure))
#24 C:/laragon/www/kurikulum/vendor/laravel/framework/src/Illuminate/View/Middleware/ShareErrorsFromSession.php(49): Illuminate/Pipeline/Pipeline->Illuminate/Pipeline/{closure}(Object(Illuminate/Http/Request))
#25 C:/laragon/www/kurikulum/vendor/laravel/framework/src/Illuminate/Pipeline/Pipeline.php(183): Illuminate/View/Middleware/ShareErrorsFromSession->handle(Object(Illuminate/Http/Request), Object(Closure))
#26 C:/laragon/www/kurikulum/vendor/laravel/framework/src/Illuminate/Session/Middleware/StartSession.php(121): Illuminate/Pipeline/Pipeline->Illuminate/Pipeline/{closure}(Object(Illuminate/Http/Request))
#27 C:/laragon/www/kurikulum/vendor/laravel/framework/src/Illuminate/Session/Middleware/StartSession.php(64): Illuminate/Session/Middleware/StartSession->handleStatefulRequest(Object(Illuminate/Http/Request), Object(Illuminate/Session/Store), Object(Closure))
#28 C:/laragon/www/kurikulum/vendor/laravel/framework/src/Illuminate/Pipeline/Pipeline.php(183): Illuminate/Session/Middleware/StartSession->handle(Object(Illuminate/Http/Request), Object(Closure))
#29 C:/laragon/www/kurikulum/vendor/laravel/framework/src/Illuminate/Cookie/Middleware/AddQueuedCookiesToResponse.php(37): Illuminate/Pipeline/Pipeline->Illuminate/Pipeline/{closure}(Object(Illuminate/Http/Request))
#30 C:/laragon/www/kurikulum/vendor/laravel/framework/src/Illuminate/Pipeline/Pipeline.php(183): Illuminate/Cookie/Middleware/AddQueuedCookiesToResponse->handle(Object(Illuminate/Http/Request), Object(Closure))
#31 C:/laragon/www/kurikulum/vendor/laravel/framework/src/Illuminate/Cookie/Middleware/EncryptCookies.php(67): Illuminate/Pipeline/Pipeline->Illuminate/Pipeline/{closure}(Object(Illuminate/Http/Request))
#32 C:/laragon/www/kurikulum/vendor/laravel/framework/src/Illuminate/Pipeline/Pipeline.php(183): Illuminate/Cookie/Middleware/EncryptCookies->handle(Object(Illuminate/Http/Request), Object(Closure))
#33 C:/laragon/www/kurikulum/vendor/laravel/framework/src/Illuminate/Pipeline/Pipeline.php(119): Illuminate/Pipeline/Pipeline->Illuminate/Pipeline/{closure}(Object(Illuminate/Http/Request))
#34 C:/laragon/www/kurikulum/vendor/laravel/framework/src/Illuminate/Routing/Router.php(805): Illuminate/Pipeline/Pipeline->then(Object(Closure))
#35 C:/laragon/www/kurikulum/vendor/laravel/framework/src/Illuminate/Routing/Router.php(784): Illuminate/Routing/Router->runRouteWithinStack(Object(Illuminate/Routing/Route), Object(Illuminate/Http/Request))
#36 C:/laragon/www/kurikulum/vendor/laravel/framework/src/Illuminate/Routing/Router.php(748): Illuminate/Routing/Router->runRoute(Object(Illuminate/Http/Request), Object(Illuminate/Routing/Route))
#37 C:/laragon/www/kurikulum/vendor/laravel/framework/src/Illuminate/Routing/Router.php(737): Illuminate/Routing/Router->dispatchToRoute(Object(Illuminate/Http/Request))
#38 C:/laragon/www/kurikulum/vendor/laravel/framework/src/Illuminate/Foundation/Http/Kernel.php(200): Illuminate/Routing/Router->dispatch(Object(Illuminate/Http/Request))
#39 C:/laragon/www/kurikulum/vendor/laravel/framework/src/Illuminate/Pipeline/Pipeline.php(144): Illuminate/Foundation/Http/Kernel->Illuminate/Foundation/Http/{closure}(Object(Illuminate/Http/Request))
#40 C:/laragon/www/kurikulum/vendor/laravel/framework/src/Illuminate/Foundation/Http/Middleware/TransformsRequest.php(21): Illuminate/Pipeline/Pipeline->Illuminate/Pipeline/{closure}(Object(Illuminate/Http/Request))
#41 C:/laragon/www/kurikulum/vendor/laravel/framework/src/Illuminate/Foundation/Http/Middleware/ConvertEmptyStringsToNull.php(31): Illuminate/Foundation/Http/Middleware/TransformsRequest->handle(Object(Illuminate/Http/Request), Object(Closure))
#42 C:/laragon/www/kurikulum/vendor/laravel/framework/src/Illuminate/Pipeline/Pipeline.php(183): Illuminate/Foundation/Http/Middleware/ConvertEmptyStringsToNull->handle(Object(Illuminate/Http/Request), Object(Closure))
#43 C:/laragon/www/kurikulum/vendor/laravel/framework/src/Illuminate/Foundation/Http/Middleware/TransformsRequest.php(21): Illuminate/Pipeline/Pipeline->Illuminate/Pipeline/{closure}(Object(Illuminate/Http/Request))
#44 C:/laragon/www/kurikulum/vendor/laravel/framework/src/Illuminate/Foundation/Http/Middleware/TrimStrings.php(40): Illuminate/Foundation/Http/Middleware/TransformsRequest->handle(Object(Illuminate/Http/Request), Object(Closure))
#45 C:/laragon/www/kurikulum/vendor/laravel/framework/src/Illuminate/Pipeline/Pipeline.php(183): Illuminate/Foundation/Http/Middleware/TrimStrings->handle(Object(Illuminate/Http/Request), Object(Closure))
#46 C:/laragon/www/kurikulum/vendor/laravel/framework/src/Illuminate/Foundation/Http/Middleware/ValidatePostSize.php(27): Illuminate/Pipeline/Pipeline->Illuminate/Pipeline/{closure}(Object(Illuminate/Http/Request))
#47 C:/laragon/www/kurikulum/vendor/laravel/framework/src/Illuminate/Pipeline/Pipeline.php(183): Illuminate/Foundation/Http/Middleware/ValidatePostSize->handle(Object(Illuminate/Http/Request), Object(Closure))
#48 C:/laragon/www/kurikulum/vendor/laravel/framework/src/Illuminate/Foundation/Http/Middleware/PreventRequestsDuringMaintenance.php(99): Illuminate/Pipeline/Pipeline->Illuminate/Pipeline/{closure}(Object(Illuminate/Http/Request))
#49 C:/laragon/www/kurikulum/vendor/laravel/framework/src/Illuminate/Pipeline/Pipeline.php(183): Illuminate/Foundation/Http/Middleware/PreventRequestsDuringMaintenance->handle(Object(Illuminate/Http/Request), Object(Closure))
#50 C:/laragon/www/kurikulum/vendor/laravel/framework/src/Illuminate/Http/Middleware/HandleCors.php(49): Illuminate/Pipeline/Pipeline->Illuminate/Pipeline/{closure}(Object(Illuminate/Http/Request))
#51 C:/laragon/www/kurikulum/vendor/laravel/framework/src/Illuminate/Pipeline/Pipeline.php(183): Illuminate/Http/Middleware/HandleCors->handle(Object(Illuminate/Http/Request), Object(Closure))
#52 C:/laragon/www/kurikulum/vendor/laravel/framework/src/Illuminate/Http/Middleware/TrustProxies.php(39): Illuminate/Pipeline/Pipeline->Illuminate/Pipeline/{closure}(Object(Illuminate/Http/Request))
#53 C:/laragon/www/kurikulum/vendor/laravel/framework/src/Illuminate/Pipeline/Pipeline.php(183): Illuminate/Http/Middleware/TrustProxies->handle(Object(Illuminate/Http/Request), Object(Closure))
#54 C:/laragon/www/kurikulum/vendor/laravel/framework/src/Illuminate/Pipeline/Pipeline.php(119): Illuminate/Pipeline/Pipeline->Illuminate/Pipeline/{closure}(Object(Illuminate/Http/Request))
#55 C:/laragon/www/kurikulum/vendor/laravel/framework/src/Illuminate/Foundation/Http/Kernel.php(175): Illuminate/Pipeline/Pipeline->then(Object(Closure))
#56 C:/laragon/www/kurikulum/vendor/laravel/framework/src/Illuminate/Foundation/Http/Kernel.php(144): Illuminate/Foundation/Http/Kernel->sendRequestThroughRouter(Object(Illuminate/Http/Request))
#57 C:/laragon/www/kurikulum/public/index.php(18): Illuminate/Foundation/Http/Kernel->handle(Object(Illuminate/Http/Request))
#58 C:/laragon/www/kurikulum/vendor/laravel/framework/src/Illuminate/Foundation/resources/server.php(16): require_once('C://laragon//www//...')
#59 {main}

[previous exception] [object] (PDOException(code: 42S22): SQLSTATE[42S22]: Column not found: 1054 Unknown column 'nama_tingkat' in 'order clause' at C:/laragon/www/kurikulum/vendor/laravel/framework/src/Illuminate/Database/Connection.php:423)
[stacktrace]
#0 C:/laragon/www/kurikulum/vendor/laravel/framework/src/Illuminate/Database/Connection.php(423): PDO->prepare('select * from `...')
#1 C:/laragon/www/kurikulum/vendor/laravel/framework/src/Illuminate/Database/Connection.php(816): Illuminate/Database/Connection->Illuminate/Database/{closure}('select * from `...', Array)
#2 C:/laragon/www/kurikulum/vendor/laravel/framework/src/Illuminate/Database/Connection.php(783): Illuminate/Database/Connection->runQueryCallback('select * from `...', Array, Object(Closure))
#3 C:/laragon/www/kurikulum/vendor/laravel/framework/src/Illuminate/Database/Connection.php(414): Illuminate/Database/Connection->run('select * from `...', Array, Object(Closure))
#4 C:/laragon/www/kurikulum/vendor/laravel/framework/src/Illuminate/Database/Query/Builder.php(2913): Illuminate/Database/Connection->select('select * from `...', Array, true)
#5 C:/laragon/www/kurikulum/vendor/laravel/framework/src/Illuminate/Database/Query/Builder.php(2902): Illuminate/Database/Query/Builder->runSelect()
#6 C:/laragon/www/kurikulum/vendor/laravel/framework/src/Illuminate/Database/Query/Builder.php(3456): Illuminate/Database/Query/Builder->Illuminate/Database/Query/{closure}()
#7 C:/laragon/www/kurikulum/vendor/laravel/framework/src/Illuminate/Database/Query/Builder.php(2901): Illuminate/Database/Query/Builder->onceWithColumns(Array, Object(Closure))
#8 C:/laragon/www/kurikulum/vendor/laravel/framework/src/Illuminate/Database/Eloquent/Builder.php(739): Illuminate/Database/Query/Builder->get(Array)
#9 C:/laragon/www/kurikulum/vendor/laravel/framework/src/Illuminate/Database/Eloquent/Builder.php(723): Illuminate/Database/Eloquent/Builder->getModels(Array)
#10 C:/laragon/www/kurikulum/app/Http/Controllers/Crud/BaseCrudController.php(206): Illuminate/Database/Eloquent/Builder->get()
#11 C:/laragon/www/kurikulum/app/Http/Controllers/Crud/BaseCrudController.php(124): App/Http/Controllers/Crud/BaseCrudController->resolveFieldOptions(Array)
#12 C:/laragon/www/kurikulum/vendor/laravel/framework/src/Illuminate/Routing/Controller.php(54): App/Http/Controllers/Crud/BaseCrudController->create()
#13 C:/laragon/www/kurikulum/vendor/laravel/framework/src/Illuminate/Routing/ControllerDispatcher.php(43): Illuminate/Routing/Controller->callAction('create', Array)
#14 C:/laragon/www/kurikulum/vendor/laravel/framework/src/Illuminate/Routing/Route.php(259): Illuminate/Routing/ControllerDispatcher->dispatch(Object(Illuminate/Routing/Route), Object(App/Http/Controllers/Kurikulum/AlokasiJamMapelController), 'create')
#15 C:/laragon/www/kurikulum/vendor/laravel/framework/src/Illuminate/Routing/Route.php(205): Illuminate/Routing/Route->runController()
#16 C:/laragon/www/kurikulum/vendor/laravel/framework/src/Illuminate/Routing/Router.php(806): Illuminate/Routing/Route->run()
#17 C:/laragon/www/kurikulum/vendor/laravel/framework/src/Illuminate/Pipeline/Pipeline.php(144): Illuminate/Routing/Router->Illuminate/Routing/{closure}(Object(Illuminate/Http/Request))
#18 C:/laragon/www/kurikulum/app/Http/Middleware/EnsureUserHasRole.php(23): Illuminate/Pipeline/Pipeline->Illuminate/Pipeline/{closure}(Object(Illuminate/Http/Request))
#19 C:/laragon/www/kurikulum/vendor/laravel/framework/src/Illuminate/Pipeline/Pipeline.php(183): App/Http/Middleware/EnsureUserHasRole->handle(Object(Illuminate/Http/Request), Object(Closure), 'admin', 'guru')
#20 C:/laragon/www/kurikulum/vendor/laravel/framework/src/Illuminate/Routing/Middleware/SubstituteBindings.php(50): Illuminate/Pipeline/Pipeline->Illuminate/Pipeline/{closure}(Object(Illuminate/Http/Request))
#21 C:/laragon/www/kurikulum/vendor/laravel/framework/src/Illuminate/Pipeline/Pipeline.php(183): Illuminate/Routing/Middleware/SubstituteBindings->handle(Object(Illuminate/Http/Request), Object(Closure))
#22 C:/laragon/www/kurikulum/vendor/laravel/framework/src/Illuminate/Auth/Middleware/Authenticate.php(57): Illuminate/Pipeline/Pipeline->Illuminate/Pipeline/{closure}(Object(Illuminate/Http/Request))
#23 C:/laragon/www/kurikulum/vendor/laravel/framework/src/Illuminate/Pipeline/Pipeline.php(183): Illuminate/Auth/Middleware/Authenticate->handle(Object(Illuminate/Http/Request), Object(Closure))
#24 C:/laragon/www/kurikulum/vendor/laravel/framework/src/Illuminate/Foundation/Http/Middleware/VerifyCsrfToken.php(78): Illuminate/Pipeline/Pipeline->Illuminate/Pipeline/{closure}(Object(Illuminate/Http/Request))
#25 C:/laragon/www/kurikulum/vendor/laravel/framework/src/Illuminate/Pipeline/Pipeline.php(183): Illuminate/Foundation/Http/Middleware/VerifyCsrfToken->handle(Object(Illuminate/Http/Request), Object(Closure))
#26 C:/laragon/www/kurikulum/vendor/laravel/framework/src/Illuminate/View/Middleware/ShareErrorsFromSession.php(49): Illuminate/Pipeline/Pipeline->Illuminate/Pipeline/{closure}(Object(Illuminate/Http/Request))
#27 C:/laragon/www/kurikulum/vendor/laravel/framework/src/Illuminate/Pipeline/Pipeline.php(183): Illuminate/View/Middleware/ShareErrorsFromSession->handle(Object(Illuminate/Http/Request), Object(Closure))
#28 C:/laragon/www/kurikulum/vendor/laravel/framework/src/Illuminate/Session/Middleware/StartSession.php(121): Illuminate/Pipeline/Pipeline->Illuminate/Pipeline/{closure}(Object(Illuminate/Http/Request))
#29 C:/laragon/www/kurikulum/vendor/laravel/framework/src/Illuminate/Session/Middleware/StartSession.php(64): Illuminate/Session/Middleware/StartSession->handleStatefulRequest(Object(Illuminate/Http/Request), Object(Illuminate/Session/Store), Object(Closure))
#30 C:/laragon/www/kurikulum/vendor/laravel/framework/src/Illuminate/Pipeline/Pipeline.php(183): Illuminate/Session/Middleware/StartSession->handle(Object(Illuminate/Http/Request), Object(Closure))
#31 C:/laragon/www/kurikulum/vendor/laravel/framework/src/Illuminate/Cookie/Middleware/AddQueuedCookiesToResponse.php(37): Illuminate/Pipeline/Pipeline->Illuminate/Pipeline/{closure}(Object(Illuminate/Http/Request))
#32 C:/laragon/www/kurikulum/vendor/laravel/framework/src/Illuminate/Pipeline/Pipeline.php(183): Illuminate/Cookie/Middleware/AddQueuedCookiesToResponse->handle(Object(Illuminate/Http/Request), Object(Closure))
#33 C:/laragon/www/kurikulum/vendor/laravel/framework/src/Illuminate/Cookie/Middleware/EncryptCookies.php(67): Illuminate/Pipeline/Pipeline->Illuminate/Pipeline/{closure}(Object(Illuminate/Http/Request))
#34 C:/laragon/www/kurikulum/vendor/laravel/framework/src/Illuminate/Pipeline/Pipeline.php(183): Illuminate/Cookie/Middleware/EncryptCookies->handle(Object(Illuminate/Http/Request), Object(Closure))
#35 C:/laragon/www/kurikulum/vendor/laravel/framework/src/Illuminate/Pipeline/Pipeline.php(119): Illuminate/Pipeline/Pipeline->Illuminate/Pipeline/{closure}(Object(Illuminate/Http/Request))
#36 C:/laragon/www/kurikulum/vendor/laravel/framework/src/Illuminate/Routing/Router.php(805): Illuminate/Pipeline/Pipeline->then(Object(Closure))
#37 C:/laragon/www/kurikulum/vendor/laravel/framework/src/Illuminate/Routing/Router.php(784): Illuminate/Routing/Router->runRouteWithinStack(Object(Illuminate/Routing/Route), Object(Illuminate/Http/Request))
#38 C:/laragon/www/kurikulum/vendor/laravel/framework/src/Illuminate/Routing/Router.php(748): Illuminate/Routing/Router->runRoute(Object(Illuminate/Http/Request), Object(Illuminate/Routing/Route))
#39 C:/laragon/www/kurikulum/vendor/laravel/framework/src/Illuminate/Routing/Router.php(737): Illuminate/Routing/Router->dispatchToRoute(Object(Illuminate/Http/Request))
#40 C:/laragon/www/kurikulum/vendor/laravel/framework/src/Illuminate/Foundation/Http/Kernel.php(200): Illuminate/Routing/Router->dispatch(Object(Illuminate/Http/Request))
#41 C:/laragon/www/kurikulum/vendor/laravel/framework/src/Illuminate/Pipeline/Pipeline.php(144): Illuminate/Foundation/Http/Kernel->Illuminate/Foundation/Http/{closure}(Object(Illuminate/Http/Request))
#42 C:/laragon/www/kurikulum/vendor/laravel/framework/src/Illuminate/Foundation/Http/Middleware/TransformsRequest.php(21): Illuminate/Pipeline/Pipeline->Illuminate/Pipeline/{closure}(Object(Illuminate/Http/Request))
#43 C:/laragon/www/kurikulum/vendor/laravel/framework/src/Illuminate/Foundation/Http/Middleware/ConvertEmptyStringsToNull.php(31): Illuminate/Foundation/Http/Middleware/TransformsRequest->handle(Object(Illuminate/Http/Request), Object(Closure))
#44 C:/laragon/www/kurikulum/vendor/laravel/framework/src/Illuminate/Pipeline/Pipeline.php(183): Illuminate/Foundation/Http/Middleware/ConvertEmptyStringsToNull->handle(Object(Illuminate/Http/Request), Object(Closure))
#45 C:/laragon/www/kurikulum/vendor/laravel/framework/src/Illuminate/Foundation/Http/Middleware/TransformsRequest.php(21): Illuminate/Pipeline/Pipeline->Illuminate/Pipeline/{closure}(Object(Illuminate/Http/Request))
#46 C:/laragon/www/kurikulum/vendor/laravel/framework/src/Illuminate/Foundation/Http/Middleware/TrimStrings.php(40): Illuminate/Foundation/Http/Middleware/TransformsRequest->handle(Object(Illuminate/Http/Request), Object(Closure))
#47 C:/laragon/www/kurikulum/vendor/laravel/framework/src/Illuminate/Pipeline/Pipeline.php(183): Illuminate/Foundation/Http/Middleware/TrimStrings->handle(Object(Illuminate/Http/Request), Object(Closure))
#48 C:/laragon/www/kurikulum/vendor/laravel/framework/src/Illuminate/Foundation/Http/Middleware/ValidatePostSize.php(27): Illuminate/Pipeline/Pipeline->Illuminate/Pipeline/{closure}(Object(Illuminate/Http/Request))
#49 C:/laragon/www/kurikulum/vendor/laravel/framework/src/Illuminate/Pipeline/Pipeline.php(183): Illuminate/Foundation/Http/Middleware/ValidatePostSize->handle(Object(Illuminate/Http/Request), Object(Closure))
#50 C:/laragon/www/kurikulum/vendor/laravel/framework/src/Illuminate/Foundation/Http/Middleware/PreventRequestsDuringMaintenance.php(99): Illuminate/Pipeline/Pipeline->Illuminate/Pipeline/{closure}(Object(Illuminate/Http/Request))
#51 C:/laragon/www/kurikulum/vendor/laravel/framework/src/Illuminate/Pipeline/Pipeline.php(183): Illuminate/Foundation/Http/Middleware/PreventRequestsDuringMaintenance->handle(Object(Illuminate/Http/Request), Object(Closure))
#52 C:/laragon/www/kurikulum/vendor/laravel/framework/src/Illuminate/Http/Middleware/HandleCors.php(49): Illuminate/Pipeline/Pipeline->Illuminate/Pipeline/{closure}(Object(Illuminate/Http/Request))
#53 C:/laragon/www/kurikulum/vendor/laravel/framework/src/Illuminate/Pipeline/Pipeline.php(183): Illuminate/Http/Middleware/HandleCors->handle(Object(Illuminate/Http/Request), Object(Closure))
#54 C:/laragon/www/kurikulum/vendor/laravel/framework/src/Illuminate/Http/Middleware/TrustProxies.php(39): Illuminate/Pipeline/Pipeline->Illuminate/Pipeline/{closure}(Object(Illuminate/Http/Request))
#55 C:/laragon/www/kurikulum/vendor/laravel/framework/src/Illuminate/Pipeline/Pipeline.php(183): Illuminate/Http/Middleware/TrustProxies->handle(Object(Illuminate/Http/Request), Object(Closure))
#56 C:/laragon/www/kurikulum/vendor/laravel/framework/src/Illuminate/Pipeline/Pipeline.php(119): Illuminate/Pipeline/Pipeline->Illuminate/Pipeline/{closure}(Object(Illuminate/Http/Request))
#57 C:/laragon/www/kurikulum/vendor/laravel/framework/src/Illuminate/Foundation/Http/Kernel.php(175): Illuminate/Pipeline/Pipeline->then(Object(Closure))
#58 C:/laragon/www/kurikulum/vendor/laravel/framework/src/Illuminate/Foundation/Http/Kernel.php(144): Illuminate/Foundation/Http/Kernel->sendRequestThroughRouter(Object(Illuminate/Http/Request))
#59 C:/laragon/www/kurikulum/public/index.php(18): Illuminate/Foundation/Http/Kernel->handle(Object(Illuminate/Http/Request))
#60 C:/laragon/www/kurikulum/vendor/laravel/framework/src/Illuminate/Foundation/resources/server.php(16): require_once('C://laragon//www//...')
#61 {main}
"} 
[2026-07-17 23:31:24] local.ERROR: SQLSTATE[42S22]: Column not found: 1054 Unknown column 'nama_tingkat' in 'order clause' (Connection: datacenter, SQL: select * from `tingkat_kelas` order by `nama_tingkat` asc) {"userId":1,"exception":"[object] (Illuminate\\Database\\QueryException(code: 42S22): SQLSTATE[42S22]: Column not found: 1054 Unknown column 'nama_tingkat' in 'order clause' (Connection: datacenter, SQL: select * from `tingkat_kelas` order by `nama_tingkat` asc) at C:/laragon/www/kurikulum/vendor/laravel/framework/src/Illuminate/Database/Connection.php:829)
[stacktrace]
#0 C:/laragon/www/kurikulum/vendor/laravel/framework/src/Illuminate/Database/Connection.php(783): Illuminate/Database/Connection->runQueryCallback('select * from `...', Array, Object(Closure))
#1 C:/laragon/www/kurikulum/vendor/laravel/framework/src/Illuminate/Database/Connection.php(414): Illuminate/Database/Connection->run('select * from `...', Array, Object(Closure))
#2 C:/laragon/www/kurikulum/vendor/laravel/framework/src/Illuminate/Database/Query/Builder.php(2913): Illuminate/Database/Connection->select('select * from `...', Array, true)
#3 C:/laragon/www/kurikulum/vendor/laravel/framework/src/Illuminate/Database/Query/Builder.php(2902): Illuminate/Database/Query/Builder->runSelect()
#4 C:/laragon/www/kurikulum/vendor/laravel/framework/src/Illuminate/Database/Query/Builder.php(3456): Illuminate/Database/Query/Builder->Illuminate/Database/Query/{closure}()
#5 C:/laragon/www/kurikulum/vendor/laravel/framework/src/Illuminate/Database/Query/Builder.php(2901): Illuminate/Database/Query/Builder->onceWithColumns(Array, Object(Closure))
#6 C:/laragon/www/kurikulum/vendor/laravel/framework/src/Illuminate/Database/Eloquent/Builder.php(739): Illuminate/Database/Query/Builder->get(Array)
#7 C:/laragon/www/kurikulum/vendor/laravel/framework/src/Illuminate/Database/Eloquent/Builder.php(723): Illuminate/Database/Eloquent/Builder->getModels(Array)
#8 C:/laragon/www/kurikulum/app/Http/Controllers/Crud/BaseCrudController.php(206): Illuminate/Database/Eloquent/Builder->get()
#9 C:/laragon/www/kurikulum/app/Http/Controllers/Crud/BaseCrudController.php(124): App/Http/Controllers/Crud/BaseCrudController->resolveFieldOptions(Array)
#10 C:/laragon/www/kurikulum/vendor/laravel/framework/src/Illuminate/Routing/Controller.php(54): App/Http/Controllers/Crud/BaseCrudController->create()
#11 C:/laragon/www/kurikulum/vendor/laravel/framework/src/Illuminate/Routing/ControllerDispatcher.php(43): Illuminate/Routing/Controller->callAction('create', Array)
#12 C:/laragon/www/kurikulum/vendor/laravel/framework/src/Illuminate/Routing/Route.php(259): Illuminate/Routing/ControllerDispatcher->dispatch(Object(Illuminate/Routing/Route), Object(App/Http/Controllers/Kurikulum/AlokasiJamMapelController), 'create')
#13 C:/laragon/www/kurikulum/vendor/laravel/framework/src/Illuminate/Routing/Route.php(205): Illuminate/Routing/Route->runController()
#14 C:/laragon/www/kurikulum/vendor/laravel/framework/src/Illuminate/Routing/Router.php(806): Illuminate/Routing/Route->run()
#15 C:/laragon/www/kurikulum/vendor/laravel/framework/src/Illuminate/Pipeline/Pipeline.php(144): Illuminate/Routing/Router->Illuminate/Routing/{closure}(Object(Illuminate/Http/Request))
#16 C:/laragon/www/kurikulum/app/Http/Middleware/EnsureUserHasRole.php(23): Illuminate/Pipeline/Pipeline->Illuminate/Pipeline/{closure}(Object(Illuminate/Http/Request))
#17 C:/laragon/www/kurikulum/vendor/laravel/framework/src/Illuminate/Pipeline/Pipeline.php(183): App/Http/Middleware/EnsureUserHasRole->handle(Object(Illuminate/Http/Request), Object(Closure), 'admin', 'guru')
#18 C:/laragon/www/kurikulum/vendor/laravel/framework/src/Illuminate/Routing/Middleware/SubstituteBindings.php(50): Illuminate/Pipeline/Pipeline->Illuminate/Pipeline/{closure}(Object(Illuminate/Http/Request))
#19 C:/laragon/www/kurikulum/vendor/laravel/framework/src/Illuminate/Pipeline/Pipeline.php(183): Illuminate/Routing/Middleware/SubstituteBindings->handle(Object(Illuminate/Http/Request), Object(Closure))
#20 C:/laragon/www/kurikulum/vendor/laravel/framework/src/Illuminate/Auth/Middleware/Authenticate.php(57): Illuminate/Pipeline/Pipeline->Illuminate/Pipeline/{closure}(Object(Illuminate/Http/Request))
#21 C:/laragon/www/kurikulum/vendor/laravel/framework/src/Illuminate/Pipeline/Pipeline.php(183): Illuminate/Auth/Middleware/Authenticate->handle(Object(Illuminate/Http/Request), Object(Closure))
#22 C:/laragon/www/kurikulum/vendor/laravel/framework/src/Illuminate/Foundation/Http/Middleware/VerifyCsrfToken.php(78): Illuminate/Pipeline/Pipeline->Illuminate/Pipeline/{closure}(Object(Illuminate/Http/Request))
#23 C:/laragon/www/kurikulum/vendor/laravel/framework/src/Illuminate/Pipeline/Pipeline.php(183): Illuminate/Foundation/Http/Middleware/VerifyCsrfToken->handle(Object(Illuminate/Http/Request), Object(Closure))
#24 C:/laragon/www/kurikulum/vendor/laravel/framework/src/Illuminate/View/Middleware/ShareErrorsFromSession.php(49): Illuminate/Pipeline/Pipeline->Illuminate/Pipeline/{closure}(Object(Illuminate/Http/Request))
#25 C:/laragon/www/kurikulum/vendor/laravel/framework/src/Illuminate/Pipeline/Pipeline.php(183): Illuminate/View/Middleware/ShareErrorsFromSession->handle(Object(Illuminate/Http/Request), Object(Closure))
#26 C:/laragon/www/kurikulum/vendor/laravel/framework/src/Illuminate/Session/Middleware/StartSession.php(121): Illuminate/Pipeline/Pipeline->Illuminate/Pipeline/{closure}(Object(Illuminate/Http/Request))
#27 C:/laragon/www/kurikulum/vendor/laravel/framework/src/Illuminate/Session/Middleware/StartSession.php(64): Illuminate/Session/Middleware/StartSession->handleStatefulRequest(Object(Illuminate/Http/Request), Object(Illuminate/Session/Store), Object(Closure))
#28 C:/laragon/www/kurikulum/vendor/laravel/framework/src/Illuminate/Pipeline/Pipeline.php(183): Illuminate/Session/Middleware/StartSession->handle(Object(Illuminate/Http/Request), Object(Closure))
#29 C:/laragon/www/kurikulum/vendor/laravel/framework/src/Illuminate/Cookie/Middleware/AddQueuedCookiesToResponse.php(37): Illuminate/Pipeline/Pipeline->Illuminate/Pipeline/{closure}(Object(Illuminate/Http/Request))
#30 C:/laragon/www/kurikulum/vendor/laravel/framework/src/Illuminate/Pipeline/Pipeline.php(183): Illuminate/Cookie/Middleware/AddQueuedCookiesToResponse->handle(Object(Illuminate/Http/Request), Object(Closure))
#31 C:/laragon/www/kurikulum/vendor/laravel/framework/src/Illuminate/Cookie/Middleware/EncryptCookies.php(67): Illuminate/Pipeline/Pipeline->Illuminate/Pipeline/{closure}(Object(Illuminate/Http/Request))
#32 C:/laragon/www/kurikulum/vendor/laravel/framework/src/Illuminate/Pipeline/Pipeline.php(183): Illuminate/Cookie/Middleware/EncryptCookies->handle(Object(Illuminate/Http/Request), Object(Closure))
#33 C:/laragon/www/kurikulum/vendor/laravel/framework/src/Illuminate/Pipeline/Pipeline.php(119): Illuminate/Pipeline/Pipeline->Illuminate/Pipeline/{closure}(Object(Illuminate/Http/Request))
#34 C:/laragon/www/kurikulum/vendor/laravel/framework/src/Illuminate/Routing/Router.php(805): Illuminate/Pipeline/Pipeline->then(Object(Closure))
#35 C:/laragon/www/kurikulum/vendor/laravel/framework/src/Illuminate/Routing/Router.php(784): Illuminate/Routing/Router->runRouteWithinStack(Object(Illuminate/Routing/Route), Object(Illuminate/Http/Request))
#36 C:/laragon/www/kurikulum/vendor/laravel/framework/src/Illuminate/Routing/Router.php(748): Illuminate/Routing/Router->runRoute(Object(Illuminate/Http/Request), Object(Illuminate/Routing/Route))
#37 C:/laragon/www/kurikulum/vendor/laravel/framework/src/Illuminate/Routing/Router.php(737): Illuminate/Routing/Router->dispatchToRoute(Object(Illuminate/Http/Request))
#38 C:/laragon/www/kurikulum/vendor/laravel/framework/src/Illuminate/Foundation/Http/Kernel.php(200): Illuminate/Routing/Router->dispatch(Object(Illuminate/Http/Request))
#39 C:/laragon/www/kurikulum/vendor/laravel/framework/src/Illuminate/Pipeline/Pipeline.php(144): Illuminate/Foundation/Http/Kernel->Illuminate/Foundation/Http/{closure}(Object(Illuminate/Http/Request))
#40 C:/laragon/www/kurikulum/vendor/laravel/framework/src/Illuminate/Foundation/Http/Middleware/TransformsRequest.php(21): Illuminate/Pipeline/Pipeline->Illuminate/Pipeline/{closure}(Object(Illuminate/Http/Request))
#41 C:/laragon/www/kurikulum/vendor/laravel/framework/src/Illuminate/Foundation/Http/Middleware/ConvertEmptyStringsToNull.php(31): Illuminate/Foundation/Http/Middleware/TransformsRequest->handle(Object(Illuminate/Http/Request), Object(Closure))
#42 C:/laragon/www/kurikulum/vendor/laravel/framework/src/Illuminate/Pipeline/Pipeline.php(183): Illuminate/Foundation/Http/Middleware/ConvertEmptyStringsToNull->handle(Object(Illuminate/Http/Request), Object(Closure))
#43 C:/laragon/www/kurikulum/vendor/laravel/framework/src/Illuminate/Foundation/Http/Middleware/TransformsRequest.php(21): Illuminate/Pipeline/Pipeline->Illuminate/Pipeline/{closure}(Object(Illuminate/Http/Request))
#44 C:/laragon/www/kurikulum/vendor/laravel/framework/src/Illuminate/Foundation/Http/Middleware/TrimStrings.php(40): Illuminate/Foundation/Http/Middleware/TransformsRequest->handle(Object(Illuminate/Http/Request), Object(Closure))
#45 C:/laragon/www/kurikulum/vendor/laravel/framework/src/Illuminate/Pipeline/Pipeline.php(183): Illuminate/Foundation/Http/Middleware/TrimStrings->handle(Object(Illuminate/Http/Request), Object(Closure))
#46 C:/laragon/www/kurikulum/vendor/laravel/framework/src/Illuminate/Foundation/Http/Middleware/ValidatePostSize.php(27): Illuminate/Pipeline/Pipeline->Illuminate/Pipeline/{closure}(Object(Illuminate/Http/Request))
#47 C:/laragon/www/kurikulum/vendor/laravel/framework/src/Illuminate/Pipeline/Pipeline.php(183): Illuminate/Foundation/Http/Middleware/ValidatePostSize->handle(Object(Illuminate/Http/Request), Object(Closure))
#48 C:/laragon/www/kurikulum/vendor/laravel/framework/src/Illuminate/Foundation/Http/Middleware/PreventRequestsDuringMaintenance.php(99): Illuminate/Pipeline/Pipeline->Illuminate/Pipeline/{closure}(Object(Illuminate/Http/Request))
#49 C:/laragon/www/kurikulum/vendor/laravel/framework/src/Illuminate/Pipeline/Pipeline.php(183): Illuminate/Foundation/Http/Middleware/PreventRequestsDuringMaintenance->handle(Object(Illuminate/Http/Request), Object(Closure))
#50 C:/laragon/www/kurikulum/vendor/laravel/framework/src/Illuminate/Http/Middleware/HandleCors.php(49): Illuminate/Pipeline/Pipeline->Illuminate/Pipeline/{closure}(Object(Illuminate/Http/Request))
#51 C:/laragon/www/kurikulum/vendor/laravel/framework/src/Illuminate/Pipeline/Pipeline.php(183): Illuminate/Http/Middleware/HandleCors->handle(Object(Illuminate/Http/Request), Object(Closure))
#52 C:/laragon/www/kurikulum/vendor/laravel/framework/src/Illuminate/Http/Middleware/TrustProxies.php(39): Illuminate/Pipeline/Pipeline->Illuminate/Pipeline/{closure}(Object(Illuminate/Http/Request))
#53 C:/laragon/www/kurikulum/vendor/laravel/framework/src/Illuminate/Pipeline/Pipeline.php(183): Illuminate/Http/Middleware/TrustProxies->handle(Object(Illuminate/Http/Request), Object(Closure))
#54 C:/laragon/www/kurikulum/vendor/laravel/framework/src/Illuminate/Pipeline/Pipeline.php(119): Illuminate/Pipeline/Pipeline->Illuminate/Pipeline/{closure}(Object(Illuminate/Http/Request))
#55 C:/laragon/www/kurikulum/vendor/laravel/framework/src/Illuminate/Foundation/Http/Kernel.php(175): Illuminate/Pipeline/Pipeline->then(Object(Closure))
#56 C:/laragon/www/kurikulum/vendor/laravel/framework/src/Illuminate/Foundation/Http/Kernel.php(144): Illuminate/Foundation/Http/Kernel->sendRequestThroughRouter(Object(Illuminate/Http/Request))
#57 C:/laragon/www/kurikulum/public/index.php(18): Illuminate/Foundation/Http/Kernel->handle(Object(Illuminate/Http/Request))
#58 C:/laragon/www/kurikulum/vendor/laravel/framework/src/Illuminate/Foundation/resources/server.php(16): require_once('C://laragon//www//...')
#59 {main}

[previous exception] [object] (PDOException(code: 42S22): SQLSTATE[42S22]: Column not found: 1054 Unknown column 'nama_tingkat' in 'order clause' at C:/laragon/www/kurikulum/vendor/laravel/framework/src/Illuminate/Database/Connection.php:423)
[stacktrace]
#0 C:/laragon/www/kurikulum/vendor/laravel/framework/src/Illuminate/Database/Connection.php(423): PDO->prepare('select * from `...')
#1 C:/laragon/www/kurikulum/vendor/laravel/framework/src/Illuminate/Database/Connection.php(816): Illuminate/Database/Connection->Illuminate/Database/{closure}('select * from `...', Array)
#2 C:/laragon/www/kurikulum/vendor/laravel/framework/src/Illuminate/Database/Connection.php(783): Illuminate/Database/Connection->runQueryCallback('select * from `...', Array, Object(Closure))
#3 C:/laragon/www/kurikulum/vendor/laravel/framework/src/Illuminate/Database/Connection.php(414): Illuminate/Database/Connection->run('select * from `...', Array, Object(Closure))
#4 C:/laragon/www/kurikulum/vendor/laravel/framework/src/Illuminate/Database/Query/Builder.php(2913): Illuminate/Database/Connection->select('select * from `...', Array, true)
#5 C:/laragon/www/kurikulum/vendor/laravel/framework/src/Illuminate/Database/Query/Builder.php(2902): Illuminate/Database/Query/Builder->runSelect()
#6 C:/laragon/www/kurikulum/vendor/laravel/framework/src/Illuminate/Database/Query/Builder.php(3456): Illuminate/Database/Query/Builder->Illuminate/Database/Query/{closure}()
#7 C:/laragon/www/kurikulum/vendor/laravel/framework/src/Illuminate/Database/Query/Builder.php(2901): Illuminate/Database/Query/Builder->onceWithColumns(Array, Object(Closure))
#8 C:/laragon/www/kurikulum/vendor/laravel/framework/src/Illuminate/Database/Eloquent/Builder.php(739): Illuminate/Database/Query/Builder->get(Array)
#9 C:/laragon/www/kurikulum/vendor/laravel/framework/src/Illuminate/Database/Eloquent/Builder.php(723): Illuminate/Database/Eloquent/Builder->getModels(Array)
#10 C:/laragon/www/kurikulum/app/Http/Controllers/Crud/BaseCrudController.php(206): Illuminate/Database/Eloquent/Builder->get()
#11 C:/laragon/www/kurikulum/app/Http/Controllers/Crud/BaseCrudController.php(124): App/Http/Controllers/Crud/BaseCrudController->resolveFieldOptions(Array)
#12 C:/laragon/www/kurikulum/vendor/laravel/framework/src/Illuminate/Routing/Controller.php(54): App/Http/Controllers/Crud/BaseCrudController->create()
#13 C:/laragon/www/kurikulum/vendor/laravel/framework/src/Illuminate/Routing/ControllerDispatcher.php(43): Illuminate/Routing/Controller->callAction('create', Array)
#14 C:/laragon/www/kurikulum/vendor/laravel/framework/src/Illuminate/Routing/Route.php(259): Illuminate/Routing/ControllerDispatcher->dispatch(Object(Illuminate/Routing/Route), Object(App/Http/Controllers/Kurikulum/AlokasiJamMapelController), 'create')
#15 C:/laragon/www/kurikulum/vendor/laravel/framework/src/Illuminate/Routing/Route.php(205): Illuminate/Routing/Route->runController()
#16 C:/laragon/www/kurikulum/vendor/laravel/framework/src/Illuminate/Routing/Router.php(806): Illuminate/Routing/Route->run()
#17 C:/laragon/www/kurikulum/vendor/laravel/framework/src/Illuminate/Pipeline/Pipeline.php(144): Illuminate/Routing/Router->Illuminate/Routing/{closure}(Object(Illuminate/Http/Request))
#18 C:/laragon/www/kurikulum/app/Http/Middleware/EnsureUserHasRole.php(23): Illuminate/Pipeline/Pipeline->Illuminate/Pipeline/{closure}(Object(Illuminate/Http/Request))
#19 C:/laragon/www/kurikulum/vendor/laravel/framework/src/Illuminate/Pipeline/Pipeline.php(183): App/Http/Middleware/EnsureUserHasRole->handle(Object(Illuminate/Http/Request), Object(Closure), 'admin', 'guru')
#20 C:/laragon/www/kurikulum/vendor/laravel/framework/src/Illuminate/Routing/Middleware/SubstituteBindings.php(50): Illuminate/Pipeline/Pipeline->Illuminate/Pipeline/{closure}(Object(Illuminate/Http/Request))
#21 C:/laragon/www/kurikulum/vendor/laravel/framework/src/Illuminate/Pipeline/Pipeline.php(183): Illuminate/Routing/Middleware/SubstituteBindings->handle(Object(Illuminate/Http/Request), Object(Closure))
#22 C:/laragon/www/kurikulum/vendor/laravel/framework/src/Illuminate/Auth/Middleware/Authenticate.php(57): Illuminate/Pipeline/Pipeline->Illuminate/Pipeline/{closure}(Object(Illuminate/Http/Request))
#23 C:/laragon/www/kurikulum/vendor/laravel/framework/src/Illuminate/Pipeline/Pipeline.php(183): Illuminate/Auth/Middleware/Authenticate->handle(Object(Illuminate/Http/Request), Object(Closure))
#24 C:/laragon/www/kurikulum/vendor/laravel/framework/src/Illuminate/Foundation/Http/Middleware/VerifyCsrfToken.php(78): Illuminate/Pipeline/Pipeline->Illuminate/Pipeline/{closure}(Object(Illuminate/Http/Request))
#25 C:/laragon/www/kurikulum/vendor/laravel/framework/src/Illuminate/Pipeline/Pipeline.php(183): Illuminate/Foundation/Http/Middleware/VerifyCsrfToken->handle(Object(Illuminate/Http/Request), Object(Closure))
#26 C:/laragon/www/kurikulum/vendor/laravel/framework/src/Illuminate/View/Middleware/ShareErrorsFromSession.php(49): Illuminate/Pipeline/Pipeline->Illuminate/Pipeline/{closure}(Object(Illuminate/Http/Request))
#27 C:/laragon/www/kurikulum/vendor/laravel/framework/src/Illuminate/Pipeline/Pipeline.php(183): Illuminate/View/Middleware/ShareErrorsFromSession->handle(Object(Illuminate/Http/Request), Object(Closure))
#28 C:/laragon/www/kurikulum/vendor/laravel/framework/src/Illuminate/Session/Middleware/StartSession.php(121): Illuminate/Pipeline/Pipeline->Illuminate/Pipeline/{closure}(Object(Illuminate/Http/Request))
#29 C:/laragon/www/kurikulum/vendor/laravel/framework/src/Illuminate/Session/Middleware/StartSession.php(64): Illuminate/Session/Middleware/StartSession->handleStatefulRequest(Object(Illuminate/Http/Request), Object(Illuminate/Session/Store), Object(Closure))
#30 C:/laragon/www/kurikulum/vendor/laravel/framework/src/Illuminate/Pipeline/Pipeline.php(183): Illuminate/Session/Middleware/StartSession->handle(Object(Illuminate/Http/Request), Object(Closure))
#31 C:/laragon/www/kurikulum/vendor/laravel/framework/src/Illuminate/Cookie/Middleware/AddQueuedCookiesToResponse.php(37): Illuminate/Pipeline/Pipeline->Illuminate/Pipeline/{closure}(Object(Illuminate/Http/Request))
#32 C:/laragon/www/kurikulum/vendor/laravel/framework/src/Illuminate/Pipeline/Pipeline.php(183): Illuminate/Cookie/Middleware/AddQueuedCookiesToResponse->handle(Object(Illuminate/Http/Request), Object(Closure))
#33 C:/laragon/www/kurikulum/vendor/laravel/framework/src/Illuminate/Cookie/Middleware/EncryptCookies.php(67): Illuminate/Pipeline/Pipeline->Illuminate/Pipeline/{closure}(Object(Illuminate/Http/Request))
#34 C:/laragon/www/kurikulum/vendor/laravel/framework/src/Illuminate/Pipeline/Pipeline.php(183): Illuminate/Cookie/Middleware/EncryptCookies->handle(Object(Illuminate/Http/Request), Object(Closure))
#35 C:/laragon/www/kurikulum/vendor/laravel/framework/src/Illuminate/Pipeline/Pipeline.php(119): Illuminate/Pipeline/Pipeline->Illuminate/Pipeline/{closure}(Object(Illuminate/Http/Request))
#36 C:/laragon/www/kurikulum/vendor/laravel/framework/src/Illuminate/Routing/Router.php(805): Illuminate/Pipeline/Pipeline->then(Object(Closure))
#37 C:/laragon/www/kurikulum/vendor/laravel/framework/src/Illuminate/Routing/Router.php(784): Illuminate/Routing/Router->runRouteWithinStack(Object(Illuminate/Routing/Route), Object(Illuminate/Http/Request))
#38 C:/laragon/www/kurikulum/vendor/laravel/framework/src/Illuminate/Routing/Router.php(748): Illuminate/Routing/Router->runRoute(Object(Illuminate/Http/Request), Object(Illuminate/Routing/Route))
#39 C:/laragon/www/kurikulum/vendor/laravel/framework/src/Illuminate/Routing/Router.php(737): Illuminate/Routing/Router->dispatchToRoute(Object(Illuminate/Http/Request))
#40 C:/laragon/www/kurikulum/vendor/laravel/framework/src/Illuminate/Foundation/Http/Kernel.php(200): Illuminate/Routing/Router->dispatch(Object(Illuminate/Http/Request))
#41 C:/laragon/www/kurikulum/vendor/laravel/framework/src/Illuminate/Pipeline/Pipeline.php(144): Illuminate/Foundation/Http/Kernel->Illuminate/Foundation/Http/{closure}(Object(Illuminate/Http/Request))
#42 C:/laragon/www/kurikulum/vendor/laravel/framework/src/Illuminate/Foundation/Http/Middleware/TransformsRequest.php(21): Illuminate/Pipeline/Pipeline->Illuminate/Pipeline/{closure}(Object(Illuminate/Http/Request))
#43 C:/laragon/www/kurikulum/vendor/laravel/framework/src/Illuminate/Foundation/Http/Middleware/ConvertEmptyStringsToNull.php(31): Illuminate/Foundation/Http/Middleware/TransformsRequest->handle(Object(Illuminate/Http/Request), Object(Closure))
#44 C:/laragon/www/kurikulum/vendor/laravel/framework/src/Illuminate/Pipeline/Pipeline.php(183): Illuminate/Foundation/Http/Middleware/ConvertEmptyStringsToNull->handle(Object(Illuminate/Http/Request), Object(Closure))
#45 C:/laragon/www/kurikulum/vendor/laravel/framework/src/Illuminate/Foundation/Http/Middleware/TransformsRequest.php(21): Illuminate/Pipeline/Pipeline->Illuminate/Pipeline/{closure}(Object(Illuminate/Http/Request))
#46 C:/laragon/www/kurikulum/vendor/laravel/framework/src/Illuminate/Foundation/Http/Middleware/TrimStrings.php(40): Illuminate/Foundation/Http/Middleware/TransformsRequest->handle(Object(Illuminate/Http/Request), Object(Closure))
#47 C:/laragon/www/kurikulum/vendor/laravel/framework/src/Illuminate/Pipeline/Pipeline.php(183): Illuminate/Foundation/Http/Middleware/TrimStrings->handle(Object(Illuminate/Http/Request), Object(Closure))
#48 C:/laragon/www/kurikulum/vendor/laravel/framework/src/Illuminate/Foundation/Http/Middleware/ValidatePostSize.php(27): Illuminate/Pipeline/Pipeline->Illuminate/Pipeline/{closure}(Object(Illuminate/Http/Request))
#49 C:/laragon/www/kurikulum/vendor/laravel/framework/src/Illuminate/Pipeline/Pipeline.php(183): Illuminate/Foundation/Http/Middleware/ValidatePostSize->handle(Object(Illuminate/Http/Request), Object(Closure))
#50 C:/laragon/www/kurikulum/vendor/laravel/framework/src/Illuminate/Foundation/Http/Middleware/PreventRequestsDuringMaintenance.php(99): Illuminate/Pipeline/Pipeline->Illuminate/Pipeline/{closure}(Object(Illuminate/Http/Request))
#51 C:/laragon/www/kurikulum/vendor/laravel/framework/src/Illuminate/Pipeline/Pipeline.php(183): Illuminate/Foundation/Http/Middleware/PreventRequestsDuringMaintenance->handle(Object(Illuminate/Http/Request), Object(Closure))
#52 C:/laragon/www/kurikulum/vendor/laravel/framework/src/Illuminate/Http/Middleware/HandleCors.php(49): Illuminate/Pipeline/Pipeline->Illuminate/Pipeline/{closure}(Object(Illuminate/Http/Request))
#53 C:/laragon/www/kurikulum/vendor/laravel/framework/src/Illuminate/Pipeline/Pipeline.php(183): Illuminate/Http/Middleware/HandleCors->handle(Object(Illuminate/Http/Request), Object(Closure))
#54 C:/laragon/www/kurikulum/vendor/laravel/framework/src/Illuminate/Http/Middleware/TrustProxies.php(39): Illuminate/Pipeline/Pipeline->Illuminate/Pipeline/{closure}(Object(Illuminate/Http/Request))
#55 C:/laragon/www/kurikulum/vendor/laravel/framework/src/Illuminate/Pipeline/Pipeline.php(183): Illuminate/Http/Middleware/TrustProxies->handle(Object(Illuminate/Http/Request), Object(Closure))
#56 C:/laragon/www/kurikulum/vendor/laravel/framework/src/Illuminate/Pipeline/Pipeline.php(119): Illuminate/Pipeline/Pipeline->Illuminate/Pipeline/{closure}(Object(Illuminate/Http/Request))
#57 C:/laragon/www/kurikulum/vendor/laravel/framework/src/Illuminate/Foundation/Http/Kernel.php(175): Illuminate/Pipeline/Pipeline->then(Object(Closure))
#58 C:/laragon/www/kurikulum/vendor/laravel/framework/src/Illuminate/Foundation/Http/Kernel.php(144): Illuminate/Foundation/Http/Kernel->sendRequestThroughRouter(Object(Illuminate/Http/Request))
#59 C:/laragon/www/kurikulum/public/index.php(18): Illuminate/Foundation/Http/Kernel->handle(Object(Illuminate/Http/Request))
#60 C:/laragon/www/kurikulum/vendor/laravel/framework/src/Illuminate/Foundation/resources/server.php(16): require_once('C://laragon//www//...')
#61 {main}
"} 
[2026-07-17 23:34:08] local.ERROR: SQLSTATE[42S22]: Column not found: 1054 Unknown column 'nama_tingkat' in 'order clause' (Connection: datacenter, SQL: select * from `tingkat_kelas` order by `nama_tingkat` asc) {"userId":1,"exception":"[object] (Illuminate\\Database\\QueryException(code: 42S22): SQLSTATE[42S22]: Column not found: 1054 Unknown column 'nama_tingkat' in 'order clause' (Connection: datacenter, SQL: select * from `tingkat_kelas` order by `nama_tingkat` asc) at C:/laragon/www/kurikulum/vendor/laravel/framework/src/Illuminate/Database/Connection.php:829)
[stacktrace]
#0 C:/laragon/www/kurikulum/vendor/laravel/framework/src/Illuminate/Database/Connection.php(783): Illuminate/Database/Connection->runQueryCallback('select * from `...', Array, Object(Closure))
#1 C:/laragon/www/kurikulum/vendor/laravel/framework/src/Illuminate/Database/Connection.php(414): Illuminate/Database/Connection->run('select * from `...', Array, Object(Closure))
#2 C:/laragon/www/kurikulum/vendor/laravel/framework/src/Illuminate/Database/Query/Builder.php(2913): Illuminate/Database/Connection->select('select * from `...', Array, true)
#3 C:/laragon/www/kurikulum/vendor/laravel/framework/src/Illuminate/Database/Query/Builder.php(2902): Illuminate/Database/Query/Builder->runSelect()
#4 C:/laragon/www/kurikulum/vendor/laravel/framework/src/Illuminate/Database/Query/Builder.php(3456): Illuminate/Database/Query/Builder->Illuminate/Database/Query/{closure}()
#5 C:/laragon/www/kurikulum/vendor/laravel/framework/src/Illuminate/Database/Query/Builder.php(2901): Illuminate/Database/Query/Builder->onceWithColumns(Array, Object(Closure))
#6 C:/laragon/www/kurikulum/vendor/laravel/framework/src/Illuminate/Database/Eloquent/Builder.php(739): Illuminate/Database/Query/Builder->get(Array)
#7 C:/laragon/www/kurikulum/vendor/laravel/framework/src/Illuminate/Database/Eloquent/Builder.php(723): Illuminate/Database/Eloquent/Builder->getModels(Array)
#8 C:/laragon/www/kurikulum/app/Http/Controllers/Crud/BaseCrudController.php(206): Illuminate/Database/Eloquent/Builder->get()
#9 C:/laragon/www/kurikulum/app/Http/Controllers/Crud/BaseCrudController.php(124): App/Http/Controllers/Crud/BaseCrudController->resolveFieldOptions(Array)
#10 C:/laragon/www/kurikulum/vendor/laravel/framework/src/Illuminate/Routing/Controller.php(54): App/Http/Controllers/Crud/BaseCrudController->create()
#11 C:/laragon/www/kurikulum/vendor/laravel/framework/src/Illuminate/Routing/ControllerDispatcher.php(43): Illuminate/Routing/Controller->callAction('create', Array)
#12 C:/laragon/www/kurikulum/vendor/laravel/framework/src/Illuminate/Routing/Route.php(259): Illuminate/Routing/ControllerDispatcher->dispatch(Object(Illuminate/Routing/Route), Object(App/Http/Controllers/Kurikulum/AlokasiJamMapelController), 'create')
#13 C:/laragon/www/kurikulum/vendor/laravel/framework/src/Illuminate/Routing/Route.php(205): Illuminate/Routing/Route->runController()
#14 C:/laragon/www/kurikulum/vendor/laravel/framework/src/Illuminate/Routing/Router.php(806): Illuminate/Routing/Route->run()
#15 C:/laragon/www/kurikulum/vendor/laravel/framework/src/Illuminate/Pipeline/Pipeline.php(144): Illuminate/Routing/Router->Illuminate/Routing/{closure}(Object(Illuminate/Http/Request))
#16 C:/laragon/www/kurikulum/app/Http/Middleware/EnsureUserHasRole.php(23): Illuminate/Pipeline/Pipeline->Illuminate/Pipeline/{closure}(Object(Illuminate/Http/Request))
#17 C:/laragon/www/kurikulum/vendor/laravel/framework/src/Illuminate/Pipeline/Pipeline.php(183): App/Http/Middleware/EnsureUserHasRole->handle(Object(Illuminate/Http/Request), Object(Closure), 'admin', 'guru')
#18 C:/laragon/www/kurikulum/vendor/laravel/framework/src/Illuminate/Routing/Middleware/SubstituteBindings.php(50): Illuminate/Pipeline/Pipeline->Illuminate/Pipeline/{closure}(Object(Illuminate/Http/Request))
#19 C:/laragon/www/kurikulum/vendor/laravel/framework/src/Illuminate/Pipeline/Pipeline.php(183): Illuminate/Routing/Middleware/SubstituteBindings->handle(Object(Illuminate/Http/Request), Object(Closure))
#20 C:/laragon/www/kurikulum/vendor/laravel/framework/src/Illuminate/Auth/Middleware/Authenticate.php(57): Illuminate/Pipeline/Pipeline->Illuminate/Pipeline/{closure}(Object(Illuminate/Http/Request))
#21 C:/laragon/www/kurikulum/vendor/laravel/framework/src/Illuminate/Pipeline/Pipeline.php(183): Illuminate/Auth/Middleware/Authenticate->handle(Object(Illuminate/Http/Request), Object(Closure))
#22 C:/laragon/www/kurikulum/vendor/laravel/framework/src/Illuminate/Foundation/Http/Middleware/VerifyCsrfToken.php(78): Illuminate/Pipeline/Pipeline->Illuminate/Pipeline/{closure}(Object(Illuminate/Http/Request))
#23 C:/laragon/www/kurikulum/vendor/laravel/framework/src/Illuminate/Pipeline/Pipeline.php(183): Illuminate/Foundation/Http/Middleware/VerifyCsrfToken->handle(Object(Illuminate/Http/Request), Object(Closure))
#24 C:/laragon/www/kurikulum/vendor/laravel/framework/src/Illuminate/View/Middleware/ShareErrorsFromSession.php(49): Illuminate/Pipeline/Pipeline->Illuminate/Pipeline/{closure}(Object(Illuminate/Http/Request))
#25 C:/laragon/www/kurikulum/vendor/laravel/framework/src/Illuminate/Pipeline/Pipeline.php(183): Illuminate/View/Middleware/ShareErrorsFromSession->handle(Object(Illuminate/Http/Request), Object(Closure))
#26 C:/laragon/www/kurikulum/vendor/laravel/framework/src/Illuminate/Session/Middleware/StartSession.php(121): Illuminate/Pipeline/Pipeline->Illuminate/Pipeline/{closure}(Object(Illuminate/Http/Request))
#27 C:/laragon/www/kurikulum/vendor/laravel/framework/src/Illuminate/Session/Middleware/StartSession.php(64): Illuminate/Session/Middleware/StartSession->handleStatefulRequest(Object(Illuminate/Http/Request), Object(Illuminate/Session/Store), Object(Closure))
#28 C:/laragon/www/kurikulum/vendor/laravel/framework/src/Illuminate/Pipeline/Pipeline.php(183): Illuminate/Session/Middleware/StartSession->handle(Object(Illuminate/Http/Request), Object(Closure))
#29 C:/laragon/www/kurikulum/vendor/laravel/framework/src/Illuminate/Cookie/Middleware/AddQueuedCookiesToResponse.php(37): Illuminate/Pipeline/Pipeline->Illuminate/Pipeline/{closure}(Object(Illuminate/Http/Request))
#30 C:/laragon/www/kurikulum/vendor/laravel/framework/src/Illuminate/Pipeline/Pipeline.php(183): Illuminate/Cookie/Middleware/AddQueuedCookiesToResponse->handle(Object(Illuminate/Http/Request), Object(Closure))
#31 C:/laragon/www/kurikulum/vendor/laravel/framework/src/Illuminate/Cookie/Middleware/EncryptCookies.php(67): Illuminate/Pipeline/Pipeline->Illuminate/Pipeline/{closure}(Object(Illuminate/Http/Request))
#32 C:/laragon/www/kurikulum/vendor/laravel/framework/src/Illuminate/Pipeline/Pipeline.php(183): Illuminate/Cookie/Middleware/EncryptCookies->handle(Object(Illuminate/Http/Request), Object(Closure))
#33 C:/laragon/www/kurikulum/vendor/laravel/framework/src/Illuminate/Pipeline/Pipeline.php(119): Illuminate/Pipeline/Pipeline->Illuminate/Pipeline/{closure}(Object(Illuminate/Http/Request))
#34 C:/laragon/www/kurikulum/vendor/laravel/framework/src/Illuminate/Routing/Router.php(805): Illuminate/Pipeline/Pipeline->then(Object(Closure))
#35 C:/laragon/www/kurikulum/vendor/laravel/framework/src/Illuminate/Routing/Router.php(784): Illuminate/Routing/Router->runRouteWithinStack(Object(Illuminate/Routing/Route), Object(Illuminate/Http/Request))
#36 C:/laragon/www/kurikulum/vendor/laravel/framework/src/Illuminate/Routing/Router.php(748): Illuminate/Routing/Router->runRoute(Object(Illuminate/Http/Request), Object(Illuminate/Routing/Route))
#37 C:/laragon/www/kurikulum/vendor/laravel/framework/src/Illuminate/Routing/Router.php(737): Illuminate/Routing/Router->dispatchToRoute(Object(Illuminate/Http/Request))
#38 C:/laragon/www/kurikulum/vendor/laravel/framework/src/Illuminate/Foundation/Http/Kernel.php(200): Illuminate/Routing/Router->dispatch(Object(Illuminate/Http/Request))
#39 C:/laragon/www/kurikulum/vendor/laravel/framework/src/Illuminate/Pipeline/Pipeline.php(144): Illuminate/Foundation/Http/Kernel->Illuminate/Foundation/Http/{closure}(Object(Illuminate/Http/Request))
#40 C:/laragon/www/kurikulum/vendor/laravel/framework/src/Illuminate/Foundation/Http/Middleware/TransformsRequest.php(21): Illuminate/Pipeline/Pipeline->Illuminate/Pipeline/{closure}(Object(Illuminate/Http/Request))
#41 C:/laragon/www/kurikulum/vendor/laravel/framework/src/Illuminate/Foundation/Http/Middleware/ConvertEmptyStringsToNull.php(31): Illuminate/Foundation/Http/Middleware/TransformsRequest->handle(Object(Illuminate/Http/Request), Object(Closure))
#42 C:/laragon/www/kurikulum/vendor/laravel/framework/src/Illuminate/Pipeline/Pipeline.php(183): Illuminate/Foundation/Http/Middleware/ConvertEmptyStringsToNull->handle(Object(Illuminate/Http/Request), Object(Closure))
#43 C:/laragon/www/kurikulum/vendor/laravel/framework/src/Illuminate/Foundation/Http/Middleware/TransformsRequest.php(21): Illuminate/Pipeline/Pipeline->Illuminate/Pipeline/{closure}(Object(Illuminate/Http/Request))
#44 C:/laragon/www/kurikulum/vendor/laravel/framework/src/Illuminate/Foundation/Http/Middleware/TrimStrings.php(40): Illuminate/Foundation/Http/Middleware/TransformsRequest->handle(Object(Illuminate/Http/Request), Object(Closure))
#45 C:/laragon/www/kurikulum/vendor/laravel/framework/src/Illuminate/Pipeline/Pipeline.php(183): Illuminate/Foundation/Http/Middleware/TrimStrings->handle(Object(Illuminate/Http/Request), Object(Closure))
#46 C:/laragon/www/kurikulum/vendor/laravel/framework/src/Illuminate/Foundation/Http/Middleware/ValidatePostSize.php(27): Illuminate/Pipeline/Pipeline->Illuminate/Pipeline/{closure}(Object(Illuminate/Http/Request))
#47 C:/laragon/www/kurikulum/vendor/laravel/framework/src/Illuminate/Pipeline/Pipeline.php(183): Illuminate/Foundation/Http/Middleware/ValidatePostSize->handle(Object(Illuminate/Http/Request), Object(Closure))
#48 C:/laragon/www/kurikulum/vendor/laravel/framework/src/Illuminate/Foundation/Http/Middleware/PreventRequestsDuringMaintenance.php(99): Illuminate/Pipeline/Pipeline->Illuminate/Pipeline/{closure}(Object(Illuminate/Http/Request))
#49 C:/laragon/www/kurikulum/vendor/laravel/framework/src/Illuminate/Pipeline/Pipeline.php(183): Illuminate/Foundation/Http/Middleware/PreventRequestsDuringMaintenance->handle(Object(Illuminate/Http/Request), Object(Closure))
#50 C:/laragon/www/kurikulum/vendor/laravel/framework/src/Illuminate/Http/Middleware/HandleCors.php(49): Illuminate/Pipeline/Pipeline->Illuminate/Pipeline/{closure}(Object(Illuminate/Http/Request))
#51 C:/laragon/www/kurikulum/vendor/laravel/framework/src/Illuminate/Pipeline/Pipeline.php(183): Illuminate/Http/Middleware/HandleCors->handle(Object(Illuminate/Http/Request), Object(Closure))
#52 C:/laragon/www/kurikulum/vendor/laravel/framework/src/Illuminate/Http/Middleware/TrustProxies.php(39): Illuminate/Pipeline/Pipeline->Illuminate/Pipeline/{closure}(Object(Illuminate/Http/Request))
#53 C:/laragon/www/kurikulum/vendor/laravel/framework/src/Illuminate/Pipeline/Pipeline.php(183): Illuminate/Http/Middleware/TrustProxies->handle(Object(Illuminate/Http/Request), Object(Closure))
#54 C:/laragon/www/kurikulum/vendor/laravel/framework/src/Illuminate/Pipeline/Pipeline.php(119): Illuminate/Pipeline/Pipeline->Illuminate/Pipeline/{closure}(Object(Illuminate/Http/Request))
#55 C:/laragon/www/kurikulum/vendor/laravel/framework/src/Illuminate/Foundation/Http/Kernel.php(175): Illuminate/Pipeline/Pipeline->then(Object(Closure))
#56 C:/laragon/www/kurikulum/vendor/laravel/framework/src/Illuminate/Foundation/Http/Kernel.php(144): Illuminate/Foundation/Http/Kernel->sendRequestThroughRouter(Object(Illuminate/Http/Request))
#57 C:/laragon/www/kurikulum/public/index.php(18): Illuminate/Foundation/Http/Kernel->handle(Object(Illuminate/Http/Request))
#58 C:/laragon/www/kurikulum/vendor/laravel/framework/src/Illuminate/Foundation/resources/server.php(16): require_once('C://laragon//www//...')
#59 {main}

[previous exception] [object] (PDOException(code: 42S22): SQLSTATE[42S22]: Column not found: 1054 Unknown column 'nama_tingkat' in 'order clause' at C:/laragon/www/kurikulum/vendor/laravel/framework/src/Illuminate/Database/Connection.php:423)
[stacktrace]
#0 C:/laragon/www/kurikulum/vendor/laravel/framework/src/Illuminate/Database/Connection.php(423): PDO->prepare('select * from `...')
#1 C:/laragon/www/kurikulum/vendor/laravel/framework/src/Illuminate/Database/Connection.php(816): Illuminate/Database/Connection->Illuminate/Database/{closure}('select * from `...', Array)
#2 C:/laragon/www/kurikulum/vendor/laravel/framework/src/Illuminate/Database/Connection.php(783): Illuminate/Database/Connection->runQueryCallback('select * from `...', Array, Object(Closure))
#3 C:/laragon/www/kurikulum/vendor/laravel/framework/src/Illuminate/Database/Connection.php(414): Illuminate/Database/Connection->run('select * from `...', Array, Object(Closure))
#4 C:/laragon/www/kurikulum/vendor/laravel/framework/src/Illuminate/Database/Query/Builder.php(2913): Illuminate/Database/Connection->select('select * from `...', Array, true)
#5 C:/laragon/www/kurikulum/vendor/laravel/framework/src/Illuminate/Database/Query/Builder.php(2902): Illuminate/Database/Query/Builder->runSelect()
#6 C:/laragon/www/kurikulum/vendor/laravel/framework/src/Illuminate/Database/Query/Builder.php(3456): Illuminate/Database/Query/Builder->Illuminate/Database/Query/{closure}()
#7 C:/laragon/www/kurikulum/vendor/laravel/framework/src/Illuminate/Database/Query/Builder.php(2901): Illuminate/Database/Query/Builder->onceWithColumns(Array, Object(Closure))
#8 C:/laragon/www/kurikulum/vendor/laravel/framework/src/Illuminate/Database/Eloquent/Builder.php(739): Illuminate/Database/Query/Builder->get(Array)
#9 C:/laragon/www/kurikulum/vendor/laravel/framework/src/Illuminate/Database/Eloquent/Builder.php(723): Illuminate/Database/Eloquent/Builder->getModels(Array)
#10 C:/laragon/www/kurikulum/app/Http/Controllers/Crud/BaseCrudController.php(206): Illuminate/Database/Eloquent/Builder->get()
#11 C:/laragon/www/kurikulum/app/Http/Controllers/Crud/BaseCrudController.php(124): App/Http/Controllers/Crud/BaseCrudController->resolveFieldOptions(Array)
#12 C:/laragon/www/kurikulum/vendor/laravel/framework/src/Illuminate/Routing/Controller.php(54): App/Http/Controllers/Crud/BaseCrudController->create()
#13 C:/laragon/www/kurikulum/vendor/laravel/framework/src/Illuminate/Routing/ControllerDispatcher.php(43): Illuminate/Routing/Controller->callAction('create', Array)
#14 C:/laragon/www/kurikulum/vendor/laravel/framework/src/Illuminate/Routing/Route.php(259): Illuminate/Routing/ControllerDispatcher->dispatch(Object(Illuminate/Routing/Route), Object(App/Http/Controllers/Kurikulum/AlokasiJamMapelController), 'create')
#15 C:/laragon/www/kurikulum/vendor/laravel/framework/src/Illuminate/Routing/Route.php(205): Illuminate/Routing/Route->runController()
#16 C:/laragon/www/kurikulum/vendor/laravel/framework/src/Illuminate/Routing/Router.php(806): Illuminate/Routing/Route->run()
#17 C:/laragon/www/kurikulum/vendor/laravel/framework/src/Illuminate/Pipeline/Pipeline.php(144): Illuminate/Routing/Router->Illuminate/Routing/{closure}(Object(Illuminate/Http/Request))
#18 C:/laragon/www/kurikulum/app/Http/Middleware/EnsureUserHasRole.php(23): Illuminate/Pipeline/Pipeline->Illuminate/Pipeline/{closure}(Object(Illuminate/Http/Request))
#19 C:/laragon/www/kurikulum/vendor/laravel/framework/src/Illuminate/Pipeline/Pipeline.php(183): App/Http/Middleware/EnsureUserHasRole->handle(Object(Illuminate/Http/Request), Object(Closure), 'admin', 'guru')
#20 C:/laragon/www/kurikulum/vendor/laravel/framework/src/Illuminate/Routing/Middleware/SubstituteBindings.php(50): Illuminate/Pipeline/Pipeline->Illuminate/Pipeline/{closure}(Object(Illuminate/Http/Request))
#21 C:/laragon/www/kurikulum/vendor/laravel/framework/src/Illuminate/Pipeline/Pipeline.php(183): Illuminate/Routing/Middleware/SubstituteBindings->handle(Object(Illuminate/Http/Request), Object(Closure))
#22 C:/laragon/www/kurikulum/vendor/laravel/framework/src/Illuminate/Auth/Middleware/Authenticate.php(57): Illuminate/Pipeline/Pipeline->Illuminate/Pipeline/{closure}(Object(Illuminate/Http/Request))
#23 C:/laragon/www/kurikulum/vendor/laravel/framework/src/Illuminate/Pipeline/Pipeline.php(183): Illuminate/Auth/Middleware/Authenticate->handle(Object(Illuminate/Http/Request), Object(Closure))
#24 C:/laragon/www/kurikulum/vendor/laravel/framework/src/Illuminate/Foundation/Http/Middleware/VerifyCsrfToken.php(78): Illuminate/Pipeline/Pipeline->Illuminate/Pipeline/{closure}(Object(Illuminate/Http/Request))
#25 C:/laragon/www/kurikulum/vendor/laravel/framework/src/Illuminate/Pipeline/Pipeline.php(183): Illuminate/Foundation/Http/Middleware/VerifyCsrfToken->handle(Object(Illuminate/Http/Request), Object(Closure))
#26 C:/laragon/www/kurikulum/vendor/laravel/framework/src/Illuminate/View/Middleware/ShareErrorsFromSession.php(49): Illuminate/Pipeline/Pipeline->Illuminate/Pipeline/{closure}(Object(Illuminate/Http/Request))
#27 C:/laragon/www/kurikulum/vendor/laravel/framework/src/Illuminate/Pipeline/Pipeline.php(183): Illuminate/View/Middleware/ShareErrorsFromSession->handle(Object(Illuminate/Http/Request), Object(Closure))
#28 C:/laragon/www/kurikulum/vendor/laravel/framework/src/Illuminate/Session/Middleware/StartSession.php(121): Illuminate/Pipeline/Pipeline->Illuminate/Pipeline/{closure}(Object(Illuminate/Http/Request))
#29 C:/laragon/www/kurikulum/vendor/laravel/framework/src/Illuminate/Session/Middleware/StartSession.php(64): Illuminate/Session/Middleware/StartSession->handleStatefulRequest(Object(Illuminate/Http/Request), Object(Illuminate/Session/Store), Object(Closure))
#30 C:/laragon/www/kurikulum/vendor/laravel/framework/src/Illuminate/Pipeline/Pipeline.php(183): Illuminate/Session/Middleware/StartSession->handle(Object(Illuminate/Http/Request), Object(Closure))
#31 C:/laragon/www/kurikulum/vendor/laravel/framework/src/Illuminate/Cookie/Middleware/AddQueuedCookiesToResponse.php(37): Illuminate/Pipeline/Pipeline->Illuminate/Pipeline/{closure}(Object(Illuminate/Http/Request))
#32 C:/laragon/www/kurikulum/vendor/laravel/framework/src/Illuminate/Pipeline/Pipeline.php(183): Illuminate/Cookie/Middleware/AddQueuedCookiesToResponse->handle(Object(Illuminate/Http/Request), Object(Closure))
#33 C:/laragon/www/kurikulum/vendor/laravel/framework/src/Illuminate/Cookie/Middleware/EncryptCookies.php(67): Illuminate/Pipeline/Pipeline->Illuminate/Pipeline/{closure}(Object(Illuminate/Http/Request))
#34 C:/laragon/www/kurikulum/vendor/laravel/framework/src/Illuminate/Pipeline/Pipeline.php(183): Illuminate/Cookie/Middleware/EncryptCookies->handle(Object(Illuminate/Http/Request), Object(Closure))
#35 C:/laragon/www/kurikulum/vendor/laravel/framework/src/Illuminate/Pipeline/Pipeline.php(119): Illuminate/Pipeline/Pipeline->Illuminate/Pipeline/{closure}(Object(Illuminate/Http/Request))
#36 C:/laragon/www/kurikulum/vendor/laravel/framework/src/Illuminate/Routing/Router.php(805): Illuminate/Pipeline/Pipeline->then(Object(Closure))
#37 C:/laragon/www/kurikulum/vendor/laravel/framework/src/Illuminate/Routing/Router.php(784): Illuminate/Routing/Router->runRouteWithinStack(Object(Illuminate/Routing/Route), Object(Illuminate/Http/Request))
#38 C:/laragon/www/kurikulum/vendor/laravel/framework/src/Illuminate/Routing/Router.php(748): Illuminate/Routing/Router->runRoute(Object(Illuminate/Http/Request), Object(Illuminate/Routing/Route))
#39 C:/laragon/www/kurikulum/vendor/laravel/framework/src/Illuminate/Routing/Router.php(737): Illuminate/Routing/Router->dispatchToRoute(Object(Illuminate/Http/Request))
#40 C:/laragon/www/kurikulum/vendor/laravel/framework/src/Illuminate/Foundation/Http/Kernel.php(200): Illuminate/Routing/Router->dispatch(Object(Illuminate/Http/Request))
#41 C:/laragon/www/kurikulum/vendor/laravel/framework/src/Illuminate/Pipeline/Pipeline.php(144): Illuminate/Foundation/Http/Kernel->Illuminate/Foundation/Http/{closure}(Object(Illuminate/Http/Request))
#42 C:/laragon/www/kurikulum/vendor/laravel/framework/src/Illuminate/Foundation/Http/Middleware/TransformsRequest.php(21): Illuminate/Pipeline/Pipeline->Illuminate/Pipeline/{closure}(Object(Illuminate/Http/Request))
#43 C:/laragon/www/kurikulum/vendor/laravel/framework/src/Illuminate/Foundation/Http/Middleware/ConvertEmptyStringsToNull.php(31): Illuminate/Foundation/Http/Middleware/TransformsRequest->handle(Object(Illuminate/Http/Request), Object(Closure))
#44 C:/laragon/www/kurikulum/vendor/laravel/framework/src/Illuminate/Pipeline/Pipeline.php(183): Illuminate/Foundation/Http/Middleware/ConvertEmptyStringsToNull->handle(Object(Illuminate/Http/Request), Object(Closure))
#45 C:/laragon/www/kurikulum/vendor/laravel/framework/src/Illuminate/Foundation/Http/Middleware/TransformsRequest.php(21): Illuminate/Pipeline/Pipeline->Illuminate/Pipeline/{closure}(Object(Illuminate/Http/Request))
#46 C:/laragon/www/kurikulum/vendor/laravel/framework/src/Illuminate/Foundation/Http/Middleware/TrimStrings.php(40): Illuminate/Foundation/Http/Middleware/TransformsRequest->handle(Object(Illuminate/Http/Request), Object(Closure))
#47 C:/laragon/www/kurikulum/vendor/laravel/framework/src/Illuminate/Pipeline/Pipeline.php(183): Illuminate/Foundation/Http/Middleware/TrimStrings->handle(Object(Illuminate/Http/Request), Object(Closure))
#48 C:/laragon/www/kurikulum/vendor/laravel/framework/src/Illuminate/Foundation/Http/Middleware/ValidatePostSize.php(27): Illuminate/Pipeline/Pipeline->Illuminate/Pipeline/{closure}(Object(Illuminate/Http/Request))
#49 C:/laragon/www/kurikulum/vendor/laravel/framework/src/Illuminate/Pipeline/Pipeline.php(183): Illuminate/Foundation/Http/Middleware/ValidatePostSize->handle(Object(Illuminate/Http/Request), Object(Closure))
#50 C:/laragon/www/kurikulum/vendor/laravel/framework/src/Illuminate/Foundation/Http/Middleware/PreventRequestsDuringMaintenance.php(99): Illuminate/Pipeline/Pipeline->Illuminate/Pipeline/{closure}(Object(Illuminate/Http/Request))
#51 C:/laragon/www/kurikulum/vendor/laravel/framework/src/Illuminate/Pipeline/Pipeline.php(183): Illuminate/Foundation/Http/Middleware/PreventRequestsDuringMaintenance->handle(Object(Illuminate/Http/Request), Object(Closure))
#52 C:/laragon/www/kurikulum/vendor/laravel/framework/src/Illuminate/Http/Middleware/HandleCors.php(49): Illuminate/Pipeline/Pipeline->Illuminate/Pipeline/{closure}(Object(Illuminate/Http/Request))
#53 C:/laragon/www/kurikulum/vendor/laravel/framework/src/Illuminate/Pipeline/Pipeline.php(183): Illuminate/Http/Middleware/HandleCors->handle(Object(Illuminate/Http/Request), Object(Closure))
#54 C:/laragon/www/kurikulum/vendor/laravel/framework/src/Illuminate/Http/Middleware/TrustProxies.php(39): Illuminate/Pipeline/Pipeline->Illuminate/Pipeline/{closure}(Object(Illuminate/Http/Request))
#55 C:/laragon/www/kurikulum/vendor/laravel/framework/src/Illuminate/Pipeline/Pipeline.php(183): Illuminate/Http/Middleware/TrustProxies->handle(Object(Illuminate/Http/Request), Object(Closure))
#56 C:/laragon/www/kurikulum/vendor/laravel/framework/src/Illuminate/Pipeline/Pipeline.php(119): Illuminate/Pipeline/Pipeline->Illuminate/Pipeline/{closure}(Object(Illuminate/Http/Request))
#57 C:/laragon/www/kurikulum/vendor/laravel/framework/src/Illuminate/Foundation/Http/Kernel.php(175): Illuminate/Pipeline/Pipeline->then(Object(Closure))
#58 C:/laragon/www/kurikulum/vendor/laravel/framework/src/Illuminate/Foundation/Http/Kernel.php(144): Illuminate/Foundation/Http/Kernel->sendRequestThroughRouter(Object(Illuminate/Http/Request))
#59 C:/laragon/www/kurikulum/public/index.php(18): Illuminate/Foundation/Http/Kernel->handle(Object(Illuminate/Http/Request))
#60 C:/laragon/www/kurikulum/vendor/laravel/framework/src/Illuminate/Foundation/resources/server.php(16): require_once('C://laragon//www//...')
#61 {main}
"} 
[2026-07-17 23:36:44] local.ERROR: SQLSTATE[42S22]: Column not found: 1054 Unknown column 'nama_tingkat' in 'order clause' (Connection: datacenter, SQL: select * from `tingkat_kelas` order by `nama_tingkat` asc) {"userId":1,"exception":"[object] (Illuminate\\Database\\QueryException(code: 42S22): SQLSTATE[42S22]: Column not found: 1054 Unknown column 'nama_tingkat' in 'order clause' (Connection: datacenter, SQL: select * from `tingkat_kelas` order by `nama_tingkat` asc) at C:/laragon/www/kurikulum/vendor/laravel/framework/src/Illuminate/Database/Connection.php:829)
[stacktrace]
#0 C:/laragon/www/kurikulum/vendor/laravel/framework/src/Illuminate/Database/Connection.php(783): Illuminate/Database/Connection->runQueryCallback('select * from `...', Array, Object(Closure))
#1 C:/laragon/www/kurikulum/vendor/laravel/framework/src/Illuminate/Database/Connection.php(414): Illuminate/Database/Connection->run('select * from `...', Array, Object(Closure))
#2 C:/laragon/www/kurikulum/vendor/laravel/framework/src/Illuminate/Database/Query/Builder.php(2913): Illuminate/Database/Connection->select('select * from `...', Array, true)
#3 C:/laragon/www/kurikulum/vendor/laravel/framework/src/Illuminate/Database/Query/Builder.php(2902): Illuminate/Database/Query/Builder->runSelect()
#4 C:/laragon/www/kurikulum/vendor/laravel/framework/src/Illuminate/Database/Query/Builder.php(3456): Illuminate/Database/Query/Builder->Illuminate/Database/Query/{closure}()
#5 C:/laragon/www/kurikulum/vendor/laravel/framework/src/Illuminate/Database/Query/Builder.php(2901): Illuminate/Database/Query/Builder->onceWithColumns(Array, Object(Closure))
#6 C:/laragon/www/kurikulum/vendor/laravel/framework/src/Illuminate/Database/Eloquent/Builder.php(739): Illuminate/Database/Query/Builder->get(Array)
#7 C:/laragon/www/kurikulum/vendor/laravel/framework/src/Illuminate/Database/Eloquent/Builder.php(723): Illuminate/Database/Eloquent/Builder->getModels(Array)
#8 C:/laragon/www/kurikulum/app/Http/Controllers/Crud/BaseCrudController.php(206): Illuminate/Database/Eloquent/Builder->get()
#9 C:/laragon/www/kurikulum/app/Http/Controllers/Crud/BaseCrudController.php(124): App/Http/Controllers/Crud/BaseCrudController->resolveFieldOptions(Array)
#10 C:/laragon/www/kurikulum/vendor/laravel/framework/src/Illuminate/Routing/Controller.php(54): App/Http/Controllers/Crud/BaseCrudController->create()
#11 C:/laragon/www/kurikulum/vendor/laravel/framework/src/Illuminate/Routing/ControllerDispatcher.php(43): Illuminate/Routing/Controller->callAction('create', Array)
#12 C:/laragon/www/kurikulum/vendor/laravel/framework/src/Illuminate/Routing/Route.php(259): Illuminate/Routing/ControllerDispatcher->dispatch(Object(Illuminate/Routing/Route), Object(App/Http/Controllers/Kurikulum/AlokasiJamMapelController), 'create')
#13 C:/laragon/www/kurikulum/vendor/laravel/framework/src/Illuminate/Routing/Route.php(205): Illuminate/Routing/Route->runController()
#14 C:/laragon/www/kurikulum/vendor/laravel/framework/src/Illuminate/Routing/Router.php(806): Illuminate/Routing/Route->run()
#15 C:/laragon/www/kurikulum/vendor/laravel/framework/src/Illuminate/Pipeline/Pipeline.php(144): Illuminate/Routing/Router->Illuminate/Routing/{closure}(Object(Illuminate/Http/Request))
#16 C:/laragon/www/kurikulum/app/Http/Middleware/EnsureUserHasRole.php(23): Illuminate/Pipeline/Pipeline->Illuminate/Pipeline/{closure}(Object(Illuminate/Http/Request))
#17 C:/laragon/www/kurikulum/vendor/laravel/framework/src/Illuminate/Pipeline/Pipeline.php(183): App/Http/Middleware/EnsureUserHasRole->handle(Object(Illuminate/Http/Request), Object(Closure), 'admin', 'guru')
#18 C:/laragon/www/kurikulum/vendor/laravel/framework/src/Illuminate/Routing/Middleware/SubstituteBindings.php(50): Illuminate/Pipeline/Pipeline->Illuminate/Pipeline/{closure}(Object(Illuminate/Http/Request))
#19 C:/laragon/www/kurikulum/vendor/laravel/framework/src/Illuminate/Pipeline/Pipeline.php(183): Illuminate/Routing/Middleware/SubstituteBindings->handle(Object(Illuminate/Http/Request), Object(Closure))
#20 C:/laragon/www/kurikulum/vendor/laravel/framework/src/Illuminate/Auth/Middleware/Authenticate.php(57): Illuminate/Pipeline/Pipeline->Illuminate/Pipeline/{closure}(Object(Illuminate/Http/Request))
#21 C:/laragon/www/kurikulum/vendor/laravel/framework/src/Illuminate/Pipeline/Pipeline.php(183): Illuminate/Auth/Middleware/Authenticate->handle(Object(Illuminate/Http/Request), Object(Closure))
#22 C:/laragon/www/kurikulum/vendor/laravel/framework/src/Illuminate/Foundation/Http/Middleware/VerifyCsrfToken.php(78): Illuminate/Pipeline/Pipeline->Illuminate/Pipeline/{closure}(Object(Illuminate/Http/Request))
#23 C:/laragon/www/kurikulum/vendor/laravel/framework/src/Illuminate/Pipeline/Pipeline.php(183): Illuminate/Foundation/Http/Middleware/VerifyCsrfToken->handle(Object(Illuminate/Http/Request), Object(Closure))
#24 C:/laragon/www/kurikulum/vendor/laravel/framework/src/Illuminate/View/Middleware/ShareErrorsFromSession.php(49): Illuminate/Pipeline/Pipeline->Illuminate/Pipeline/{closure}(Object(Illuminate/Http/Request))
#25 C:/laragon/www/kurikulum/vendor/laravel/framework/src/Illuminate/Pipeline/Pipeline.php(183): Illuminate/View/Middleware/ShareErrorsFromSession->handle(Object(Illuminate/Http/Request), Object(Closure))
#26 C:/laragon/www/kurikulum/vendor/laravel/framework/src/Illuminate/Session/Middleware/StartSession.php(121): Illuminate/Pipeline/Pipeline->Illuminate/Pipeline/{closure}(Object(Illuminate/Http/Request))
#27 C:/laragon/www/kurikulum/vendor/laravel/framework/src/Illuminate/Session/Middleware/StartSession.php(64): Illuminate/Session/Middleware/StartSession->handleStatefulRequest(Object(Illuminate/Http/Request), Object(Illuminate/Session/Store), Object(Closure))
#28 C:/laragon/www/kurikulum/vendor/laravel/framework/src/Illuminate/Pipeline/Pipeline.php(183): Illuminate/Session/Middleware/StartSession->handle(Object(Illuminate/Http/Request), Object(Closure))
#29 C:/laragon/www/kurikulum/vendor/laravel/framework/src/Illuminate/Cookie/Middleware/AddQueuedCookiesToResponse.php(37): Illuminate/Pipeline/Pipeline->Illuminate/Pipeline/{closure}(Object(Illuminate/Http/Request))
#30 C:/laragon/www/kurikulum/vendor/laravel/framework/src/Illuminate/Pipeline/Pipeline.php(183): Illuminate/Cookie/Middleware/AddQueuedCookiesToResponse->handle(Object(Illuminate/Http/Request), Object(Closure))
#31 C:/laragon/www/kurikulum/vendor/laravel/framework/src/Illuminate/Cookie/Middleware/EncryptCookies.php(67): Illuminate/Pipeline/Pipeline->Illuminate/Pipeline/{closure}(Object(Illuminate/Http/Request))
#32 C:/laragon/www/kurikulum/vendor/laravel/framework/src/Illuminate/Pipeline/Pipeline.php(183): Illuminate/Cookie/Middleware/EncryptCookies->handle(Object(Illuminate/Http/Request), Object(Closure))
#33 C:/laragon/www/kurikulum/vendor/laravel/framework/src/Illuminate/Pipeline/Pipeline.php(119): Illuminate/Pipeline/Pipeline->Illuminate/Pipeline/{closure}(Object(Illuminate/Http/Request))
#34 C:/laragon/www/kurikulum/vendor/laravel/framework/src/Illuminate/Routing/Router.php(805): Illuminate/Pipeline/Pipeline->then(Object(Closure))
#35 C:/laragon/www/kurikulum/vendor/laravel/framework/src/Illuminate/Routing/Router.php(784): Illuminate/Routing/Router->runRouteWithinStack(Object(Illuminate/Routing/Route), Object(Illuminate/Http/Request))
#36 C:/laragon/www/kurikulum/vendor/laravel/framework/src/Illuminate/Routing/Router.php(748): Illuminate/Routing/Router->runRoute(Object(Illuminate/Http/Request), Object(Illuminate/Routing/Route))
#37 C:/laragon/www/kurikulum/vendor/laravel/framework/src/Illuminate/Routing/Router.php(737): Illuminate/Routing/Router->dispatchToRoute(Object(Illuminate/Http/Request))
#38 C:/laragon/www/kurikulum/vendor/laravel/framework/src/Illuminate/Foundation/Http/Kernel.php(200): Illuminate/Routing/Router->dispatch(Object(Illuminate/Http/Request))
#39 C:/laragon/www/kurikulum/vendor/laravel/framework/src/Illuminate/Pipeline/Pipeline.php(144): Illuminate/Foundation/Http/Kernel->Illuminate/Foundation/Http/{closure}(Object(Illuminate/Http/Request))
#40 C:/laragon/www/kurikulum/vendor/laravel/framework/src/Illuminate/Foundation/Http/Middleware/TransformsRequest.php(21): Illuminate/Pipeline/Pipeline->Illuminate/Pipeline/{closure}(Object(Illuminate/Http/Request))
#41 C:/laragon/www/kurikulum/vendor/laravel/framework/src/Illuminate/Foundation/Http/Middleware/ConvertEmptyStringsToNull.php(31): Illuminate/Foundation/Http/Middleware/TransformsRequest->handle(Object(Illuminate/Http/Request), Object(Closure))
#42 C:/laragon/www/kurikulum/vendor/laravel/framework/src/Illuminate/Pipeline/Pipeline.php(183): Illuminate/Foundation/Http/Middleware/ConvertEmptyStringsToNull->handle(Object(Illuminate/Http/Request), Object(Closure))
#43 C:/laragon/www/kurikulum/vendor/laravel/framework/src/Illuminate/Foundation/Http/Middleware/TransformsRequest.php(21): Illuminate/Pipeline/Pipeline->Illuminate/Pipeline/{closure}(Object(Illuminate/Http/Request))
#44 C:/laragon/www/kurikulum/vendor/laravel/framework/src/Illuminate/Foundation/Http/Middleware/TrimStrings.php(40): Illuminate/Foundation/Http/Middleware/TransformsRequest->handle(Object(Illuminate/Http/Request), Object(Closure))
#45 C:/laragon/www/kurikulum/vendor/laravel/framework/src/Illuminate/Pipeline/Pipeline.php(183): Illuminate/Foundation/Http/Middleware/TrimStrings->handle(Object(Illuminate/Http/Request), Object(Closure))
#46 C:/laragon/www/kurikulum/vendor/laravel/framework/src/Illuminate/Foundation/Http/Middleware/ValidatePostSize.php(27): Illuminate/Pipeline/Pipeline->Illuminate/Pipeline/{closure}(Object(Illuminate/Http/Request))
#47 C:/laragon/www/kurikulum/vendor/laravel/framework/src/Illuminate/Pipeline/Pipeline.php(183): Illuminate/Foundation/Http/Middleware/ValidatePostSize->handle(Object(Illuminate/Http/Request), Object(Closure))
#48 C:/laragon/www/kurikulum/vendor/laravel/framework/src/Illuminate/Foundation/Http/Middleware/PreventRequestsDuringMaintenance.php(99): Illuminate/Pipeline/Pipeline->Illuminate/Pipeline/{closure}(Object(Illuminate/Http/Request))
#49 C:/laragon/www/kurikulum/vendor/laravel/framework/src/Illuminate/Pipeline/Pipeline.php(183): Illuminate/Foundation/Http/Middleware/PreventRequestsDuringMaintenance->handle(Object(Illuminate/Http/Request), Object(Closure))
#50 C:/laragon/www/kurikulum/vendor/laravel/framework/src/Illuminate/Http/Middleware/HandleCors.php(49): Illuminate/Pipeline/Pipeline->Illuminate/Pipeline/{closure}(Object(Illuminate/Http/Request))
#51 C:/laragon/www/kurikulum/vendor/laravel/framework/src/Illuminate/Pipeline/Pipeline.php(183): Illuminate/Http/Middleware/HandleCors->handle(Object(Illuminate/Http/Request), Object(Closure))
#52 C:/laragon/www/kurikulum/vendor/laravel/framework/src/Illuminate/Http/Middleware/TrustProxies.php(39): Illuminate/Pipeline/Pipeline->Illuminate/Pipeline/{closure}(Object(Illuminate/Http/Request))
#53 C:/laragon/www/kurikulum/vendor/laravel/framework/src/Illuminate/Pipeline/Pipeline.php(183): Illuminate/Http/Middleware/TrustProxies->handle(Object(Illuminate/Http/Request), Object(Closure))
#54 C:/laragon/www/kurikulum/vendor/laravel/framework/src/Illuminate/Pipeline/Pipeline.php(119): Illuminate/Pipeline/Pipeline->Illuminate/Pipeline/{closure}(Object(Illuminate/Http/Request))
#55 C:/laragon/www/kurikulum/vendor/laravel/framework/src/Illuminate/Foundation/Http/Kernel.php(175): Illuminate/Pipeline/Pipeline->then(Object(Closure))
#56 C:/laragon/www/kurikulum/vendor/laravel/framework/src/Illuminate/Foundation/Http/Kernel.php(144): Illuminate/Foundation/Http/Kernel->sendRequestThroughRouter(Object(Illuminate/Http/Request))
#57 C:/laragon/www/kurikulum/public/index.php(18): Illuminate/Foundation/Http/Kernel->handle(Object(Illuminate/Http/Request))
#58 C:/laragon/www/kurikulum/vendor/laravel/framework/src/Illuminate/Foundation/resources/server.php(16): require_once('C://laragon//www//...')
#59 {main}

[previous exception] [object] (PDOException(code: 42S22): SQLSTATE[42S22]: Column not found: 1054 Unknown column 'nama_tingkat' in 'order clause' at C:/laragon/www/kurikulum/vendor/laravel/framework/src/Illuminate/Database/Connection.php:423)
[stacktrace]
#0 C:/laragon/www/kurikulum/vendor/laravel/framework/src/Illuminate/Database/Connection.php(423): PDO->prepare('select * from `...')
#1 C:/laragon/www/kurikulum/vendor/laravel/framework/src/Illuminate/Database/Connection.php(816): Illuminate/Database/Connection->Illuminate/Database/{closure}('select * from `...', Array)
#2 C:/laragon/www/kurikulum/vendor/laravel/framework/src/Illuminate/Database/Connection.php(783): Illuminate/Database/Connection->runQueryCallback('select * from `...', Array, Object(Closure))
#3 C:/laragon/www/kurikulum/vendor/laravel/framework/src/Illuminate/Database/Connection.php(414): Illuminate/Database/Connection->run('select * from `...', Array, Object(Closure))
#4 C:/laragon/www/kurikulum/vendor/laravel/framework/src/Illuminate/Database/Query/Builder.php(2913): Illuminate/Database/Connection->select('select * from `...', Array, true)
#5 C:/laragon/www/kurikulum/vendor/laravel/framework/src/Illuminate/Database/Query/Builder.php(2902): Illuminate/Database/Query/Builder->runSelect()
#6 C:/laragon/www/kurikulum/vendor/laravel/framework/src/Illuminate/Database/Query/Builder.php(3456): Illuminate/Database/Query/Builder->Illuminate/Database/Query/{closure}()
#7 C:/laragon/www/kurikulum/vendor/laravel/framework/src/Illuminate/Database/Query/Builder.php(2901): Illuminate/Database/Query/Builder->onceWithColumns(Array, Object(Closure))
#8 C:/laragon/www/kurikulum/vendor/laravel/framework/src/Illuminate/Database/Eloquent/Builder.php(739): Illuminate/Database/Query/Builder->get(Array)
#9 C:/laragon/www/kurikulum/vendor/laravel/framework/src/Illuminate/Database/Eloquent/Builder.php(723): Illuminate/Database/Eloquent/Builder->getModels(Array)
#10 C:/laragon/www/kurikulum/app/Http/Controllers/Crud/BaseCrudController.php(206): Illuminate/Database/Eloquent/Builder->get()
#11 C:/laragon/www/kurikulum/app/Http/Controllers/Crud/BaseCrudController.php(124): App/Http/Controllers/Crud/BaseCrudController->resolveFieldOptions(Array)
#12 C:/laragon/www/kurikulum/vendor/laravel/framework/src/Illuminate/Routing/Controller.php(54): App/Http/Controllers/Crud/BaseCrudController->create()
#13 C:/laragon/www/kurikulum/vendor/laravel/framework/src/Illuminate/Routing/ControllerDispatcher.php(43): Illuminate/Routing/Controller->callAction('create', Array)
#14 C:/laragon/www/kurikulum/vendor/laravel/framework/src/Illuminate/Routing/Route.php(259): Illuminate/Routing/ControllerDispatcher->dispatch(Object(Illuminate/Routing/Route), Object(App/Http/Controllers/Kurikulum/AlokasiJamMapelController), 'create')
#15 C:/laragon/www/kurikulum/vendor/laravel/framework/src/Illuminate/Routing/Route.php(205): Illuminate/Routing/Route->runController()
#16 C:/laragon/www/kurikulum/vendor/laravel/framework/src/Illuminate/Routing/Router.php(806): Illuminate/Routing/Route->run()
#17 C:/laragon/www/kurikulum/vendor/laravel/framework/src/Illuminate/Pipeline/Pipeline.php(144): Illuminate/Routing/Router->Illuminate/Routing/{closure}(Object(Illuminate/Http/Request))
#18 C:/laragon/www/kurikulum/app/Http/Middleware/EnsureUserHasRole.php(23): Illuminate/Pipeline/Pipeline->Illuminate/Pipeline/{closure}(Object(Illuminate/Http/Request))
#19 C:/laragon/www/kurikulum/vendor/laravel/framework/src/Illuminate/Pipeline/Pipeline.php(183): App/Http/Middleware/EnsureUserHasRole->handle(Object(Illuminate/Http/Request), Object(Closure), 'admin', 'guru')
#20 C:/laragon/www/kurikulum/vendor/laravel/framework/src/Illuminate/Routing/Middleware/SubstituteBindings.php(50): Illuminate/Pipeline/Pipeline->Illuminate/Pipeline/{closure}(Object(Illuminate/Http/Request))
#21 C:/laragon/www/kurikulum/vendor/laravel/framework/src/Illuminate/Pipeline/Pipeline.php(183): Illuminate/Routing/Middleware/SubstituteBindings->handle(Object(Illuminate/Http/Request), Object(Closure))
#22 C:/laragon/www/kurikulum/vendor/laravel/framework/src/Illuminate/Auth/Middleware/Authenticate.php(57): Illuminate/Pipeline/Pipeline->Illuminate/Pipeline/{closure}(Object(Illuminate/Http/Request))
#23 C:/laragon/www/kurikulum/vendor/laravel/framework/src/Illuminate/Pipeline/Pipeline.php(183): Illuminate/Auth/Middleware/Authenticate->handle(Object(Illuminate/Http/Request), Object(Closure))
#24 C:/laragon/www/kurikulum/vendor/laravel/framework/src/Illuminate/Foundation/Http/Middleware/VerifyCsrfToken.php(78): Illuminate/Pipeline/Pipeline->Illuminate/Pipeline/{closure}(Object(Illuminate/Http/Request))
#25 C:/laragon/www/kurikulum/vendor/laravel/framework/src/Illuminate/Pipeline/Pipeline.php(183): Illuminate/Foundation/Http/Middleware/VerifyCsrfToken->handle(Object(Illuminate/Http/Request), Object(Closure))
#26 C:/laragon/www/kurikulum/vendor/laravel/framework/src/Illuminate/View/Middleware/ShareErrorsFromSession.php(49): Illuminate/Pipeline/Pipeline->Illuminate/Pipeline/{closure}(Object(Illuminate/Http/Request))
#27 C:/laragon/www/kurikulum/vendor/laravel/framework/src/Illuminate/Pipeline/Pipeline.php(183): Illuminate/View/Middleware/ShareErrorsFromSession->handle(Object(Illuminate/Http/Request), Object(Closure))
#28 C:/laragon/www/kurikulum/vendor/laravel/framework/src/Illuminate/Session/Middleware/StartSession.php(121): Illuminate/Pipeline/Pipeline->Illuminate/Pipeline/{closure}(Object(Illuminate/Http/Request))
#29 C:/laragon/www/kurikulum/vendor/laravel/framework/src/Illuminate/Session/Middleware/StartSession.php(64): Illuminate/Session/Middleware/StartSession->handleStatefulRequest(Object(Illuminate/Http/Request), Object(Illuminate/Session/Store), Object(Closure))
#30 C:/laragon/www/kurikulum/vendor/laravel/framework/src/Illuminate/Pipeline/Pipeline.php(183): Illuminate/Session/Middleware/StartSession->handle(Object(Illuminate/Http/Request), Object(Closure))
#31 C:/laragon/www/kurikulum/vendor/laravel/framework/src/Illuminate/Cookie/Middleware/AddQueuedCookiesToResponse.php(37): Illuminate/Pipeline/Pipeline->Illuminate/Pipeline/{closure}(Object(Illuminate/Http/Request))
#32 C:/laragon/www/kurikulum/vendor/laravel/framework/src/Illuminate/Pipeline/Pipeline.php(183): Illuminate/Cookie/Middleware/AddQueuedCookiesToResponse->handle(Object(Illuminate/Http/Request), Object(Closure))
#33 C:/laragon/www/kurikulum/vendor/laravel/framework/src/Illuminate/Cookie/Middleware/EncryptCookies.php(67): Illuminate/Pipeline/Pipeline->Illuminate/Pipeline/{closure}(Object(Illuminate/Http/Request))
#34 C:/laragon/www/kurikulum/vendor/laravel/framework/src/Illuminate/Pipeline/Pipeline.php(183): Illuminate/Cookie/Middleware/EncryptCookies->handle(Object(Illuminate/Http/Request), Object(Closure))
#35 C:/laragon/www/kurikulum/vendor/laravel/framework/src/Illuminate/Pipeline/Pipeline.php(119): Illuminate/Pipeline/Pipeline->Illuminate/Pipeline/{closure}(Object(Illuminate/Http/Request))
#36 C:/laragon/www/kurikulum/vendor/laravel/framework/src/Illuminate/Routing/Router.php(805): Illuminate/Pipeline/Pipeline->then(Object(Closure))
#37 C:/laragon/www/kurikulum/vendor/laravel/framework/src/Illuminate/Routing/Router.php(784): Illuminate/Routing/Router->runRouteWithinStack(Object(Illuminate/Routing/Route), Object(Illuminate/Http/Request))
#38 C:/laragon/www/kurikulum/vendor/laravel/framework/src/Illuminate/Routing/Router.php(748): Illuminate/Routing/Router->runRoute(Object(Illuminate/Http/Request), Object(Illuminate/Routing/Route))
#39 C:/laragon/www/kurikulum/vendor/laravel/framework/src/Illuminate/Routing/Router.php(737): Illuminate/Routing/Router->dispatchToRoute(Object(Illuminate/Http/Request))
#40 C:/laragon/www/kurikulum/vendor/laravel/framework/src/Illuminate/Foundation/Http/Kernel.php(200): Illuminate/Routing/Router->dispatch(Object(Illuminate/Http/Request))
#41 C:/laragon/www/kurikulum/vendor/laravel/framework/src/Illuminate/Pipeline/Pipeline.php(144): Illuminate/Foundation/Http/Kernel->Illuminate/Foundation/Http/{closure}(Object(Illuminate/Http/Request))
#42 C:/laragon/www/kurikulum/vendor/laravel/framework/src/Illuminate/Foundation/Http/Middleware/TransformsRequest.php(21): Illuminate/Pipeline/Pipeline->Illuminate/Pipeline/{closure}(Object(Illuminate/Http/Request))
#43 C:/laragon/www/kurikulum/vendor/laravel/framework/src/Illuminate/Foundation/Http/Middleware/ConvertEmptyStringsToNull.php(31): Illuminate/Foundation/Http/Middleware/TransformsRequest->handle(Object(Illuminate/Http/Request), Object(Closure))
#44 C:/laragon/www/kurikulum/vendor/laravel/framework/src/Illuminate/Pipeline/Pipeline.php(183): Illuminate/Foundation/Http/Middleware/ConvertEmptyStringsToNull->handle(Object(Illuminate/Http/Request), Object(Closure))
#45 C:/laragon/www/kurikulum/vendor/laravel/framework/src/Illuminate/Foundation/Http/Middleware/TransformsRequest.php(21): Illuminate/Pipeline/Pipeline->Illuminate/Pipeline/{closure}(Object(Illuminate/Http/Request))
#46 C:/laragon/www/kurikulum/vendor/laravel/framework/src/Illuminate/Foundation/Http/Middleware/TrimStrings.php(40): Illuminate/Foundation/Http/Middleware/TransformsRequest->handle(Object(Illuminate/Http/Request), Object(Closure))
#47 C:/laragon/www/kurikulum/vendor/laravel/framework/src/Illuminate/Pipeline/Pipeline.php(183): Illuminate/Foundation/Http/Middleware/TrimStrings->handle(Object(Illuminate/Http/Request), Object(Closure))
#48 C:/laragon/www/kurikulum/vendor/laravel/framework/src/Illuminate/Foundation/Http/Middleware/ValidatePostSize.php(27): Illuminate/Pipeline/Pipeline->Illuminate/Pipeline/{closure}(Object(Illuminate/Http/Request))
#49 C:/laragon/www/kurikulum/vendor/laravel/framework/src/Illuminate/Pipeline/Pipeline.php(183): Illuminate/Foundation/Http/Middleware/ValidatePostSize->handle(Object(Illuminate/Http/Request), Object(Closure))
#50 C:/laragon/www/kurikulum/vendor/laravel/framework/src/Illuminate/Foundation/Http/Middleware/PreventRequestsDuringMaintenance.php(99): Illuminate/Pipeline/Pipeline->Illuminate/Pipeline/{closure}(Object(Illuminate/Http/Request))
#51 C:/laragon/www/kurikulum/vendor/laravel/framework/src/Illuminate/Pipeline/Pipeline.php(183): Illuminate/Foundation/Http/Middleware/PreventRequestsDuringMaintenance->handle(Object(Illuminate/Http/Request), Object(Closure))
#52 C:/laragon/www/kurikulum/vendor/laravel/framework/src/Illuminate/Http/Middleware/HandleCors.php(49): Illuminate/Pipeline/Pipeline->Illuminate/Pipeline/{closure}(Object(Illuminate/Http/Request))
#53 C:/laragon/www/kurikulum/vendor/laravel/framework/src/Illuminate/Pipeline/Pipeline.php(183): Illuminate/Http/Middleware/HandleCors->handle(Object(Illuminate/Http/Request), Object(Closure))
#54 C:/laragon/www/kurikulum/vendor/laravel/framework/src/Illuminate/Http/Middleware/TrustProxies.php(39): Illuminate/Pipeline/Pipeline->Illuminate/Pipeline/{closure}(Object(Illuminate/Http/Request))
#55 C:/laragon/www/kurikulum/vendor/laravel/framework/src/Illuminate/Pipeline/Pipeline.php(183): Illuminate/Http/Middleware/TrustProxies->handle(Object(Illuminate/Http/Request), Object(Closure))
#56 C:/laragon/www/kurikulum/vendor/laravel/framework/src/Illuminate/Pipeline/Pipeline.php(119): Illuminate/Pipeline/Pipeline->Illuminate/Pipeline/{closure}(Object(Illuminate/Http/Request))
#57 C:/laragon/www/kurikulum/vendor/laravel/framework/src/Illuminate/Foundation/Http/Kernel.php(175): Illuminate/Pipeline/Pipeline->then(Object(Closure))
#58 C:/laragon/www/kurikulum/vendor/laravel/framework/src/Illuminate/Foundation/Http/Kernel.php(144): Illuminate/Foundation/Http/Kernel->sendRequestThroughRouter(Object(Illuminate/Http/Request))
#59 C:/laragon/www/kurikulum/public/index.php(18): Illuminate/Foundation/Http/Kernel->handle(Object(Illuminate/Http/Request))
#60 C:/laragon/www/kurikulum/vendor/laravel/framework/src/Illuminate/Foundation/resources/server.php(16): require_once('C://laragon//www//...')
#61 {main}
"} 
[2026-07-17 23:41:01] local.ERROR: SQLSTATE[42S22]: Column not found: 1054 Unknown column 'nama_tingkat' in 'order clause' (Connection: datacenter, SQL: select * from `tingkat_kelas` order by `nama_tingkat` asc) {"userId":1,"exception":"[object] (Illuminate\\Database\\QueryException(code: 42S22): SQLSTATE[42S22]: Column not found: 1054 Unknown column 'nama_tingkat' in 'order clause' (Connection: datacenter, SQL: select * from `tingkat_kelas` order by `nama_tingkat` asc) at C:/laragon/www/kurikulum/vendor/laravel/framework/src/Illuminate/Database/Connection.php:829)
[stacktrace]
#0 C:/laragon/www/kurikulum/vendor/laravel/framework/src/Illuminate/Database/Connection.php(783): Illuminate/Database/Connection->runQueryCallback('select * from `...', Array, Object(Closure))
#1 C:/laragon/www/kurikulum/vendor/laravel/framework/src/Illuminate/Database/Connection.php(414): Illuminate/Database/Connection->run('select * from `...', Array, Object(Closure))
#2 C:/laragon/www/kurikulum/vendor/laravel/framework/src/Illuminate/Database/Query/Builder.php(2913): Illuminate/Database/Connection->select('select * from `...', Array, true)
#3 C:/laragon/www/kurikulum/vendor/laravel/framework/src/Illuminate/Database/Query/Builder.php(2902): Illuminate/Database/Query/Builder->runSelect()
#4 C:/laragon/www/kurikulum/vendor/laravel/framework/src/Illuminate/Database/Query/Builder.php(3456): Illuminate/Database/Query/Builder->Illuminate/Database/Query/{closure}()
#5 C:/laragon/www/kurikulum/vendor/laravel/framework/src/Illuminate/Database/Query/Builder.php(2901): Illuminate/Database/Query/Builder->onceWithColumns(Array, Object(Closure))
#6 C:/laragon/www/kurikulum/vendor/laravel/framework/src/Illuminate/Database/Eloquent/Builder.php(739): Illuminate/Database/Query/Builder->get(Array)
#7 C:/laragon/www/kurikulum/vendor/laravel/framework/src/Illuminate/Database/Eloquent/Builder.php(723): Illuminate/Database/Eloquent/Builder->getModels(Array)
#8 C:/laragon/www/kurikulum/app/Http/Controllers/Crud/BaseCrudController.php(206): Illuminate/Database/Eloquent/Builder->get()
#9 C:/laragon/www/kurikulum/app/Http/Controllers/Crud/BaseCrudController.php(124): App/Http/Controllers/Crud/BaseCrudController->resolveFieldOptions(Array)
#10 C:/laragon/www/kurikulum/vendor/laravel/framework/src/Illuminate/Routing/Controller.php(54): App/Http/Controllers/Crud/BaseCrudController->create()
#11 C:/laragon/www/kurikulum/vendor/laravel/framework/src/Illuminate/Routing/ControllerDispatcher.php(43): Illuminate/Routing/Controller->callAction('create', Array)
#12 C:/laragon/www/kurikulum/vendor/laravel/framework/src/Illuminate/Routing/Route.php(259): Illuminate/Routing/ControllerDispatcher->dispatch(Object(Illuminate/Routing/Route), Object(App/Http/Controllers/Kurikulum/AlokasiJamMapelController), 'create')
#13 C:/laragon/www/kurikulum/vendor/laravel/framework/src/Illuminate/Routing/Route.php(205): Illuminate/Routing/Route->runController()
#14 C:/laragon/www/kurikulum/vendor/laravel/framework/src/Illuminate/Routing/Router.php(806): Illuminate/Routing/Route->run()
#15 C:/laragon/www/kurikulum/vendor/laravel/framework/src/Illuminate/Pipeline/Pipeline.php(144): Illuminate/Routing/Router->Illuminate/Routing/{closure}(Object(Illuminate/Http/Request))
#16 C:/laragon/www/kurikulum/app/Http/Middleware/EnsureUserHasRole.php(23): Illuminate/Pipeline/Pipeline->Illuminate/Pipeline/{closure}(Object(Illuminate/Http/Request))
#17 C:/laragon/www/kurikulum/vendor/laravel/framework/src/Illuminate/Pipeline/Pipeline.php(183): App/Http/Middleware/EnsureUserHasRole->handle(Object(Illuminate/Http/Request), Object(Closure), 'admin', 'guru')
#18 C:/laragon/www/kurikulum/vendor/laravel/framework/src/Illuminate/Routing/Middleware/SubstituteBindings.php(50): Illuminate/Pipeline/Pipeline->Illuminate/Pipeline/{closure}(Object(Illuminate/Http/Request))
#19 C:/laragon/www/kurikulum/vendor/laravel/framework/src/Illuminate/Pipeline/Pipeline.php(183): Illuminate/Routing/Middleware/SubstituteBindings->handle(Object(Illuminate/Http/Request), Object(Closure))
#20 C:/laragon/www/kurikulum/vendor/laravel/framework/src/Illuminate/Auth/Middleware/Authenticate.php(57): Illuminate/Pipeline/Pipeline->Illuminate/Pipeline/{closure}(Object(Illuminate/Http/Request))
#21 C:/laragon/www/kurikulum/vendor/laravel/framework/src/Illuminate/Pipeline/Pipeline.php(183): Illuminate/Auth/Middleware/Authenticate->handle(Object(Illuminate/Http/Request), Object(Closure))
#22 C:/laragon/www/kurikulum/vendor/laravel/framework/src/Illuminate/Foundation/Http/Middleware/VerifyCsrfToken.php(78): Illuminate/Pipeline/Pipeline->Illuminate/Pipeline/{closure}(Object(Illuminate/Http/Request))
#23 C:/laragon/www/kurikulum/vendor/laravel/framework/src/Illuminate/Pipeline/Pipeline.php(183): Illuminate/Foundation/Http/Middleware/VerifyCsrfToken->handle(Object(Illuminate/Http/Request), Object(Closure))
#24 C:/laragon/www/kurikulum/vendor/laravel/framework/src/Illuminate/View/Middleware/ShareErrorsFromSession.php(49): Illuminate/Pipeline/Pipeline->Illuminate/Pipeline/{closure}(Object(Illuminate/Http/Request))
#25 C:/laragon/www/kurikulum/vendor/laravel/framework/src/Illuminate/Pipeline/Pipeline.php(183): Illuminate/View/Middleware/ShareErrorsFromSession->handle(Object(Illuminate/Http/Request), Object(Closure))
#26 C:/laragon/www/kurikulum/vendor/laravel/framework/src/Illuminate/Session/Middleware/StartSession.php(121): Illuminate/Pipeline/Pipeline->Illuminate/Pipeline/{closure}(Object(Illuminate/Http/Request))
#27 C:/laragon/www/kurikulum/vendor/laravel/framework/src/Illuminate/Session/Middleware/StartSession.php(64): Illuminate/Session/Middleware/StartSession->handleStatefulRequest(Object(Illuminate/Http/Request), Object(Illuminate/Session/Store), Object(Closure))
#28 C:/laragon/www/kurikulum/vendor/laravel/framework/src/Illuminate/Pipeline/Pipeline.php(183): Illuminate/Session/Middleware/StartSession->handle(Object(Illuminate/Http/Request), Object(Closure))
#29 C:/laragon/www/kurikulum/vendor/laravel/framework/src/Illuminate/Cookie/Middleware/AddQueuedCookiesToResponse.php(37): Illuminate/Pipeline/Pipeline->Illuminate/Pipeline/{closure}(Object(Illuminate/Http/Request))
#30 C:/laragon/www/kurikulum/vendor/laravel/framework/src/Illuminate/Pipeline/Pipeline.php(183): Illuminate/Cookie/Middleware/AddQueuedCookiesToResponse->handle(Object(Illuminate/Http/Request), Object(Closure))
#31 C:/laragon/www/kurikulum/vendor/laravel/framework/src/Illuminate/Cookie/Middleware/EncryptCookies.php(67): Illuminate/Pipeline/Pipeline->Illuminate/Pipeline/{closure}(Object(Illuminate/Http/Request))
#32 C:/laragon/www/kurikulum/vendor/laravel/framework/src/Illuminate/Pipeline/Pipeline.php(183): Illuminate/Cookie/Middleware/EncryptCookies->handle(Object(Illuminate/Http/Request), Object(Closure))
#33 C:/laragon/www/kurikulum/vendor/laravel/framework/src/Illuminate/Pipeline/Pipeline.php(119): Illuminate/Pipeline/Pipeline->Illuminate/Pipeline/{closure}(Object(Illuminate/Http/Request))
#34 C:/laragon/www/kurikulum/vendor/laravel/framework/src/Illuminate/Routing/Router.php(805): Illuminate/Pipeline/Pipeline->then(Object(Closure))
#35 C:/laragon/www/kurikulum/vendor/laravel/framework/src/Illuminate/Routing/Router.php(784): Illuminate/Routing/Router->runRouteWithinStack(Object(Illuminate/Routing/Route), Object(Illuminate/Http/Request))
#36 C:/laragon/www/kurikulum/vendor/laravel/framework/src/Illuminate/Routing/Router.php(748): Illuminate/Routing/Router->runRoute(Object(Illuminate/Http/Request), Object(Illuminate/Routing/Route))
#37 C:/laragon/www/kurikulum/vendor/laravel/framework/src/Illuminate/Routing/Router.php(737): Illuminate/Routing/Router->dispatchToRoute(Object(Illuminate/Http/Request))
#38 C:/laragon/www/kurikulum/vendor/laravel/framework/src/Illuminate/Foundation/Http/Kernel.php(200): Illuminate/Routing/Router->dispatch(Object(Illuminate/Http/Request))
#39 C:/laragon/www/kurikulum/vendor/laravel/framework/src/Illuminate/Pipeline/Pipeline.php(144): Illuminate/Foundation/Http/Kernel->Illuminate/Foundation/Http/{closure}(Object(Illuminate/Http/Request))
#40 C:/laragon/www/kurikulum/vendor/laravel/framework/src/Illuminate/Foundation/Http/Middleware/TransformsRequest.php(21): Illuminate/Pipeline/Pipeline->Illuminate/Pipeline/{closure}(Object(Illuminate/Http/Request))
#41 C:/laragon/www/kurikulum/vendor/laravel/framework/src/Illuminate/Foundation/Http/Middleware/ConvertEmptyStringsToNull.php(31): Illuminate/Foundation/Http/Middleware/TransformsRequest->handle(Object(Illuminate/Http/Request), Object(Closure))
#42 C:/laragon/www/kurikulum/vendor/laravel/framework/src/Illuminate/Pipeline/Pipeline.php(183): Illuminate/Foundation/Http/Middleware/ConvertEmptyStringsToNull->handle(Object(Illuminate/Http/Request), Object(Closure))
#43 C:/laragon/www/kurikulum/vendor/laravel/framework/src/Illuminate/Foundation/Http/Middleware/TransformsRequest.php(21): Illuminate/Pipeline/Pipeline->Illuminate/Pipeline/{closure}(Object(Illuminate/Http/Request))
#44 C:/laragon/www/kurikulum/vendor/laravel/framework/src/Illuminate/Foundation/Http/Middleware/TrimStrings.php(40): Illuminate/Foundation/Http/Middleware/TransformsRequest->handle(Object(Illuminate/Http/Request), Object(Closure))
#45 C:/laragon/www/kurikulum/vendor/laravel/framework/src/Illuminate/Pipeline/Pipeline.php(183): Illuminate/Foundation/Http/Middleware/TrimStrings->handle(Object(Illuminate/Http/Request), Object(Closure))
#46 C:/laragon/www/kurikulum/vendor/laravel/framework/src/Illuminate/Foundation/Http/Middleware/ValidatePostSize.php(27): Illuminate/Pipeline/Pipeline->Illuminate/Pipeline/{closure}(Object(Illuminate/Http/Request))
#47 C:/laragon/www/kurikulum/vendor/laravel/framework/src/Illuminate/Pipeline/Pipeline.php(183): Illuminate/Foundation/Http/Middleware/ValidatePostSize->handle(Object(Illuminate/Http/Request), Object(Closure))
#48 C:/laragon/www/kurikulum/vendor/laravel/framework/src/Illuminate/Foundation/Http/Middleware/PreventRequestsDuringMaintenance.php(99): Illuminate/Pipeline/Pipeline->Illuminate/Pipeline/{closure}(Object(Illuminate/Http/Request))
#49 C:/laragon/www/kurikulum/vendor/laravel/framework/src/Illuminate/Pipeline/Pipeline.php(183): Illuminate/Foundation/Http/Middleware/PreventRequestsDuringMaintenance->handle(Object(Illuminate/Http/Request), Object(Closure))
#50 C:/laragon/www/kurikulum/vendor/laravel/framework/src/Illuminate/Http/Middleware/HandleCors.php(49): Illuminate/Pipeline/Pipeline->Illuminate/Pipeline/{closure}(Object(Illuminate/Http/Request))
#51 C:/laragon/www/kurikulum/vendor/laravel/framework/src/Illuminate/Pipeline/Pipeline.php(183): Illuminate/Http/Middleware/HandleCors->handle(Object(Illuminate/Http/Request), Object(Closure))
#52 C:/laragon/www/kurikulum/vendor/laravel/framework/src/Illuminate/Http/Middleware/TrustProxies.php(39): Illuminate/Pipeline/Pipeline->Illuminate/Pipeline/{closure}(Object(Illuminate/Http/Request))
#53 C:/laragon/www/kurikulum/vendor/laravel/framework/src/Illuminate/Pipeline/Pipeline.php(183): Illuminate/Http/Middleware/TrustProxies->handle(Object(Illuminate/Http/Request), Object(Closure))
#54 C:/laragon/www/kurikulum/vendor/laravel/framework/src/Illuminate/Pipeline/Pipeline.php(119): Illuminate/Pipeline/Pipeline->Illuminate/Pipeline/{closure}(Object(Illuminate/Http/Request))
#55 C:/laragon/www/kurikulum/vendor/laravel/framework/src/Illuminate/Foundation/Http/Kernel.php(175): Illuminate/Pipeline/Pipeline->then(Object(Closure))
#56 C:/laragon/www/kurikulum/vendor/laravel/framework/src/Illuminate/Foundation/Http/Kernel.php(144): Illuminate/Foundation/Http/Kernel->sendRequestThroughRouter(Object(Illuminate/Http/Request))
#57 C:/laragon/www/kurikulum/public/index.php(18): Illuminate/Foundation/Http/Kernel->handle(Object(Illuminate/Http/Request))
#58 C:/laragon/www/kurikulum/vendor/laravel/framework/src/Illuminate/Foundation/resources/server.php(16): require_once('C://laragon//www//...')
#59 {main}

[previous exception] [object] (PDOException(code: 42S22): SQLSTATE[42S22]: Column not found: 1054 Unknown column 'nama_tingkat' in 'order clause' at C:/laragon/www/kurikulum/vendor/laravel/framework/src/Illuminate/Database/Connection.php:423)
[stacktrace]
#0 C:/laragon/www/kurikulum/vendor/laravel/framework/src/Illuminate/Database/Connection.php(423): PDO->prepare('select * from `...')
#1 C:/laragon/www/kurikulum/vendor/laravel/framework/src/Illuminate/Database/Connection.php(816): Illuminate/Database/Connection->Illuminate/Database/{closure}('select * from `...', Array)
#2 C:/laragon/www/kurikulum/vendor/laravel/framework/src/Illuminate/Database/Connection.php(783): Illuminate/Database/Connection->runQueryCallback('select * from `...', Array, Object(Closure))
#3 C:/laragon/www/kurikulum/vendor/laravel/framework/src/Illuminate/Database/Connection.php(414): Illuminate/Database/Connection->run('select * from `...', Array, Object(Closure))
#4 C:/laragon/www/kurikulum/vendor/laravel/framework/src/Illuminate/Database/Query/Builder.php(2913): Illuminate/Database/Connection->select('select * from `...', Array, true)
#5 C:/laragon/www/kurikulum/vendor/laravel/framework/src/Illuminate/Database/Query/Builder.php(2902): Illuminate/Database/Query/Builder->runSelect()
#6 C:/laragon/www/kurikulum/vendor/laravel/framework/src/Illuminate/Database/Query/Builder.php(3456): Illuminate/Database/Query/Builder->Illuminate/Database/Query/{closure}()
#7 C:/laragon/www/kurikulum/vendor/laravel/framework/src/Illuminate/Database/Query/Builder.php(2901): Illuminate/Database/Query/Builder->onceWithColumns(Array, Object(Closure))
#8 C:/laragon/www/kurikulum/vendor/laravel/framework/src/Illuminate/Database/Eloquent/Builder.php(739): Illuminate/Database/Query/Builder->get(Array)
#9 C:/laragon/www/kurikulum/vendor/laravel/framework/src/Illuminate/Database/Eloquent/Builder.php(723): Illuminate/Database/Eloquent/Builder->getModels(Array)
#10 C:/laragon/www/kurikulum/app/Http/Controllers/Crud/BaseCrudController.php(206): Illuminate/Database/Eloquent/Builder->get()
#11 C:/laragon/www/kurikulum/app/Http/Controllers/Crud/BaseCrudController.php(124): App/Http/Controllers/Crud/BaseCrudController->resolveFieldOptions(Array)
#12 C:/laragon/www/kurikulum/vendor/laravel/framework/src/Illuminate/Routing/Controller.php(54): App/Http/Controllers/Crud/BaseCrudController->create()
#13 C:/laragon/www/kurikulum/vendor/laravel/framework/src/Illuminate/Routing/ControllerDispatcher.php(43): Illuminate/Routing/Controller->callAction('create', Array)
#14 C:/laragon/www/kurikulum/vendor/laravel/framework/src/Illuminate/Routing/Route.php(259): Illuminate/Routing/ControllerDispatcher->dispatch(Object(Illuminate/Routing/Route), Object(App/Http/Controllers/Kurikulum/AlokasiJamMapelController), 'create')
#15 C:/laragon/www/kurikulum/vendor/laravel/framework/src/Illuminate/Routing/Route.php(205): Illuminate/Routing/Route->runController()
#16 C:/laragon/www/kurikulum/vendor/laravel/framework/src/Illuminate/Routing/Router.php(806): Illuminate/Routing/Route->run()
#17 C:/laragon/www/kurikulum/vendor/laravel/framework/src/Illuminate/Pipeline/Pipeline.php(144): Illuminate/Routing/Router->Illuminate/Routing/{closure}(Object(Illuminate/Http/Request))
#18 C:/laragon/www/kurikulum/app/Http/Middleware/EnsureUserHasRole.php(23): Illuminate/Pipeline/Pipeline->Illuminate/Pipeline/{closure}(Object(Illuminate/Http/Request))
#19 C:/laragon/www/kurikulum/vendor/laravel/framework/src/Illuminate/Pipeline/Pipeline.php(183): App/Http/Middleware/EnsureUserHasRole->handle(Object(Illuminate/Http/Request), Object(Closure), 'admin', 'guru')
#20 C:/laragon/www/kurikulum/vendor/laravel/framework/src/Illuminate/Routing/Middleware/SubstituteBindings.php(50): Illuminate/Pipeline/Pipeline->Illuminate/Pipeline/{closure}(Object(Illuminate/Http/Request))
#21 C:/laragon/www/kurikulum/vendor/laravel/framework/src/Illuminate/Pipeline/Pipeline.php(183): Illuminate/Routing/Middleware/SubstituteBindings->handle(Object(Illuminate/Http/Request), Object(Closure))
#22 C:/laragon/www/kurikulum/vendor/laravel/framework/src/Illuminate/Auth/Middleware/Authenticate.php(57): Illuminate/Pipeline/Pipeline->Illuminate/Pipeline/{closure}(Object(Illuminate/Http/Request))
#23 C:/laragon/www/kurikulum/vendor/laravel/framework/src/Illuminate/Pipeline/Pipeline.php(183): Illuminate/Auth/Middleware/Authenticate->handle(Object(Illuminate/Http/Request), Object(Closure))
#24 C:/laragon/www/kurikulum/vendor/laravel/framework/src/Illuminate/Foundation/Http/Middleware/VerifyCsrfToken.php(78): Illuminate/Pipeline/Pipeline->Illuminate/Pipeline/{closure}(Object(Illuminate/Http/Request))
#25 C:/laragon/www/kurikulum/vendor/laravel/framework/src/Illuminate/Pipeline/Pipeline.php(183): Illuminate/Foundation/Http/Middleware/VerifyCsrfToken->handle(Object(Illuminate/Http/Request), Object(Closure))
#26 C:/laragon/www/kurikulum/vendor/laravel/framework/src/Illuminate/View/Middleware/ShareErrorsFromSession.php(49): Illuminate/Pipeline/Pipeline->Illuminate/Pipeline/{closure}(Object(Illuminate/Http/Request))
#27 C:/laragon/www/kurikulum/vendor/laravel/framework/src/Illuminate/Pipeline/Pipeline.php(183): Illuminate/View/Middleware/ShareErrorsFromSession->handle(Object(Illuminate/Http/Request), Object(Closure))
#28 C:/laragon/www/kurikulum/vendor/laravel/framework/src/Illuminate/Session/Middleware/StartSession.php(121): Illuminate/Pipeline/Pipeline->Illuminate/Pipeline/{closure}(Object(Illuminate/Http/Request))
#29 C:/laragon/www/kurikulum/vendor/laravel/framework/src/Illuminate/Session/Middleware/StartSession.php(64): Illuminate/Session/Middleware/StartSession->handleStatefulRequest(Object(Illuminate/Http/Request), Object(Illuminate/Session/Store), Object(Closure))
#30 C:/laragon/www/kurikulum/vendor/laravel/framework/src/Illuminate/Pipeline/Pipeline.php(183): Illuminate/Session/Middleware/StartSession->handle(Object(Illuminate/Http/Request), Object(Closure))
#31 C:/laragon/www/kurikulum/vendor/laravel/framework/src/Illuminate/Cookie/Middleware/AddQueuedCookiesToResponse.php(37): Illuminate/Pipeline/Pipeline->Illuminate/Pipeline/{closure}(Object(Illuminate/Http/Request))
#32 C:/laragon/www/kurikulum/vendor/laravel/framework/src/Illuminate/Pipeline/Pipeline.php(183): Illuminate/Cookie/Middleware/AddQueuedCookiesToResponse->handle(Object(Illuminate/Http/Request), Object(Closure))
#33 C:/laragon/www/kurikulum/vendor/laravel/framework/src/Illuminate/Cookie/Middleware/EncryptCookies.php(67): Illuminate/Pipeline/Pipeline->Illuminate/Pipeline/{closure}(Object(Illuminate/Http/Request))
#34 C:/laragon/www/kurikulum/vendor/laravel/framework/src/Illuminate/Pipeline/Pipeline.php(183): Illuminate/Cookie/Middleware/EncryptCookies->handle(Object(Illuminate/Http/Request), Object(Closure))
#35 C:/laragon/www/kurikulum/vendor/laravel/framework/src/Illuminate/Pipeline/Pipeline.php(119): Illuminate/Pipeline/Pipeline->Illuminate/Pipeline/{closure}(Object(Illuminate/Http/Request))
#36 C:/laragon/www/kurikulum/vendor/laravel/framework/src/Illuminate/Routing/Router.php(805): Illuminate/Pipeline/Pipeline->then(Object(Closure))
#37 C:/laragon/www/kurikulum/vendor/laravel/framework/src/Illuminate/Routing/Router.php(784): Illuminate/Routing/Router->runRouteWithinStack(Object(Illuminate/Routing/Route), Object(Illuminate/Http/Request))
#38 C:/laragon/www/kurikulum/vendor/laravel/framework/src/Illuminate/Routing/Router.php(748): Illuminate/Routing/Router->runRoute(Object(Illuminate/Http/Request), Object(Illuminate/Routing/Route))
#39 C:/laragon/www/kurikulum/vendor/laravel/framework/src/Illuminate/Routing/Router.php(737): Illuminate/Routing/Router->dispatchToRoute(Object(Illuminate/Http/Request))
#40 C:/laragon/www/kurikulum/vendor/laravel/framework/src/Illuminate/Foundation/Http/Kernel.php(200): Illuminate/Routing/Router->dispatch(Object(Illuminate/Http/Request))
#41 C:/laragon/www/kurikulum/vendor/laravel/framework/src/Illuminate/Pipeline/Pipeline.php(144): Illuminate/Foundation/Http/Kernel->Illuminate/Foundation/Http/{closure}(Object(Illuminate/Http/Request))
#42 C:/laragon/www/kurikulum/vendor/laravel/framework/src/Illuminate/Foundation/Http/Middleware/TransformsRequest.php(21): Illuminate/Pipeline/Pipeline->Illuminate/Pipeline/{closure}(Object(Illuminate/Http/Request))
#43 C:/laragon/www/kurikulum/vendor/laravel/framework/src/Illuminate/Foundation/Http/Middleware/ConvertEmptyStringsToNull.php(31): Illuminate/Foundation/Http/Middleware/TransformsRequest->handle(Object(Illuminate/Http/Request), Object(Closure))
#44 C:/laragon/www/kurikulum/vendor/laravel/framework/src/Illuminate/Pipeline/Pipeline.php(183): Illuminate/Foundation/Http/Middleware/ConvertEmptyStringsToNull->handle(Object(Illuminate/Http/Request), Object(Closure))
#45 C:/laragon/www/kurikulum/vendor/laravel/framework/src/Illuminate/Foundation/Http/Middleware/TransformsRequest.php(21): Illuminate/Pipeline/Pipeline->Illuminate/Pipeline/{closure}(Object(Illuminate/Http/Request))
#46 C:/laragon/www/kurikulum/vendor/laravel/framework/src/Illuminate/Foundation/Http/Middleware/TrimStrings.php(40): Illuminate/Foundation/Http/Middleware/TransformsRequest->handle(Object(Illuminate/Http/Request), Object(Closure))
#47 C:/laragon/www/kurikulum/vendor/laravel/framework/src/Illuminate/Pipeline/Pipeline.php(183): Illuminate/Foundation/Http/Middleware/TrimStrings->handle(Object(Illuminate/Http/Request), Object(Closure))
#48 C:/laragon/www/kurikulum/vendor/laravel/framework/src/Illuminate/Foundation/Http/Middleware/ValidatePostSize.php(27): Illuminate/Pipeline/Pipeline->Illuminate/Pipeline/{closure}(Object(Illuminate/Http/Request))
#49 C:/laragon/www/kurikulum/vendor/laravel/framework/src/Illuminate/Pipeline/Pipeline.php(183): Illuminate/Foundation/Http/Middleware/ValidatePostSize->handle(Object(Illuminate/Http/Request), Object(Closure))
#50 C:/laragon/www/kurikulum/vendor/laravel/framework/src/Illuminate/Foundation/Http/Middleware/PreventRequestsDuringMaintenance.php(99): Illuminate/Pipeline/Pipeline->Illuminate/Pipeline/{closure}(Object(Illuminate/Http/Request))
#51 C:/laragon/www/kurikulum/vendor/laravel/framework/src/Illuminate/Pipeline/Pipeline.php(183): Illuminate/Foundation/Http/Middleware/PreventRequestsDuringMaintenance->handle(Object(Illuminate/Http/Request), Object(Closure))
#52 C:/laragon/www/kurikulum/vendor/laravel/framework/src/Illuminate/Http/Middleware/HandleCors.php(49): Illuminate/Pipeline/Pipeline->Illuminate/Pipeline/{closure}(Object(Illuminate/Http/Request))
#53 C:/laragon/www/kurikulum/vendor/laravel/framework/src/Illuminate/Pipeline/Pipeline.php(183): Illuminate/Http/Middleware/HandleCors->handle(Object(Illuminate/Http/Request), Object(Closure))
#54 C:/laragon/www/kurikulum/vendor/laravel/framework/src/Illuminate/Http/Middleware/TrustProxies.php(39): Illuminate/Pipeline/Pipeline->Illuminate/Pipeline/{closure}(Object(Illuminate/Http/Request))
#55 C:/laragon/www/kurikulum/vendor/laravel/framework/src/Illuminate/Pipeline/Pipeline.php(183): Illuminate/Http/Middleware/TrustProxies->handle(Object(Illuminate/Http/Request), Object(Closure))
#56 C:/laragon/www/kurikulum/vendor/laravel/framework/src/Illuminate/Pipeline/Pipeline.php(119): Illuminate/Pipeline/Pipeline->Illuminate/Pipeline/{closure}(Object(Illuminate/Http/Request))
#57 C:/laragon/www/kurikulum/vendor/laravel/framework/src/Illuminate/Foundation/Http/Kernel.php(175): Illuminate/Pipeline/Pipeline->then(Object(Closure))
#58 C:/laragon/www/kurikulum/vendor/laravel/framework/src/Illuminate/Foundation/Http/Kernel.php(144): Illuminate/Foundation/Http/Kernel->sendRequestThroughRouter(Object(Illuminate/Http/Request))
#59 C:/laragon/www/kurikulum/public/index.php(18): Illuminate/Foundation/Http/Kernel->handle(Object(Illuminate/Http/Request))
#60 C:/laragon/www/kurikulum/vendor/laravel/framework/src/Illuminate/Foundation/resources/server.php(16): require_once('C://laragon//www//...')
#61 {main}
"} 
[2026-07-17 23:45:24] local.ERROR: SQLSTATE[42S22]: Column not found: 1054 Unknown column 'nama_tingkat' in 'order clause' (Connection: datacenter, SQL: select * from `tingkat_kelas` order by `nama_tingkat` asc) {"userId":1,"exception":"[object] (Illuminate\\Database\\QueryException(code: 42S22): SQLSTATE[42S22]: Column not found: 1054 Unknown column 'nama_tingkat' in 'order clause' (Connection: datacenter, SQL: select * from `tingkat_kelas` order by `nama_tingkat` asc) at C:/laragon/www/kurikulum/vendor/laravel/framework/src/Illuminate/Database/Connection.php:829)
[stacktrace]
#0 C:/laragon/www/kurikulum/vendor/laravel/framework/src/Illuminate/Database/Connection.php(783): Illuminate/Database/Connection->runQueryCallback('select * from `...', Array, Object(Closure))
#1 C:/laragon/www/kurikulum/vendor/laravel/framework/src/Illuminate/Database/Connection.php(414): Illuminate/Database/Connection->run('select * from `...', Array, Object(Closure))
#2 C:/laragon/www/kurikulum/vendor/laravel/framework/src/Illuminate/Database/Query/Builder.php(2913): Illuminate/Database/Connection->select('select * from `...', Array, true)
#3 C:/laragon/www/kurikulum/vendor/laravel/framework/src/Illuminate/Database/Query/Builder.php(2902): Illuminate/Database/Query/Builder->runSelect()
#4 C:/laragon/www/kurikulum/vendor/laravel/framework/src/Illuminate/Database/Query/Builder.php(3456): Illuminate/Database/Query/Builder->Illuminate/Database/Query/{closure}()
#5 C:/laragon/www/kurikulum/vendor/laravel/framework/src/Illuminate/Database/Query/Builder.php(2901): Illuminate/Database/Query/Builder->onceWithColumns(Array, Object(Closure))
#6 C:/laragon/www/kurikulum/vendor/laravel/framework/src/Illuminate/Database/Eloquent/Builder.php(739): Illuminate/Database/Query/Builder->get(Array)
#7 C:/laragon/www/kurikulum/vendor/laravel/framework/src/Illuminate/Database/Eloquent/Builder.php(723): Illuminate/Database/Eloquent/Builder->getModels(Array)
#8 C:/laragon/www/kurikulum/app/Http/Controllers/Crud/BaseCrudController.php(206): Illuminate/Database/Eloquent/Builder->get()
#9 C:/laragon/www/kurikulum/app/Http/Controllers/Crud/BaseCrudController.php(124): App/Http/Controllers/Crud/BaseCrudController->resolveFieldOptions(Array)
#10 C:/laragon/www/kurikulum/vendor/laravel/framework/src/Illuminate/Routing/Controller.php(54): App/Http/Controllers/Crud/BaseCrudController->create()
#11 C:/laragon/www/kurikulum/vendor/laravel/framework/src/Illuminate/Routing/ControllerDispatcher.php(43): Illuminate/Routing/Controller->callAction('create', Array)
#12 C:/laragon/www/kurikulum/vendor/laravel/framework/src/Illuminate/Routing/Route.php(259): Illuminate/Routing/ControllerDispatcher->dispatch(Object(Illuminate/Routing/Route), Object(App/Http/Controllers/Kurikulum/AlokasiJamMapelController), 'create')
#13 C:/laragon/www/kurikulum/vendor/laravel/framework/src/Illuminate/Routing/Route.php(205): Illuminate/Routing/Route->runController()
#14 C:/laragon/www/kurikulum/vendor/laravel/framework/src/Illuminate/Routing/Router.php(806): Illuminate/Routing/Route->run()
#15 C:/laragon/www/kurikulum/vendor/laravel/framework/src/Illuminate/Pipeline/Pipeline.php(144): Illuminate/Routing/Router->Illuminate/Routing/{closure}(Object(Illuminate/Http/Request))
#16 C:/laragon/www/kurikulum/app/Http/Middleware/EnsureUserHasRole.php(23): Illuminate/Pipeline/Pipeline->Illuminate/Pipeline/{closure}(Object(Illuminate/Http/Request))
#17 C:/laragon/www/kurikulum/vendor/laravel/framework/src/Illuminate/Pipeline/Pipeline.php(183): App/Http/Middleware/EnsureUserHasRole->handle(Object(Illuminate/Http/Request), Object(Closure), 'admin', 'guru')
#18 C:/laragon/www/kurikulum/vendor/laravel/framework/src/Illuminate/Routing/Middleware/SubstituteBindings.php(50): Illuminate/Pipeline/Pipeline->Illuminate/Pipeline/{closure}(Object(Illuminate/Http/Request))
#19 C:/laragon/www/kurikulum/vendor/laravel/framework/src/Illuminate/Pipeline/Pipeline.php(183): Illuminate/Routing/Middleware/SubstituteBindings->handle(Object(Illuminate/Http/Request), Object(Closure))
#20 C:/laragon/www/kurikulum/vendor/laravel/framework/src/Illuminate/Auth/Middleware/Authenticate.php(57): Illuminate/Pipeline/Pipeline->Illuminate/Pipeline/{closure}(Object(Illuminate/Http/Request))
#21 C:/laragon/www/kurikulum/vendor/laravel/framework/src/Illuminate/Pipeline/Pipeline.php(183): Illuminate/Auth/Middleware/Authenticate->handle(Object(Illuminate/Http/Request), Object(Closure))
#22 C:/laragon/www/kurikulum/vendor/laravel/framework/src/Illuminate/Foundation/Http/Middleware/VerifyCsrfToken.php(78): Illuminate/Pipeline/Pipeline->Illuminate/Pipeline/{closure}(Object(Illuminate/Http/Request))
#23 C:/laragon/www/kurikulum/vendor/laravel/framework/src/Illuminate/Pipeline/Pipeline.php(183): Illuminate/Foundation/Http/Middleware/VerifyCsrfToken->handle(Object(Illuminate/Http/Request), Object(Closure))
#24 C:/laragon/www/kurikulum/vendor/laravel/framework/src/Illuminate/View/Middleware/ShareErrorsFromSession.php(49): Illuminate/Pipeline/Pipeline->Illuminate/Pipeline/{closure}(Object(Illuminate/Http/Request))
#25 C:/laragon/www/kurikulum/vendor/laravel/framework/src/Illuminate/Pipeline/Pipeline.php(183): Illuminate/View/Middleware/ShareErrorsFromSession->handle(Object(Illuminate/Http/Request), Object(Closure))
#26 C:/laragon/www/kurikulum/vendor/laravel/framework/src/Illuminate/Session/Middleware/StartSession.php(121): Illuminate/Pipeline/Pipeline->Illuminate/Pipeline/{closure}(Object(Illuminate/Http/Request))
#27 C:/laragon/www/kurikulum/vendor/laravel/framework/src/Illuminate/Session/Middleware/StartSession.php(64): Illuminate/Session/Middleware/StartSession->handleStatefulRequest(Object(Illuminate/Http/Request), Object(Illuminate/Session/Store), Object(Closure))
#28 C:/laragon/www/kurikulum/vendor/laravel/framework/src/Illuminate/Pipeline/Pipeline.php(183): Illuminate/Session/Middleware/StartSession->handle(Object(Illuminate/Http/Request), Object(Closure))
#29 C:/laragon/www/kurikulum/vendor/laravel/framework/src/Illuminate/Cookie/Middleware/AddQueuedCookiesToResponse.php(37): Illuminate/Pipeline/Pipeline->Illuminate/Pipeline/{closure}(Object(Illuminate/Http/Request))
#30 C:/laragon/www/kurikulum/vendor/laravel/framework/src/Illuminate/Pipeline/Pipeline.php(183): Illuminate/Cookie/Middleware/AddQueuedCookiesToResponse->handle(Object(Illuminate/Http/Request), Object(Closure))
#31 C:/laragon/www/kurikulum/vendor/laravel/framework/src/Illuminate/Cookie/Middleware/EncryptCookies.php(67): Illuminate/Pipeline/Pipeline->Illuminate/Pipeline/{closure}(Object(Illuminate/Http/Request))
#32 C:/laragon/www/kurikulum/vendor/laravel/framework/src/Illuminate/Pipeline/Pipeline.php(183): Illuminate/Cookie/Middleware/EncryptCookies->handle(Object(Illuminate/Http/Request), Object(Closure))
#33 C:/laragon/www/kurikulum/vendor/laravel/framework/src/Illuminate/Pipeline/Pipeline.php(119): Illuminate/Pipeline/Pipeline->Illuminate/Pipeline/{closure}(Object(Illuminate/Http/Request))
#34 C:/laragon/www/kurikulum/vendor/laravel/framework/src/Illuminate/Routing/Router.php(805): Illuminate/Pipeline/Pipeline->then(Object(Closure))
#35 C:/laragon/www/kurikulum/vendor/laravel/framework/src/Illuminate/Routing/Router.php(784): Illuminate/Routing/Router->runRouteWithinStack(Object(Illuminate/Routing/Route), Object(Illuminate/Http/Request))
#36 C:/laragon/www/kurikulum/vendor/laravel/framework/src/Illuminate/Routing/Router.php(748): Illuminate/Routing/Router->runRoute(Object(Illuminate/Http/Request), Object(Illuminate/Routing/Route))
#37 C:/laragon/www/kurikulum/vendor/laravel/framework/src/Illuminate/Routing/Router.php(737): Illuminate/Routing/Router->dispatchToRoute(Object(Illuminate/Http/Request))
#38 C:/laragon/www/kurikulum/vendor/laravel/framework/src/Illuminate/Foundation/Http/Kernel.php(200): Illuminate/Routing/Router->dispatch(Object(Illuminate/Http/Request))
#39 C:/laragon/www/kurikulum/vendor/laravel/framework/src/Illuminate/Pipeline/Pipeline.php(144): Illuminate/Foundation/Http/Kernel->Illuminate/Foundation/Http/{closure}(Object(Illuminate/Http/Request))
#40 C:/laragon/www/kurikulum/vendor/laravel/framework/src/Illuminate/Foundation/Http/Middleware/TransformsRequest.php(21): Illuminate/Pipeline/Pipeline->Illuminate/Pipeline/{closure}(Object(Illuminate/Http/Request))
#41 C:/laragon/www/kurikulum/vendor/laravel/framework/src/Illuminate/Foundation/Http/Middleware/ConvertEmptyStringsToNull.php(31): Illuminate/Foundation/Http/Middleware/TransformsRequest->handle(Object(Illuminate/Http/Request), Object(Closure))
#42 C:/laragon/www/kurikulum/vendor/laravel/framework/src/Illuminate/Pipeline/Pipeline.php(183): Illuminate/Foundation/Http/Middleware/ConvertEmptyStringsToNull->handle(Object(Illuminate/Http/Request), Object(Closure))
#43 C:/laragon/www/kurikulum/vendor/laravel/framework/src/Illuminate/Foundation/Http/Middleware/TransformsRequest.php(21): Illuminate/Pipeline/Pipeline->Illuminate/Pipeline/{closure}(Object(Illuminate/Http/Request))
#44 C:/laragon/www/kurikulum/vendor/laravel/framework/src/Illuminate/Foundation/Http/Middleware/TrimStrings.php(40): Illuminate/Foundation/Http/Middleware/TransformsRequest->handle(Object(Illuminate/Http/Request), Object(Closure))
#45 C:/laragon/www/kurikulum/vendor/laravel/framework/src/Illuminate/Pipeline/Pipeline.php(183): Illuminate/Foundation/Http/Middleware/TrimStrings->handle(Object(Illuminate/Http/Request), Object(Closure))
#46 C:/laragon/www/kurikulum/vendor/laravel/framework/src/Illuminate/Foundation/Http/Middleware/ValidatePostSize.php(27): Illuminate/Pipeline/Pipeline->Illuminate/Pipeline/{closure}(Object(Illuminate/Http/Request))
#47 C:/laragon/www/kurikulum/vendor/laravel/framework/src/Illuminate/Pipeline/Pipeline.php(183): Illuminate/Foundation/Http/Middleware/ValidatePostSize->handle(Object(Illuminate/Http/Request), Object(Closure))
#48 C:/laragon/www/kurikulum/vendor/laravel/framework/src/Illuminate/Foundation/Http/Middleware/PreventRequestsDuringMaintenance.php(99): Illuminate/Pipeline/Pipeline->Illuminate/Pipeline/{closure}(Object(Illuminate/Http/Request))
#49 C:/laragon/www/kurikulum/vendor/laravel/framework/src/Illuminate/Pipeline/Pipeline.php(183): Illuminate/Foundation/Http/Middleware/PreventRequestsDuringMaintenance->handle(Object(Illuminate/Http/Request), Object(Closure))
#50 C:/laragon/www/kurikulum/vendor/laravel/framework/src/Illuminate/Http/Middleware/HandleCors.php(49): Illuminate/Pipeline/Pipeline->Illuminate/Pipeline/{closure}(Object(Illuminate/Http/Request))
#51 C:/laragon/www/kurikulum/vendor/laravel/framework/src/Illuminate/Pipeline/Pipeline.php(183): Illuminate/Http/Middleware/HandleCors->handle(Object(Illuminate/Http/Request), Object(Closure))
#52 C:/laragon/www/kurikulum/vendor/laravel/framework/src/Illuminate/Http/Middleware/TrustProxies.php(39): Illuminate/Pipeline/Pipeline->Illuminate/Pipeline/{closure}(Object(Illuminate/Http/Request))
#53 C:/laragon/www/kurikulum/vendor/laravel/framework/src/Illuminate/Pipeline/Pipeline.php(183): Illuminate/Http/Middleware/TrustProxies->handle(Object(Illuminate/Http/Request), Object(Closure))
#54 C:/laragon/www/kurikulum/vendor/laravel/framework/src/Illuminate/Pipeline/Pipeline.php(119): Illuminate/Pipeline/Pipeline->Illuminate/Pipeline/{closure}(Object(Illuminate/Http/Request))
#55 C:/laragon/www/kurikulum/vendor/laravel/framework/src/Illuminate/Foundation/Http/Kernel.php(175): Illuminate/Pipeline/Pipeline->then(Object(Closure))
#56 C:/laragon/www/kurikulum/vendor/laravel/framework/src/Illuminate/Foundation/Http/Kernel.php(144): Illuminate/Foundation/Http/Kernel->sendRequestThroughRouter(Object(Illuminate/Http/Request))
#57 C:/laragon/www/kurikulum/public/index.php(18): Illuminate/Foundation/Http/Kernel->handle(Object(Illuminate/Http/Request))
#58 C:/laragon/www/kurikulum/vendor/laravel/framework/src/Illuminate/Foundation/resources/server.php(16): require_once('C://laragon//www//...')
#59 {main}

[previous exception] [object] (PDOException(code: 42S22): SQLSTATE[42S22]: Column not found: 1054 Unknown column 'nama_tingkat' in 'order clause' at C:/laragon/www/kurikulum/vendor/laravel/framework/src/Illuminate/Database/Connection.php:423)
[stacktrace]
#0 C:/laragon/www/kurikulum/vendor/laravel/framework/src/Illuminate/Database/Connection.php(423): PDO->prepare('select * from `...')
#1 C:/laragon/www/kurikulum/vendor/laravel/framework/src/Illuminate/Database/Connection.php(816): Illuminate/Database/Connection->Illuminate/Database/{closure}('select * from `...', Array)
#2 C:/laragon/www/kurikulum/vendor/laravel/framework/src/Illuminate/Database/Connection.php(783): Illuminate/Database/Connection->runQueryCallback('select * from `...', Array, Object(Closure))
#3 C:/laragon/www/kurikulum/vendor/laravel/framework/src/Illuminate/Database/Connection.php(414): Illuminate/Database/Connection->run('select * from `...', Array, Object(Closure))
#4 C:/laragon/www/kurikulum/vendor/laravel/framework/src/Illuminate/Database/Query/Builder.php(2913): Illuminate/Database/Connection->select('select * from `...', Array, true)
#5 C:/laragon/www/kurikulum/vendor/laravel/framework/src/Illuminate/Database/Query/Builder.php(2902): Illuminate/Database/Query/Builder->runSelect()
#6 C:/laragon/www/kurikulum/vendor/laravel/framework/src/Illuminate/Database/Query/Builder.php(3456): Illuminate/Database/Query/Builder->Illuminate/Database/Query/{closure}()
#7 C:/laragon/www/kurikulum/vendor/laravel/framework/src/Illuminate/Database/Query/Builder.php(2901): Illuminate/Database/Query/Builder->onceWithColumns(Array, Object(Closure))
#8 C:/laragon/www/kurikulum/vendor/laravel/framework/src/Illuminate/Database/Eloquent/Builder.php(739): Illuminate/Database/Query/Builder->get(Array)
#9 C:/laragon/www/kurikulum/vendor/laravel/framework/src/Illuminate/Database/Eloquent/Builder.php(723): Illuminate/Database/Eloquent/Builder->getModels(Array)
#10 C:/laragon/www/kurikulum/app/Http/Controllers/Crud/BaseCrudController.php(206): Illuminate/Database/Eloquent/Builder->get()
#11 C:/laragon/www/kurikulum/app/Http/Controllers/Crud/BaseCrudController.php(124): App/Http/Controllers/Crud/BaseCrudController->resolveFieldOptions(Array)
#12 C:/laragon/www/kurikulum/vendor/laravel/framework/src/Illuminate/Routing/Controller.php(54): App/Http/Controllers/Crud/BaseCrudController->create()
#13 C:/laragon/www/kurikulum/vendor/laravel/framework/src/Illuminate/Routing/ControllerDispatcher.php(43): Illuminate/Routing/Controller->callAction('create', Array)
#14 C:/laragon/www/kurikulum/vendor/laravel/framework/src/Illuminate/Routing/Route.php(259): Illuminate/Routing/ControllerDispatcher->dispatch(Object(Illuminate/Routing/Route), Object(App/Http/Controllers/Kurikulum/AlokasiJamMapelController), 'create')
#15 C:/laragon/www/kurikulum/vendor/laravel/framework/src/Illuminate/Routing/Route.php(205): Illuminate/Routing/Route->runController()
#16 C:/laragon/www/kurikulum/vendor/laravel/framework/src/Illuminate/Routing/Router.php(806): Illuminate/Routing/Route->run()
#17 C:/laragon/www/kurikulum/vendor/laravel/framework/src/Illuminate/Pipeline/Pipeline.php(144): Illuminate/Routing/Router->Illuminate/Routing/{closure}(Object(Illuminate/Http/Request))
#18 C:/laragon/www/kurikulum/app/Http/Middleware/EnsureUserHasRole.php(23): Illuminate/Pipeline/Pipeline->Illuminate/Pipeline/{closure}(Object(Illuminate/Http/Request))
#19 C:/laragon/www/kurikulum/vendor/laravel/framework/src/Illuminate/Pipeline/Pipeline.php(183): App/Http/Middleware/EnsureUserHasRole->handle(Object(Illuminate/Http/Request), Object(Closure), 'admin', 'guru')
#20 C:/laragon/www/kurikulum/vendor/laravel/framework/src/Illuminate/Routing/Middleware/SubstituteBindings.php(50): Illuminate/Pipeline/Pipeline->Illuminate/Pipeline/{closure}(Object(Illuminate/Http/Request))
#21 C:/laragon/www/kurikulum/vendor/laravel/framework/src/Illuminate/Pipeline/Pipeline.php(183): Illuminate/Routing/Middleware/SubstituteBindings->handle(Object(Illuminate/Http/Request), Object(Closure))
#22 C:/laragon/www/kurikulum/vendor/laravel/framework/src/Illuminate/Auth/Middleware/Authenticate.php(57): Illuminate/Pipeline/Pipeline->Illuminate/Pipeline/{closure}(Object(Illuminate/Http/Request))
#23 C:/laragon/www/kurikulum/vendor/laravel/framework/src/Illuminate/Pipeline/Pipeline.php(183): Illuminate/Auth/Middleware/Authenticate->handle(Object(Illuminate/Http/Request), Object(Closure))
#24 C:/laragon/www/kurikulum/vendor/laravel/framework/src/Illuminate/Foundation/Http/Middleware/VerifyCsrfToken.php(78): Illuminate/Pipeline/Pipeline->Illuminate/Pipeline/{closure}(Object(Illuminate/Http/Request))
#25 C:/laragon/www/kurikulum/vendor/laravel/framework/src/Illuminate/Pipeline/Pipeline.php(183): Illuminate/Foundation/Http/Middleware/VerifyCsrfToken->handle(Object(Illuminate/Http/Request), Object(Closure))
#26 C:/laragon/www/kurikulum/vendor/laravel/framework/src/Illuminate/View/Middleware/ShareErrorsFromSession.php(49): Illuminate/Pipeline/Pipeline->Illuminate/Pipeline/{closure}(Object(Illuminate/Http/Request))
#27 C:/laragon/www/kurikulum/vendor/laravel/framework/src/Illuminate/Pipeline/Pipeline.php(183): Illuminate/View/Middleware/ShareErrorsFromSession->handle(Object(Illuminate/Http/Request), Object(Closure))
#28 C:/laragon/www/kurikulum/vendor/laravel/framework/src/Illuminate/Session/Middleware/StartSession.php(121): Illuminate/Pipeline/Pipeline->Illuminate/Pipeline/{closure}(Object(Illuminate/Http/Request))
#29 C:/laragon/www/kurikulum/vendor/laravel/framework/src/Illuminate/Session/Middleware/StartSession.php(64): Illuminate/Session/Middleware/StartSession->handleStatefulRequest(Object(Illuminate/Http/Request), Object(Illuminate/Session/Store), Object(Closure))
#30 C:/laragon/www/kurikulum/vendor/laravel/framework/src/Illuminate/Pipeline/Pipeline.php(183): Illuminate/Session/Middleware/StartSession->handle(Object(Illuminate/Http/Request), Object(Closure))
#31 C:/laragon/www/kurikulum/vendor/laravel/framework/src/Illuminate/Cookie/Middleware/AddQueuedCookiesToResponse.php(37): Illuminate/Pipeline/Pipeline->Illuminate/Pipeline/{closure}(Object(Illuminate/Http/Request))
#32 C:/laragon/www/kurikulum/vendor/laravel/framework/src/Illuminate/Pipeline/Pipeline.php(183): Illuminate/Cookie/Middleware/AddQueuedCookiesToResponse->handle(Object(Illuminate/Http/Request), Object(Closure))
#33 C:/laragon/www/kurikulum/vendor/laravel/framework/src/Illuminate/Cookie/Middleware/EncryptCookies.php(67): Illuminate/Pipeline/Pipeline->Illuminate/Pipeline/{closure}(Object(Illuminate/Http/Request))
#34 C:/laragon/www/kurikulum/vendor/laravel/framework/src/Illuminate/Pipeline/Pipeline.php(183): Illuminate/Cookie/Middleware/EncryptCookies->handle(Object(Illuminate/Http/Request), Object(Closure))
#35 C:/laragon/www/kurikulum/vendor/laravel/framework/src/Illuminate/Pipeline/Pipeline.php(119): Illuminate/Pipeline/Pipeline->Illuminate/Pipeline/{closure}(Object(Illuminate/Http/Request))
#36 C:/laragon/www/kurikulum/vendor/laravel/framework/src/Illuminate/Routing/Router.php(805): Illuminate/Pipeline/Pipeline->then(Object(Closure))
#37 C:/laragon/www/kurikulum/vendor/laravel/framework/src/Illuminate/Routing/Router.php(784): Illuminate/Routing/Router->runRouteWithinStack(Object(Illuminate/Routing/Route), Object(Illuminate/Http/Request))
#38 C:/laragon/www/kurikulum/vendor/laravel/framework/src/Illuminate/Routing/Router.php(748): Illuminate/Routing/Router->runRoute(Object(Illuminate/Http/Request), Object(Illuminate/Routing/Route))
#39 C:/laragon/www/kurikulum/vendor/laravel/framework/src/Illuminate/Routing/Router.php(737): Illuminate/Routing/Router->dispatchToRoute(Object(Illuminate/Http/Request))
#40 C:/laragon/www/kurikulum/vendor/laravel/framework/src/Illuminate/Foundation/Http/Kernel.php(200): Illuminate/Routing/Router->dispatch(Object(Illuminate/Http/Request))
#41 C:/laragon/www/kurikulum/vendor/laravel/framework/src/Illuminate/Pipeline/Pipeline.php(144): Illuminate/Foundation/Http/Kernel->Illuminate/Foundation/Http/{closure}(Object(Illuminate/Http/Request))
#42 C:/laragon/www/kurikulum/vendor/laravel/framework/src/Illuminate/Foundation/Http/Middleware/TransformsRequest.php(21): Illuminate/Pipeline/Pipeline->Illuminate/Pipeline/{closure}(Object(Illuminate/Http/Request))
#43 C:/laragon/www/kurikulum/vendor/laravel/framework/src/Illuminate/Foundation/Http/Middleware/ConvertEmptyStringsToNull.php(31): Illuminate/Foundation/Http/Middleware/TransformsRequest->handle(Object(Illuminate/Http/Request), Object(Closure))
#44 C:/laragon/www/kurikulum/vendor/laravel/framework/src/Illuminate/Pipeline/Pipeline.php(183): Illuminate/Foundation/Http/Middleware/ConvertEmptyStringsToNull->handle(Object(Illuminate/Http/Request), Object(Closure))
#45 C:/laragon/www/kurikulum/vendor/laravel/framework/src/Illuminate/Foundation/Http/Middleware/TransformsRequest.php(21): Illuminate/Pipeline/Pipeline->Illuminate/Pipeline/{closure}(Object(Illuminate/Http/Request))
#46 C:/laragon/www/kurikulum/vendor/laravel/framework/src/Illuminate/Foundation/Http/Middleware/TrimStrings.php(40): Illuminate/Foundation/Http/Middleware/TransformsRequest->handle(Object(Illuminate/Http/Request), Object(Closure))
#47 C:/laragon/www/kurikulum/vendor/laravel/framework/src/Illuminate/Pipeline/Pipeline.php(183): Illuminate/Foundation/Http/Middleware/TrimStrings->handle(Object(Illuminate/Http/Request), Object(Closure))
#48 C:/laragon/www/kurikulum/vendor/laravel/framework/src/Illuminate/Foundation/Http/Middleware/ValidatePostSize.php(27): Illuminate/Pipeline/Pipeline->Illuminate/Pipeline/{closure}(Object(Illuminate/Http/Request))
#49 C:/laragon/www/kurikulum/vendor/laravel/framework/src/Illuminate/Pipeline/Pipeline.php(183): Illuminate/Foundation/Http/Middleware/ValidatePostSize->handle(Object(Illuminate/Http/Request), Object(Closure))
#50 C:/laragon/www/kurikulum/vendor/laravel/framework/src/Illuminate/Foundation/Http/Middleware/PreventRequestsDuringMaintenance.php(99): Illuminate/Pipeline/Pipeline->Illuminate/Pipeline/{closure}(Object(Illuminate/Http/Request))
#51 C:/laragon/www/kurikulum/vendor/laravel/framework/src/Illuminate/Pipeline/Pipeline.php(183): Illuminate/Foundation/Http/Middleware/PreventRequestsDuringMaintenance->handle(Object(Illuminate/Http/Request), Object(Closure))
#52 C:/laragon/www/kurikulum/vendor/laravel/framework/src/Illuminate/Http/Middleware/HandleCors.php(49): Illuminate/Pipeline/Pipeline->Illuminate/Pipeline/{closure}(Object(Illuminate/Http/Request))
#53 C:/laragon/www/kurikulum/vendor/laravel/framework/src/Illuminate/Pipeline/Pipeline.php(183): Illuminate/Http/Middleware/HandleCors->handle(Object(Illuminate/Http/Request), Object(Closure))
#54 C:/laragon/www/kurikulum/vendor/laravel/framework/src/Illuminate/Http/Middleware/TrustProxies.php(39): Illuminate/Pipeline/Pipeline->Illuminate/Pipeline/{closure}(Object(Illuminate/Http/Request))
#55 C:/laragon/www/kurikulum/vendor/laravel/framework/src/Illuminate/Pipeline/Pipeline.php(183): Illuminate/Http/Middleware/TrustProxies->handle(Object(Illuminate/Http/Request), Object(Closure))
#56 C:/laragon/www/kurikulum/vendor/laravel/framework/src/Illuminate/Pipeline/Pipeline.php(119): Illuminate/Pipeline/Pipeline->Illuminate/Pipeline/{closure}(Object(Illuminate/Http/Request))
#57 C:/laragon/www/kurikulum/vendor/laravel/framework/src/Illuminate/Foundation/Http/Kernel.php(175): Illuminate/Pipeline/Pipeline->then(Object(Closure))
#58 C:/laragon/www/kurikulum/vendor/laravel/framework/src/Illuminate/Foundation/Http/Kernel.php(144): Illuminate/Foundation/Http/Kernel->sendRequestThroughRouter(Object(Illuminate/Http/Request))
#59 C:/laragon/www/kurikulum/public/index.php(18): Illuminate/Foundation/Http/Kernel->handle(Object(Illuminate/Http/Request))
#60 C:/laragon/www/kurikulum/vendor/laravel/framework/src/Illuminate/Foundation/resources/server.php(16): require_once('C://laragon//www//...')
#61 {main}
"} 
[2026-07-17 23:52:38] local.ERROR: SQLSTATE[42S22]: Column not found: 1054 Unknown column 'nama_tingkat' in 'order clause' (Connection: datacenter, SQL: select * from `tingkat_kelas` order by `nama_tingkat` asc) {"userId":1,"exception":"[object] (Illuminate\\Database\\QueryException(code: 42S22): SQLSTATE[42S22]: Column not found: 1054 Unknown column 'nama_tingkat' in 'order clause' (Connection: datacenter, SQL: select * from `tingkat_kelas` order by `nama_tingkat` asc) at C:/laragon/www/kurikulum/vendor/laravel/framework/src/Illuminate/Database/Connection.php:829)
[stacktrace]
#0 C:/laragon/www/kurikulum/vendor/laravel/framework/src/Illuminate/Database/Connection.php(783): Illuminate/Database/Connection->runQueryCallback('select * from `...', Array, Object(Closure))
#1 C:/laragon/www/kurikulum/vendor/laravel/framework/src/Illuminate/Database/Connection.php(414): Illuminate/Database/Connection->run('select * from `...', Array, Object(Closure))
#2 C:/laragon/www/kurikulum/vendor/laravel/framework/src/Illuminate/Database/Query/Builder.php(2913): Illuminate/Database/Connection->select('select * from `...', Array, true)
#3 C:/laragon/www/kurikulum/vendor/laravel/framework/src/Illuminate/Database/Query/Builder.php(2902): Illuminate/Database/Query/Builder->runSelect()
#4 C:/laragon/www/kurikulum/vendor/laravel/framework/src/Illuminate/Database/Query/Builder.php(3456): Illuminate/Database/Query/Builder->Illuminate/Database/Query/{closure}()
#5 C:/laragon/www/kurikulum/vendor/laravel/framework/src/Illuminate/Database/Query/Builder.php(2901): Illuminate/Database/Query/Builder->onceWithColumns(Array, Object(Closure))
#6 C:/laragon/www/kurikulum/vendor/laravel/framework/src/Illuminate/Database/Eloquent/Builder.php(739): Illuminate/Database/Query/Builder->get(Array)
#7 C:/laragon/www/kurikulum/vendor/laravel/framework/src/Illuminate/Database/Eloquent/Builder.php(723): Illuminate/Database/Eloquent/Builder->getModels(Array)
#8 C:/laragon/www/kurikulum/app/Http/Controllers/Crud/BaseCrudController.php(206): Illuminate/Database/Eloquent/Builder->get()
#9 C:/laragon/www/kurikulum/app/Http/Controllers/Crud/BaseCrudController.php(124): App/Http/Controllers/Crud/BaseCrudController->resolveFieldOptions(Array)
#10 C:/laragon/www/kurikulum/vendor/laravel/framework/src/Illuminate/Routing/Controller.php(54): App/Http/Controllers/Crud/BaseCrudController->create()
#11 C:/laragon/www/kurikulum/vendor/laravel/framework/src/Illuminate/Routing/ControllerDispatcher.php(43): Illuminate/Routing/Controller->callAction('create', Array)
#12 C:/laragon/www/kurikulum/vendor/laravel/framework/src/Illuminate/Routing/Route.php(259): Illuminate/Routing/ControllerDispatcher->dispatch(Object(Illuminate/Routing/Route), Object(App/Http/Controllers/Kurikulum/AlokasiJamMapelController), 'create')
#13 C:/laragon/www/kurikulum/vendor/laravel/framework/src/Illuminate/Routing/Route.php(205): Illuminate/Routing/Route->runController()
#14 C:/laragon/www/kurikulum/vendor/laravel/framework/src/Illuminate/Routing/Router.php(806): Illuminate/Routing/Route->run()
#15 C:/laragon/www/kurikulum/vendor/laravel/framework/src/Illuminate/Pipeline/Pipeline.php(144): Illuminate/Routing/Router->Illuminate/Routing/{closure}(Object(Illuminate/Http/Request))
#16 C:/laragon/www/kurikulum/app/Http/Middleware/EnsureUserHasRole.php(23): Illuminate/Pipeline/Pipeline->Illuminate/Pipeline/{closure}(Object(Illuminate/Http/Request))
#17 C:/laragon/www/kurikulum/vendor/laravel/framework/src/Illuminate/Pipeline/Pipeline.php(183): App/Http/Middleware/EnsureUserHasRole->handle(Object(Illuminate/Http/Request), Object(Closure), 'admin', 'guru')
#18 C:/laragon/www/kurikulum/vendor/laravel/framework/src/Illuminate/Routing/Middleware/SubstituteBindings.php(50): Illuminate/Pipeline/Pipeline->Illuminate/Pipeline/{closure}(Object(Illuminate/Http/Request))
#19 C:/laragon/www/kurikulum/vendor/laravel/framework/src/Illuminate/Pipeline/Pipeline.php(183): Illuminate/Routing/Middleware/SubstituteBindings->handle(Object(Illuminate/Http/Request), Object(Closure))
#20 C:/laragon/www/kurikulum/vendor/laravel/framework/src/Illuminate/Auth/Middleware/Authenticate.php(57): Illuminate/Pipeline/Pipeline->Illuminate/Pipeline/{closure}(Object(Illuminate/Http/Request))
#21 C:/laragon/www/kurikulum/vendor/laravel/framework/src/Illuminate/Pipeline/Pipeline.php(183): Illuminate/Auth/Middleware/Authenticate->handle(Object(Illuminate/Http/Request), Object(Closure))
#22 C:/laragon/www/kurikulum/vendor/laravel/framework/src/Illuminate/Foundation/Http/Middleware/VerifyCsrfToken.php(78): Illuminate/Pipeline/Pipeline->Illuminate/Pipeline/{closure}(Object(Illuminate/Http/Request))
#23 C:/laragon/www/kurikulum/vendor/laravel/framework/src/Illuminate/Pipeline/Pipeline.php(183): Illuminate/Foundation/Http/Middleware/VerifyCsrfToken->handle(Object(Illuminate/Http/Request), Object(Closure))
#24 C:/laragon/www/kurikulum/vendor/laravel/framework/src/Illuminate/View/Middleware/ShareErrorsFromSession.php(49): Illuminate/Pipeline/Pipeline->Illuminate/Pipeline/{closure}(Object(Illuminate/Http/Request))
#25 C:/laragon/www/kurikulum/vendor/laravel/framework/src/Illuminate/Pipeline/Pipeline.php(183): Illuminate/View/Middleware/ShareErrorsFromSession->handle(Object(Illuminate/Http/Request), Object(Closure))
#26 C:/laragon/www/kurikulum/vendor/laravel/framework/src/Illuminate/Session/Middleware/StartSession.php(121): Illuminate/Pipeline/Pipeline->Illuminate/Pipeline/{closure}(Object(Illuminate/Http/Request))
#27 C:/laragon/www/kurikulum/vendor/laravel/framework/src/Illuminate/Session/Middleware/StartSession.php(64): Illuminate/Session/Middleware/StartSession->handleStatefulRequest(Object(Illuminate/Http/Request), Object(Illuminate/Session/Store), Object(Closure))
#28 C:/laragon/www/kurikulum/vendor/laravel/framework/src/Illuminate/Pipeline/Pipeline.php(183): Illuminate/Session/Middleware/StartSession->handle(Object(Illuminate/Http/Request), Object(Closure))
#29 C:/laragon/www/kurikulum/vendor/laravel/framework/src/Illuminate/Cookie/Middleware/AddQueuedCookiesToResponse.php(37): Illuminate/Pipeline/Pipeline->Illuminate/Pipeline/{closure}(Object(Illuminate/Http/Request))
#30 C:/laragon/www/kurikulum/vendor/laravel/framework/src/Illuminate/Pipeline/Pipeline.php(183): Illuminate/Cookie/Middleware/AddQueuedCookiesToResponse->handle(Object(Illuminate/Http/Request), Object(Closure))
#31 C:/laragon/www/kurikulum/vendor/laravel/framework/src/Illuminate/Cookie/Middleware/EncryptCookies.php(67): Illuminate/Pipeline/Pipeline->Illuminate/Pipeline/{closure}(Object(Illuminate/Http/Request))
#32 C:/laragon/www/kurikulum/vendor/laravel/framework/src/Illuminate/Pipeline/Pipeline.php(183): Illuminate/Cookie/Middleware/EncryptCookies->handle(Object(Illuminate/Http/Request), Object(Closure))
#33 C:/laragon/www/kurikulum/vendor/laravel/framework/src/Illuminate/Pipeline/Pipeline.php(119): Illuminate/Pipeline/Pipeline->Illuminate/Pipeline/{closure}(Object(Illuminate/Http/Request))
#34 C:/laragon/www/kurikulum/vendor/laravel/framework/src/Illuminate/Routing/Router.php(805): Illuminate/Pipeline/Pipeline->then(Object(Closure))
#35 C:/laragon/www/kurikulum/vendor/laravel/framework/src/Illuminate/Routing/Router.php(784): Illuminate/Routing/Router->runRouteWithinStack(Object(Illuminate/Routing/Route), Object(Illuminate/Http/Request))
#36 C:/laragon/www/kurikulum/vendor/laravel/framework/src/Illuminate/Routing/Router.php(748): Illuminate/Routing/Router->runRoute(Object(Illuminate/Http/Request), Object(Illuminate/Routing/Route))
#37 C:/laragon/www/kurikulum/vendor/laravel/framework/src/Illuminate/Routing/Router.php(737): Illuminate/Routing/Router->dispatchToRoute(Object(Illuminate/Http/Request))
#38 C:/laragon/www/kurikulum/vendor/laravel/framework/src/Illuminate/Foundation/Http/Kernel.php(200): Illuminate/Routing/Router->dispatch(Object(Illuminate/Http/Request))
#39 C:/laragon/www/kurikulum/vendor/laravel/framework/src/Illuminate/Pipeline/Pipeline.php(144): Illuminate/Foundation/Http/Kernel->Illuminate/Foundation/Http/{closure}(Object(Illuminate/Http/Request))
#40 C:/laragon/www/kurikulum/vendor/laravel/framework/src/Illuminate/Foundation/Http/Middleware/TransformsRequest.php(21): Illuminate/Pipeline/Pipeline->Illuminate/Pipeline/{closure}(Object(Illuminate/Http/Request))
#41 C:/laragon/www/kurikulum/vendor/laravel/framework/src/Illuminate/Foundation/Http/Middleware/ConvertEmptyStringsToNull.php(31): Illuminate/Foundation/Http/Middleware/TransformsRequest->handle(Object(Illuminate/Http/Request), Object(Closure))
#42 C:/laragon/www/kurikulum/vendor/laravel/framework/src/Illuminate/Pipeline/Pipeline.php(183): Illuminate/Foundation/Http/Middleware/ConvertEmptyStringsToNull->handle(Object(Illuminate/Http/Request), Object(Closure))
#43 C:/laragon/www/kurikulum/vendor/laravel/framework/src/Illuminate/Foundation/Http/Middleware/TransformsRequest.php(21): Illuminate/Pipeline/Pipeline->Illuminate/Pipeline/{closure}(Object(Illuminate/Http/Request))
#44 C:/laragon/www/kurikulum/vendor/laravel/framework/src/Illuminate/Foundation/Http/Middleware/TrimStrings.php(40): Illuminate/Foundation/Http/Middleware/TransformsRequest->handle(Object(Illuminate/Http/Request), Object(Closure))
#45 C:/laragon/www/kurikulum/vendor/laravel/framework/src/Illuminate/Pipeline/Pipeline.php(183): Illuminate/Foundation/Http/Middleware/TrimStrings->handle(Object(Illuminate/Http/Request), Object(Closure))
#46 C:/laragon/www/kurikulum/vendor/laravel/framework/src/Illuminate/Foundation/Http/Middleware/ValidatePostSize.php(27): Illuminate/Pipeline/Pipeline->Illuminate/Pipeline/{closure}(Object(Illuminate/Http/Request))
#47 C:/laragon/www/kurikulum/vendor/laravel/framework/src/Illuminate/Pipeline/Pipeline.php(183): Illuminate/Foundation/Http/Middleware/ValidatePostSize->handle(Object(Illuminate/Http/Request), Object(Closure))
#48 C:/laragon/www/kurikulum/vendor/laravel/framework/src/Illuminate/Foundation/Http/Middleware/PreventRequestsDuringMaintenance.php(99): Illuminate/Pipeline/Pipeline->Illuminate/Pipeline/{closure}(Object(Illuminate/Http/Request))
#49 C:/laragon/www/kurikulum/vendor/laravel/framework/src/Illuminate/Pipeline/Pipeline.php(183): Illuminate/Foundation/Http/Middleware/PreventRequestsDuringMaintenance->handle(Object(Illuminate/Http/Request), Object(Closure))
#50 C:/laragon/www/kurikulum/vendor/laravel/framework/src/Illuminate/Http/Middleware/HandleCors.php(49): Illuminate/Pipeline/Pipeline->Illuminate/Pipeline/{closure}(Object(Illuminate/Http/Request))
#51 C:/laragon/www/kurikulum/vendor/laravel/framework/src/Illuminate/Pipeline/Pipeline.php(183): Illuminate/Http/Middleware/HandleCors->handle(Object(Illuminate/Http/Request), Object(Closure))
#52 C:/laragon/www/kurikulum/vendor/laravel/framework/src/Illuminate/Http/Middleware/TrustProxies.php(39): Illuminate/Pipeline/Pipeline->Illuminate/Pipeline/{closure}(Object(Illuminate/Http/Request))
#53 C:/laragon/www/kurikulum/vendor/laravel/framework/src/Illuminate/Pipeline/Pipeline.php(183): Illuminate/Http/Middleware/TrustProxies->handle(Object(Illuminate/Http/Request), Object(Closure))
#54 C:/laragon/www/kurikulum/vendor/laravel/framework/src/Illuminate/Pipeline/Pipeline.php(119): Illuminate/Pipeline/Pipeline->Illuminate/Pipeline/{closure}(Object(Illuminate/Http/Request))
#55 C:/laragon/www/kurikulum/vendor/laravel/framework/src/Illuminate/Foundation/Http/Kernel.php(175): Illuminate/Pipeline/Pipeline->then(Object(Closure))
#56 C:/laragon/www/kurikulum/vendor/laravel/framework/src/Illuminate/Foundation/Http/Kernel.php(144): Illuminate/Foundation/Http/Kernel->sendRequestThroughRouter(Object(Illuminate/Http/Request))
#57 C:/laragon/www/kurikulum/public/index.php(18): Illuminate/Foundation/Http/Kernel->handle(Object(Illuminate/Http/Request))
#58 C:/laragon/www/kurikulum/vendor/laravel/framework/src/Illuminate/Foundation/resources/server.php(16): require_once('C://laragon//www//...')
#59 {main}

[previous exception] [object] (PDOException(code: 42S22): SQLSTATE[42S22]: Column not found: 1054 Unknown column 'nama_tingkat' in 'order clause' at C:/laragon/www/kurikulum/vendor/laravel/framework/src/Illuminate/Database/Connection.php:423)
[stacktrace]
#0 C:/laragon/www/kurikulum/vendor/laravel/framework/src/Illuminate/Database/Connection.php(423): PDO->prepare('select * from `...')
#1 C:/laragon/www/kurikulum/vendor/laravel/framework/src/Illuminate/Database/Connection.php(816): Illuminate/Database/Connection->Illuminate/Database/{closure}('select * from `...', Array)
#2 C:/laragon/www/kurikulum/vendor/laravel/framework/src/Illuminate/Database/Connection.php(783): Illuminate/Database/Connection->runQueryCallback('select * from `...', Array, Object(Closure))
#3 C:/laragon/www/kurikulum/vendor/laravel/framework/src/Illuminate/Database/Connection.php(414): Illuminate/Database/Connection->run('select * from `...', Array, Object(Closure))
#4 C:/laragon/www/kurikulum/vendor/laravel/framework/src/Illuminate/Database/Query/Builder.php(2913): Illuminate/Database/Connection->select('select * from `...', Array, true)
#5 C:/laragon/www/kurikulum/vendor/laravel/framework/src/Illuminate/Database/Query/Builder.php(2902): Illuminate/Database/Query/Builder->runSelect()
#6 C:/laragon/www/kurikulum/vendor/laravel/framework/src/Illuminate/Database/Query/Builder.php(3456): Illuminate/Database/Query/Builder->Illuminate/Database/Query/{closure}()
#7 C:/laragon/www/kurikulum/vendor/laravel/framework/src/Illuminate/Database/Query/Builder.php(2901): Illuminate/Database/Query/Builder->onceWithColumns(Array, Object(Closure))
#8 C:/laragon/www/kurikulum/vendor/laravel/framework/src/Illuminate/Database/Eloquent/Builder.php(739): Illuminate/Database/Query/Builder->get(Array)
#9 C:/laragon/www/kurikulum/vendor/laravel/framework/src/Illuminate/Database/Eloquent/Builder.php(723): Illuminate/Database/Eloquent/Builder->getModels(Array)
#10 C:/laragon/www/kurikulum/app/Http/Controllers/Crud/BaseCrudController.php(206): Illuminate/Database/Eloquent/Builder->get()
#11 C:/laragon/www/kurikulum/app/Http/Controllers/Crud/BaseCrudController.php(124): App/Http/Controllers/Crud/BaseCrudController->resolveFieldOptions(Array)
#12 C:/laragon/www/kurikulum/vendor/laravel/framework/src/Illuminate/Routing/Controller.php(54): App/Http/Controllers/Crud/BaseCrudController->create()
#13 C:/laragon/www/kurikulum/vendor/laravel/framework/src/Illuminate/Routing/ControllerDispatcher.php(43): Illuminate/Routing/Controller->callAction('create', Array)
#14 C:/laragon/www/kurikulum/vendor/laravel/framework/src/Illuminate/Routing/Route.php(259): Illuminate/Routing/ControllerDispatcher->dispatch(Object(Illuminate/Routing/Route), Object(App/Http/Controllers/Kurikulum/AlokasiJamMapelController), 'create')
#15 C:/laragon/www/kurikulum/vendor/laravel/framework/src/Illuminate/Routing/Route.php(205): Illuminate/Routing/Route->runController()
#16 C:/laragon/www/kurikulum/vendor/laravel/framework/src/Illuminate/Routing/Router.php(806): Illuminate/Routing/Route->run()
#17 C:/laragon/www/kurikulum/vendor/laravel/framework/src/Illuminate/Pipeline/Pipeline.php(144): Illuminate/Routing/Router->Illuminate/Routing/{closure}(Object(Illuminate/Http/Request))
#18 C:/laragon/www/kurikulum/app/Http/Middleware/EnsureUserHasRole.php(23): Illuminate/Pipeline/Pipeline->Illuminate/Pipeline/{closure}(Object(Illuminate/Http/Request))
#19 C:/laragon/www/kurikulum/vendor/laravel/framework/src/Illuminate/Pipeline/Pipeline.php(183): App/Http/Middleware/EnsureUserHasRole->handle(Object(Illuminate/Http/Request), Object(Closure), 'admin', 'guru')
#20 C:/laragon/www/kurikulum/vendor/laravel/framework/src/Illuminate/Routing/Middleware/SubstituteBindings.php(50): Illuminate/Pipeline/Pipeline->Illuminate/Pipeline/{closure}(Object(Illuminate/Http/Request))
#21 C:/laragon/www/kurikulum/vendor/laravel/framework/src/Illuminate/Pipeline/Pipeline.php(183): Illuminate/Routing/Middleware/SubstituteBindings->handle(Object(Illuminate/Http/Request), Object(Closure))
#22 C:/laragon/www/kurikulum/vendor/laravel/framework/src/Illuminate/Auth/Middleware/Authenticate.php(57): Illuminate/Pipeline/Pipeline->Illuminate/Pipeline/{closure}(Object(Illuminate/Http/Request))
#23 C:/laragon/www/kurikulum/vendor/laravel/framework/src/Illuminate/Pipeline/Pipeline.php(183): Illuminate/Auth/Middleware/Authenticate->handle(Object(Illuminate/Http/Request), Object(Closure))
#24 C:/laragon/www/kurikulum/vendor/laravel/framework/src/Illuminate/Foundation/Http/Middleware/VerifyCsrfToken.php(78): Illuminate/Pipeline/Pipeline->Illuminate/Pipeline/{closure}(Object(Illuminate/Http/Request))
#25 C:/laragon/www/kurikulum/vendor/laravel/framework/src/Illuminate/Pipeline/Pipeline.php(183): Illuminate/Foundation/Http/Middleware/VerifyCsrfToken->handle(Object(Illuminate/Http/Request), Object(Closure))
#26 C:/laragon/www/kurikulum/vendor/laravel/framework/src/Illuminate/View/Middleware/ShareErrorsFromSession.php(49): Illuminate/Pipeline/Pipeline->Illuminate/Pipeline/{closure}(Object(Illuminate/Http/Request))
#27 C:/laragon/www/kurikulum/vendor/laravel/framework/src/Illuminate/Pipeline/Pipeline.php(183): Illuminate/View/Middleware/ShareErrorsFromSession->handle(Object(Illuminate/Http/Request), Object(Closure))
#28 C:/laragon/www/kurikulum/vendor/laravel/framework/src/Illuminate/Session/Middleware/StartSession.php(121): Illuminate/Pipeline/Pipeline->Illuminate/Pipeline/{closure}(Object(Illuminate/Http/Request))
#29 C:/laragon/www/kurikulum/vendor/laravel/framework/src/Illuminate/Session/Middleware/StartSession.php(64): Illuminate/Session/Middleware/StartSession->handleStatefulRequest(Object(Illuminate/Http/Request), Object(Illuminate/Session/Store), Object(Closure))
#30 C:/laragon/www/kurikulum/vendor/laravel/framework/src/Illuminate/Pipeline/Pipeline.php(183): Illuminate/Session/Middleware/StartSession->handle(Object(Illuminate/Http/Request), Object(Closure))
#31 C:/laragon/www/kurikulum/vendor/laravel/framework/src/Illuminate/Cookie/Middleware/AddQueuedCookiesToResponse.php(37): Illuminate/Pipeline/Pipeline->Illuminate/Pipeline/{closure}(Object(Illuminate/Http/Request))
#32 C:/laragon/www/kurikulum/vendor/laravel/framework/src/Illuminate/Pipeline/Pipeline.php(183): Illuminate/Cookie/Middleware/AddQueuedCookiesToResponse->handle(Object(Illuminate/Http/Request), Object(Closure))
#33 C:/laragon/www/kurikulum/vendor/laravel/framework/src/Illuminate/Cookie/Middleware/EncryptCookies.php(67): Illuminate/Pipeline/Pipeline->Illuminate/Pipeline/{closure}(Object(Illuminate/Http/Request))
#34 C:/laragon/www/kurikulum/vendor/laravel/framework/src/Illuminate/Pipeline/Pipeline.php(183): Illuminate/Cookie/Middleware/EncryptCookies->handle(Object(Illuminate/Http/Request), Object(Closure))
#35 C:/laragon/www/kurikulum/vendor/laravel/framework/src/Illuminate/Pipeline/Pipeline.php(119): Illuminate/Pipeline/Pipeline->Illuminate/Pipeline/{closure}(Object(Illuminate/Http/Request))
#36 C:/laragon/www/kurikulum/vendor/laravel/framework/src/Illuminate/Routing/Router.php(805): Illuminate/Pipeline/Pipeline->then(Object(Closure))
#37 C:/laragon/www/kurikulum/vendor/laravel/framework/src/Illuminate/Routing/Router.php(784): Illuminate/Routing/Router->runRouteWithinStack(Object(Illuminate/Routing/Route), Object(Illuminate/Http/Request))
#38 C:/laragon/www/kurikulum/vendor/laravel/framework/src/Illuminate/Routing/Router.php(748): Illuminate/Routing/Router->runRoute(Object(Illuminate/Http/Request), Object(Illuminate/Routing/Route))
#39 C:/laragon/www/kurikulum/vendor/laravel/framework/src/Illuminate/Routing/Router.php(737): Illuminate/Routing/Router->dispatchToRoute(Object(Illuminate/Http/Request))
#40 C:/laragon/www/kurikulum/vendor/laravel/framework/src/Illuminate/Foundation/Http/Kernel.php(200): Illuminate/Routing/Router->dispatch(Object(Illuminate/Http/Request))
#41 C:/laragon/www/kurikulum/vendor/laravel/framework/src/Illuminate/Pipeline/Pipeline.php(144): Illuminate/Foundation/Http/Kernel->Illuminate/Foundation/Http/{closure}(Object(Illuminate/Http/Request))
#42 C:/laragon/www/kurikulum/vendor/laravel/framework/src/Illuminate/Foundation/Http/Middleware/TransformsRequest.php(21): Illuminate/Pipeline/Pipeline->Illuminate/Pipeline/{closure}(Object(Illuminate/Http/Request))
#43 C:/laragon/www/kurikulum/vendor/laravel/framework/src/Illuminate/Foundation/Http/Middleware/ConvertEmptyStringsToNull.php(31): Illuminate/Foundation/Http/Middleware/TransformsRequest->handle(Object(Illuminate/Http/Request), Object(Closure))
#44 C:/laragon/www/kurikulum/vendor/laravel/framework/src/Illuminate/Pipeline/Pipeline.php(183): Illuminate/Foundation/Http/Middleware/ConvertEmptyStringsToNull->handle(Object(Illuminate/Http/Request), Object(Closure))
#45 C:/laragon/www/kurikulum/vendor/laravel/framework/src/Illuminate/Foundation/Http/Middleware/TransformsRequest.php(21): Illuminate/Pipeline/Pipeline->Illuminate/Pipeline/{closure}(Object(Illuminate/Http/Request))
#46 C:/laragon/www/kurikulum/vendor/laravel/framework/src/Illuminate/Foundation/Http/Middleware/TrimStrings.php(40): Illuminate/Foundation/Http/Middleware/TransformsRequest->handle(Object(Illuminate/Http/Request), Object(Closure))
#47 C:/laragon/www/kurikulum/vendor/laravel/framework/src/Illuminate/Pipeline/Pipeline.php(183): Illuminate/Foundation/Http/Middleware/TrimStrings->handle(Object(Illuminate/Http/Request), Object(Closure))
#48 C:/laragon/www/kurikulum/vendor/laravel/framework/src/Illuminate/Foundation/Http/Middleware/ValidatePostSize.php(27): Illuminate/Pipeline/Pipeline->Illuminate/Pipeline/{closure}(Object(Illuminate/Http/Request))
#49 C:/laragon/www/kurikulum/vendor/laravel/framework/src/Illuminate/Pipeline/Pipeline.php(183): Illuminate/Foundation/Http/Middleware/ValidatePostSize->handle(Object(Illuminate/Http/Request), Object(Closure))
#50 C:/laragon/www/kurikulum/vendor/laravel/framework/src/Illuminate/Foundation/Http/Middleware/PreventRequestsDuringMaintenance.php(99): Illuminate/Pipeline/Pipeline->Illuminate/Pipeline/{closure}(Object(Illuminate/Http/Request))
#51 C:/laragon/www/kurikulum/vendor/laravel/framework/src/Illuminate/Pipeline/Pipeline.php(183): Illuminate/Foundation/Http/Middleware/PreventRequestsDuringMaintenance->handle(Object(Illuminate/Http/Request), Object(Closure))
#52 C:/laragon/www/kurikulum/vendor/laravel/framework/src/Illuminate/Http/Middleware/HandleCors.php(49): Illuminate/Pipeline/Pipeline->Illuminate/Pipeline/{closure}(Object(Illuminate/Http/Request))
#53 C:/laragon/www/kurikulum/vendor/laravel/framework/src/Illuminate/Pipeline/Pipeline.php(183): Illuminate/Http/Middleware/HandleCors->handle(Object(Illuminate/Http/Request), Object(Closure))
#54 C:/laragon/www/kurikulum/vendor/laravel/framework/src/Illuminate/Http/Middleware/TrustProxies.php(39): Illuminate/Pipeline/Pipeline->Illuminate/Pipeline/{closure}(Object(Illuminate/Http/Request))
#55 C:/laragon/www/kurikulum/vendor/laravel/framework/src/Illuminate/Pipeline/Pipeline.php(183): Illuminate/Http/Middleware/TrustProxies->handle(Object(Illuminate/Http/Request), Object(Closure))
#56 C:/laragon/www/kurikulum/vendor/laravel/framework/src/Illuminate/Pipeline/Pipeline.php(119): Illuminate/Pipeline/Pipeline->Illuminate/Pipeline/{closure}(Object(Illuminate/Http/Request))
#57 C:/laragon/www/kurikulum/vendor/laravel/framework/src/Illuminate/Foundation/Http/Kernel.php(175): Illuminate/Pipeline/Pipeline->then(Object(Closure))
#58 C:/laragon/www/kurikulum/vendor/laravel/framework/src/Illuminate/Foundation/Http/Kernel.php(144): Illuminate/Foundation/Http/Kernel->sendRequestThroughRouter(Object(Illuminate/Http/Request))
#59 C:/laragon/www/kurikulum/public/index.php(18): Illuminate/Foundation/Http/Kernel->handle(Object(Illuminate/Http/Request))
#60 C:/laragon/www/kurikulum/vendor/laravel/framework/src/Illuminate/Foundation/resources/server.php(16): require_once('C://laragon//www//...')
#61 {main}
"} 
[2026-07-17 23:59:36] local.ERROR: SQLSTATE[42S22]: Column not found: 1054 Unknown column 'nama_tingkat' in 'order clause' (Connection: datacenter, SQL: select * from `tingkat_kelas` order by `nama_tingkat` asc) {"userId":1,"exception":"[object] (Illuminate\\Database\\QueryException(code: 42S22): SQLSTATE[42S22]: Column not found: 1054 Unknown column 'nama_tingkat' in 'order clause' (Connection: datacenter, SQL: select * from `tingkat_kelas` order by `nama_tingkat` asc) at C:/laragon/www/kurikulum/vendor/laravel/framework/src/Illuminate/Database/Connection.php:829)
[stacktrace]
#0 C:/laragon/www/kurikulum/vendor/laravel/framework/src/Illuminate/Database/Connection.php(783): Illuminate/Database/Connection->runQueryCallback('select * from `...', Array, Object(Closure))
#1 C:/laragon/www/kurikulum/vendor/laravel/framework/src/Illuminate/Database/Connection.php(414): Illuminate/Database/Connection->run('select * from `...', Array, Object(Closure))
#2 C:/laragon/www/kurikulum/vendor/laravel/framework/src/Illuminate/Database/Query/Builder.php(2913): Illuminate/Database/Connection->select('select * from `...', Array, true)
#3 C:/laragon/www/kurikulum/vendor/laravel/framework/src/Illuminate/Database/Query/Builder.php(2902): Illuminate/Database/Query/Builder->runSelect()
#4 C:/laragon/www/kurikulum/vendor/laravel/framework/src/Illuminate/Database/Query/Builder.php(3456): Illuminate/Database/Query/Builder->Illuminate/Database/Query/{closure}()
#5 C:/laragon/www/kurikulum/vendor/laravel/framework/src/Illuminate/Database/Query/Builder.php(2901): Illuminate/Database/Query/Builder->onceWithColumns(Array, Object(Closure))
#6 C:/laragon/www/kurikulum/vendor/laravel/framework/src/Illuminate/Database/Eloquent/Builder.php(739): Illuminate/Database/Query/Builder->get(Array)
#7 C:/laragon/www/kurikulum/vendor/laravel/framework/src/Illuminate/Database/Eloquent/Builder.php(723): Illuminate/Database/Eloquent/Builder->getModels(Array)
#8 C:/laragon/www/kurikulum/app/Http/Controllers/Crud/BaseCrudController.php(206): Illuminate/Database/Eloquent/Builder->get()
#9 C:/laragon/www/kurikulum/app/Http/Controllers/Crud/BaseCrudController.php(124): App/Http/Controllers/Crud/BaseCrudController->resolveFieldOptions(Array)
#10 C:/laragon/www/kurikulum/vendor/laravel/framework/src/Illuminate/Routing/Controller.php(54): App/Http/Controllers/Crud/BaseCrudController->create()
#11 C:/laragon/www/kurikulum/vendor/laravel/framework/src/Illuminate/Routing/ControllerDispatcher.php(43): Illuminate/Routing/Controller->callAction('create', Array)
#12 C:/laragon/www/kurikulum/vendor/laravel/framework/src/Illuminate/Routing/Route.php(259): Illuminate/Routing/ControllerDispatcher->dispatch(Object(Illuminate/Routing/Route), Object(App/Http/Controllers/Kurikulum/AlokasiJamMapelController), 'create')
#13 C:/laragon/www/kurikulum/vendor/laravel/framework/src/Illuminate/Routing/Route.php(205): Illuminate/Routing/Route->runController()
#14 C:/laragon/www/kurikulum/vendor/laravel/framework/src/Illuminate/Routing/Router.php(806): Illuminate/Routing/Route->run()
#15 C:/laragon/www/kurikulum/vendor/laravel/framework/src/Illuminate/Pipeline/Pipeline.php(144): Illuminate/Routing/Router->Illuminate/Routing/{closure}(Object(Illuminate/Http/Request))
#16 C:/laragon/www/kurikulum/app/Http/Middleware/EnsureUserHasRole.php(23): Illuminate/Pipeline/Pipeline->Illuminate/Pipeline/{closure}(Object(Illuminate/Http/Request))
#17 C:/laragon/www/kurikulum/vendor/laravel/framework/src/Illuminate/Pipeline/Pipeline.php(183): App/Http/Middleware/EnsureUserHasRole->handle(Object(Illuminate/Http/Request), Object(Closure), 'admin', 'guru')
#18 C:/laragon/www/kurikulum/vendor/laravel/framework/src/Illuminate/Routing/Middleware/SubstituteBindings.php(50): Illuminate/Pipeline/Pipeline->Illuminate/Pipeline/{closure}(Object(Illuminate/Http/Request))
#19 C:/laragon/www/kurikulum/vendor/laravel/framework/src/Illuminate/Pipeline/Pipeline.php(183): Illuminate/Routing/Middleware/SubstituteBindings->handle(Object(Illuminate/Http/Request), Object(Closure))
#20 C:/laragon/www/kurikulum/vendor/laravel/framework/src/Illuminate/Auth/Middleware/Authenticate.php(57): Illuminate/Pipeline/Pipeline->Illuminate/Pipeline/{closure}(Object(Illuminate/Http/Request))
#21 C:/laragon/www/kurikulum/vendor/laravel/framework/src/Illuminate/Pipeline/Pipeline.php(183): Illuminate/Auth/Middleware/Authenticate->handle(Object(Illuminate/Http/Request), Object(Closure))
#22 C:/laragon/www/kurikulum/vendor/laravel/framework/src/Illuminate/Foundation/Http/Middleware/VerifyCsrfToken.php(78): Illuminate/Pipeline/Pipeline->Illuminate/Pipeline/{closure}(Object(Illuminate/Http/Request))
#23 C:/laragon/www/kurikulum/vendor/laravel/framework/src/Illuminate/Pipeline/Pipeline.php(183): Illuminate/Foundation/Http/Middleware/VerifyCsrfToken->handle(Object(Illuminate/Http/Request), Object(Closure))
#24 C:/laragon/www/kurikulum/vendor/laravel/framework/src/Illuminate/View/Middleware/ShareErrorsFromSession.php(49): Illuminate/Pipeline/Pipeline->Illuminate/Pipeline/{closure}(Object(Illuminate/Http/Request))
#25 C:/laragon/www/kurikulum/vendor/laravel/framework/src/Illuminate/Pipeline/Pipeline.php(183): Illuminate/View/Middleware/ShareErrorsFromSession->handle(Object(Illuminate/Http/Request), Object(Closure))
#26 C:/laragon/www/kurikulum/vendor/laravel/framework/src/Illuminate/Session/Middleware/StartSession.php(121): Illuminate/Pipeline/Pipeline->Illuminate/Pipeline/{closure}(Object(Illuminate/Http/Request))
#27 C:/laragon/www/kurikulum/vendor/laravel/framework/src/Illuminate/Session/Middleware/StartSession.php(64): Illuminate/Session/Middleware/StartSession->handleStatefulRequest(Object(Illuminate/Http/Request), Object(Illuminate/Session/Store), Object(Closure))
#28 C:/laragon/www/kurikulum/vendor/laravel/framework/src/Illuminate/Pipeline/Pipeline.php(183): Illuminate/Session/Middleware/StartSession->handle(Object(Illuminate/Http/Request), Object(Closure))
#29 C:/laragon/www/kurikulum/vendor/laravel/framework/src/Illuminate/Cookie/Middleware/AddQueuedCookiesToResponse.php(37): Illuminate/Pipeline/Pipeline->Illuminate/Pipeline/{closure}(Object(Illuminate/Http/Request))
#30 C:/laragon/www/kurikulum/vendor/laravel/framework/src/Illuminate/Pipeline/Pipeline.php(183): Illuminate/Cookie/Middleware/AddQueuedCookiesToResponse->handle(Object(Illuminate/Http/Request), Object(Closure))
#31 C:/laragon/www/kurikulum/vendor/laravel/framework/src/Illuminate/Cookie/Middleware/EncryptCookies.php(67): Illuminate/Pipeline/Pipeline->Illuminate/Pipeline/{closure}(Object(Illuminate/Http/Request))
#32 C:/laragon/www/kurikulum/vendor/laravel/framework/src/Illuminate/Pipeline/Pipeline.php(183): Illuminate/Cookie/Middleware/EncryptCookies->handle(Object(Illuminate/Http/Request), Object(Closure))
#33 C:/laragon/www/kurikulum/vendor/laravel/framework/src/Illuminate/Pipeline/Pipeline.php(119): Illuminate/Pipeline/Pipeline->Illuminate/Pipeline/{closure}(Object(Illuminate/Http/Request))
#34 C:/laragon/www/kurikulum/vendor/laravel/framework/src/Illuminate/Routing/Router.php(805): Illuminate/Pipeline/Pipeline->then(Object(Closure))
#35 C:/laragon/www/kurikulum/vendor/laravel/framework/src/Illuminate/Routing/Router.php(784): Illuminate/Routing/Router->runRouteWithinStack(Object(Illuminate/Routing/Route), Object(Illuminate/Http/Request))
#36 C:/laragon/www/kurikulum/vendor/laravel/framework/src/Illuminate/Routing/Router.php(748): Illuminate/Routing/Router->runRoute(Object(Illuminate/Http/Request), Object(Illuminate/Routing/Route))
#37 C:/laragon/www/kurikulum/vendor/laravel/framework/src/Illuminate/Routing/Router.php(737): Illuminate/Routing/Router->dispatchToRoute(Object(Illuminate/Http/Request))
#38 C:/laragon/www/kurikulum/vendor/laravel/framework/src/Illuminate/Foundation/Http/Kernel.php(200): Illuminate/Routing/Router->dispatch(Object(Illuminate/Http/Request))
#39 C:/laragon/www/kurikulum/vendor/laravel/framework/src/Illuminate/Pipeline/Pipeline.php(144): Illuminate/Foundation/Http/Kernel->Illuminate/Foundation/Http/{closure}(Object(Illuminate/Http/Request))
#40 C:/laragon/www/kurikulum/vendor/laravel/framework/src/Illuminate/Foundation/Http/Middleware/TransformsRequest.php(21): Illuminate/Pipeline/Pipeline->Illuminate/Pipeline/{closure}(Object(Illuminate/Http/Request))
#41 C:/laragon/www/kurikulum/vendor/laravel/framework/src/Illuminate/Foundation/Http/Middleware/ConvertEmptyStringsToNull.php(31): Illuminate/Foundation/Http/Middleware/TransformsRequest->handle(Object(Illuminate/Http/Request), Object(Closure))
#42 C:/laragon/www/kurikulum/vendor/laravel/framework/src/Illuminate/Pipeline/Pipeline.php(183): Illuminate/Foundation/Http/Middleware/ConvertEmptyStringsToNull->handle(Object(Illuminate/Http/Request), Object(Closure))
#43 C:/laragon/www/kurikulum/vendor/laravel/framework/src/Illuminate/Foundation/Http/Middleware/TransformsRequest.php(21): Illuminate/Pipeline/Pipeline->Illuminate/Pipeline/{closure}(Object(Illuminate/Http/Request))
#44 C:/laragon/www/kurikulum/vendor/laravel/framework/src/Illuminate/Foundation/Http/Middleware/TrimStrings.php(40): Illuminate/Foundation/Http/Middleware/TransformsRequest->handle(Object(Illuminate/Http/Request), Object(Closure))
#45 C:/laragon/www/kurikulum/vendor/laravel/framework/src/Illuminate/Pipeline/Pipeline.php(183): Illuminate/Foundation/Http/Middleware/TrimStrings->handle(Object(Illuminate/Http/Request), Object(Closure))
#46 C:/laragon/www/kurikulum/vendor/laravel/framework/src/Illuminate/Foundation/Http/Middleware/ValidatePostSize.php(27): Illuminate/Pipeline/Pipeline->Illuminate/Pipeline/{closure}(Object(Illuminate/Http/Request))
#47 C:/laragon/www/kurikulum/vendor/laravel/framework/src/Illuminate/Pipeline/Pipeline.php(183): Illuminate/Foundation/Http/Middleware/ValidatePostSize->handle(Object(Illuminate/Http/Request), Object(Closure))
#48 C:/laragon/www/kurikulum/vendor/laravel/framework/src/Illuminate/Foundation/Http/Middleware/PreventRequestsDuringMaintenance.php(99): Illuminate/Pipeline/Pipeline->Illuminate/Pipeline/{closure}(Object(Illuminate/Http/Request))
#49 C:/laragon/www/kurikulum/vendor/laravel/framework/src/Illuminate/Pipeline/Pipeline.php(183): Illuminate/Foundation/Http/Middleware/PreventRequestsDuringMaintenance->handle(Object(Illuminate/Http/Request), Object(Closure))
#50 C:/laragon/www/kurikulum/vendor/laravel/framework/src/Illuminate/Http/Middleware/HandleCors.php(49): Illuminate/Pipeline/Pipeline->Illuminate/Pipeline/{closure}(Object(Illuminate/Http/Request))
#51 C:/laragon/www/kurikulum/vendor/laravel/framework/src/Illuminate/Pipeline/Pipeline.php(183): Illuminate/Http/Middleware/HandleCors->handle(Object(Illuminate/Http/Request), Object(Closure))
#52 C:/laragon/www/kurikulum/vendor/laravel/framework/src/Illuminate/Http/Middleware/TrustProxies.php(39): Illuminate/Pipeline/Pipeline->Illuminate/Pipeline/{closure}(Object(Illuminate/Http/Request))
#53 C:/laragon/www/kurikulum/vendor/laravel/framework/src/Illuminate/Pipeline/Pipeline.php(183): Illuminate/Http/Middleware/TrustProxies->handle(Object(Illuminate/Http/Request), Object(Closure))
#54 C:/laragon/www/kurikulum/vendor/laravel/framework/src/Illuminate/Pipeline/Pipeline.php(119): Illuminate/Pipeline/Pipeline->Illuminate/Pipeline/{closure}(Object(Illuminate/Http/Request))
#55 C:/laragon/www/kurikulum/vendor/laravel/framework/src/Illuminate/Foundation/Http/Kernel.php(175): Illuminate/Pipeline/Pipeline->then(Object(Closure))
#56 C:/laragon/www/kurikulum/vendor/laravel/framework/src/Illuminate/Foundation/Http/Kernel.php(144): Illuminate/Foundation/Http/Kernel->sendRequestThroughRouter(Object(Illuminate/Http/Request))
#57 C:/laragon/www/kurikulum/public/index.php(18): Illuminate/Foundation/Http/Kernel->handle(Object(Illuminate/Http/Request))
#58 C:/laragon/www/kurikulum/vendor/laravel/framework/src/Illuminate/Foundation/resources/server.php(16): require_once('C://laragon//www//...')
#59 {main}

[previous exception] [object] (PDOException(code: 42S22): SQLSTATE[42S22]: Column not found: 1054 Unknown column 'nama_tingkat' in 'order clause' at C:/laragon/www/kurikulum/vendor/laravel/framework/src/Illuminate/Database/Connection.php:423)
[stacktrace]
#0 C:/laragon/www/kurikulum/vendor/laravel/framework/src/Illuminate/Database/Connection.php(423): PDO->prepare('select * from `...')
#1 C:/laragon/www/kurikulum/vendor/laravel/framework/src/Illuminate/Database/Connection.php(816): Illuminate/Database/Connection->Illuminate/Database/{closure}('select * from `...', Array)
#2 C:/laragon/www/kurikulum/vendor/laravel/framework/src/Illuminate/Database/Connection.php(783): Illuminate/Database/Connection->runQueryCallback('select * from `...', Array, Object(Closure))
#3 C:/laragon/www/kurikulum/vendor/laravel/framework/src/Illuminate/Database/Connection.php(414): Illuminate/Database/Connection->run('select * from `...', Array, Object(Closure))
#4 C:/laragon/www/kurikulum/vendor/laravel/framework/src/Illuminate/Database/Query/Builder.php(2913): Illuminate/Database/Connection->select('select * from `...', Array, true)
#5 C:/laragon/www/kurikulum/vendor/laravel/framework/src/Illuminate/Database/Query/Builder.php(2902): Illuminate/Database/Query/Builder->runSelect()
#6 C:/laragon/www/kurikulum/vendor/laravel/framework/src/Illuminate/Database/Query/Builder.php(3456): Illuminate/Database/Query/Builder->Illuminate/Database/Query/{closure}()
#7 C:/laragon/www/kurikulum/vendor/laravel/framework/src/Illuminate/Database/Query/Builder.php(2901): Illuminate/Database/Query/Builder->onceWithColumns(Array, Object(Closure))
#8 C:/laragon/www/kurikulum/vendor/laravel/framework/src/Illuminate/Database/Eloquent/Builder.php(739): Illuminate/Database/Query/Builder->get(Array)
#9 C:/laragon/www/kurikulum/vendor/laravel/framework/src/Illuminate/Database/Eloquent/Builder.php(723): Illuminate/Database/Eloquent/Builder->getModels(Array)
#10 C:/laragon/www/kurikulum/app/Http/Controllers/Crud/BaseCrudController.php(206): Illuminate/Database/Eloquent/Builder->get()
#11 C:/laragon/www/kurikulum/app/Http/Controllers/Crud/BaseCrudController.php(124): App/Http/Controllers/Crud/BaseCrudController->resolveFieldOptions(Array)
#12 C:/laragon/www/kurikulum/vendor/laravel/framework/src/Illuminate/Routing/Controller.php(54): App/Http/Controllers/Crud/BaseCrudController->create()
#13 C:/laragon/www/kurikulum/vendor/laravel/framework/src/Illuminate/Routing/ControllerDispatcher.php(43): Illuminate/Routing/Controller->callAction('create', Array)
#14 C:/laragon/www/kurikulum/vendor/laravel/framework/src/Illuminate/Routing/Route.php(259): Illuminate/Routing/ControllerDispatcher->dispatch(Object(Illuminate/Routing/Route), Object(App/Http/Controllers/Kurikulum/AlokasiJamMapelController), 'create')
#15 C:/laragon/www/kurikulum/vendor/laravel/framework/src/Illuminate/Routing/Route.php(205): Illuminate/Routing/Route->runController()
#16 C:/laragon/www/kurikulum/vendor/laravel/framework/src/Illuminate/Routing/Router.php(806): Illuminate/Routing/Route->run()
#17 C:/laragon/www/kurikulum/vendor/laravel/framework/src/Illuminate/Pipeline/Pipeline.php(144): Illuminate/Routing/Router->Illuminate/Routing/{closure}(Object(Illuminate/Http/Request))
#18 C:/laragon/www/kurikulum/app/Http/Middleware/EnsureUserHasRole.php(23): Illuminate/Pipeline/Pipeline->Illuminate/Pipeline/{closure}(Object(Illuminate/Http/Request))
#19 C:/laragon/www/kurikulum/vendor/laravel/framework/src/Illuminate/Pipeline/Pipeline.php(183): App/Http/Middleware/EnsureUserHasRole->handle(Object(Illuminate/Http/Request), Object(Closure), 'admin', 'guru')
#20 C:/laragon/www/kurikulum/vendor/laravel/framework/src/Illuminate/Routing/Middleware/SubstituteBindings.php(50): Illuminate/Pipeline/Pipeline->Illuminate/Pipeline/{closure}(Object(Illuminate/Http/Request))
#21 C:/laragon/www/kurikulum/vendor/laravel/framework/src/Illuminate/Pipeline/Pipeline.php(183): Illuminate/Routing/Middleware/SubstituteBindings->handle(Object(Illuminate/Http/Request), Object(Closure))
#22 C:/laragon/www/kurikulum/vendor/laravel/framework/src/Illuminate/Auth/Middleware/Authenticate.php(57): Illuminate/Pipeline/Pipeline->Illuminate/Pipeline/{closure}(Object(Illuminate/Http/Request))
#23 C:/laragon/www/kurikulum/vendor/laravel/framework/src/Illuminate/Pipeline/Pipeline.php(183): Illuminate/Auth/Middleware/Authenticate->handle(Object(Illuminate/Http/Request), Object(Closure))
#24 C:/laragon/www/kurikulum/vendor/laravel/framework/src/Illuminate/Foundation/Http/Middleware/VerifyCsrfToken.php(78): Illuminate/Pipeline/Pipeline->Illuminate/Pipeline/{closure}(Object(Illuminate/Http/Request))
#25 C:/laragon/www/kurikulum/vendor/laravel/framework/src/Illuminate/Pipeline/Pipeline.php(183): Illuminate/Foundation/Http/Middleware/VerifyCsrfToken->handle(Object(Illuminate/Http/Request), Object(Closure))
#26 C:/laragon/www/kurikulum/vendor/laravel/framework/src/Illuminate/View/Middleware/ShareErrorsFromSession.php(49): Illuminate/Pipeline/Pipeline->Illuminate/Pipeline/{closure}(Object(Illuminate/Http/Request))
#27 C:/laragon/www/kurikulum/vendor/laravel/framework/src/Illuminate/Pipeline/Pipeline.php(183): Illuminate/View/Middleware/ShareErrorsFromSession->handle(Object(Illuminate/Http/Request), Object(Closure))
#28 C:/laragon/www/kurikulum/vendor/laravel/framework/src/Illuminate/Session/Middleware/StartSession.php(121): Illuminate/Pipeline/Pipeline->Illuminate/Pipeline/{closure}(Object(Illuminate/Http/Request))
#29 C:/laragon/www/kurikulum/vendor/laravel/framework/src/Illuminate/Session/Middleware/StartSession.php(64): Illuminate/Session/Middleware/StartSession->handleStatefulRequest(Object(Illuminate/Http/Request), Object(Illuminate/Session/Store), Object(Closure))
#30 C:/laragon/www/kurikulum/vendor/laravel/framework/src/Illuminate/Pipeline/Pipeline.php(183): Illuminate/Session/Middleware/StartSession->handle(Object(Illuminate/Http/Request), Object(Closure))
#31 C:/laragon/www/kurikulum/vendor/laravel/framework/src/Illuminate/Cookie/Middleware/AddQueuedCookiesToResponse.php(37): Illuminate/Pipeline/Pipeline->Illuminate/Pipeline/{closure}(Object(Illuminate/Http/Request))
#32 C:/laragon/www/kurikulum/vendor/laravel/framework/src/Illuminate/Pipeline/Pipeline.php(183): Illuminate/Cookie/Middleware/AddQueuedCookiesToResponse->handle(Object(Illuminate/Http/Request), Object(Closure))
#33 C:/laragon/www/kurikulum/vendor/laravel/framework/src/Illuminate/Cookie/Middleware/EncryptCookies.php(67): Illuminate/Pipeline/Pipeline->Illuminate/Pipeline/{closure}(Object(Illuminate/Http/Request))
#34 C:/laragon/www/kurikulum/vendor/laravel/framework/src/Illuminate/Pipeline/Pipeline.php(183): Illuminate/Cookie/Middleware/EncryptCookies->handle(Object(Illuminate/Http/Request), Object(Closure))
#35 C:/laragon/www/kurikulum/vendor/laravel/framework/src/Illuminate/Pipeline/Pipeline.php(119): Illuminate/Pipeline/Pipeline->Illuminate/Pipeline/{closure}(Object(Illuminate/Http/Request))
#36 C:/laragon/www/kurikulum/vendor/laravel/framework/src/Illuminate/Routing/Router.php(805): Illuminate/Pipeline/Pipeline->then(Object(Closure))
#37 C:/laragon/www/kurikulum/vendor/laravel/framework/src/Illuminate/Routing/Router.php(784): Illuminate/Routing/Router->runRouteWithinStack(Object(Illuminate/Routing/Route), Object(Illuminate/Http/Request))
#38 C:/laragon/www/kurikulum/vendor/laravel/framework/src/Illuminate/Routing/Router.php(748): Illuminate/Routing/Router->runRoute(Object(Illuminate/Http/Request), Object(Illuminate/Routing/Route))
#39 C:/laragon/www/kurikulum/vendor/laravel/framework/src/Illuminate/Routing/Router.php(737): Illuminate/Routing/Router->dispatchToRoute(Object(Illuminate/Http/Request))
#40 C:/laragon/www/kurikulum/vendor/laravel/framework/src/Illuminate/Foundation/Http/Kernel.php(200): Illuminate/Routing/Router->dispatch(Object(Illuminate/Http/Request))
#41 C:/laragon/www/kurikulum/vendor/laravel/framework/src/Illuminate/Pipeline/Pipeline.php(144): Illuminate/Foundation/Http/Kernel->Illuminate/Foundation/Http/{closure}(Object(Illuminate/Http/Request))
#42 C:/laragon/www/kurikulum/vendor/laravel/framework/src/Illuminate/Foundation/Http/Middleware/TransformsRequest.php(21): Illuminate/Pipeline/Pipeline->Illuminate/Pipeline/{closure}(Object(Illuminate/Http/Request))
#43 C:/laragon/www/kurikulum/vendor/laravel/framework/src/Illuminate/Foundation/Http/Middleware/ConvertEmptyStringsToNull.php(31): Illuminate/Foundation/Http/Middleware/TransformsRequest->handle(Object(Illuminate/Http/Request), Object(Closure))
#44 C:/laragon/www/kurikulum/vendor/laravel/framework/src/Illuminate/Pipeline/Pipeline.php(183): Illuminate/Foundation/Http/Middleware/ConvertEmptyStringsToNull->handle(Object(Illuminate/Http/Request), Object(Closure))
#45 C:/laragon/www/kurikulum/vendor/laravel/framework/src/Illuminate/Foundation/Http/Middleware/TransformsRequest.php(21): Illuminate/Pipeline/Pipeline->Illuminate/Pipeline/{closure}(Object(Illuminate/Http/Request))
#46 C:/laragon/www/kurikulum/vendor/laravel/framework/src/Illuminate/Foundation/Http/Middleware/TrimStrings.php(40): Illuminate/Foundation/Http/Middleware/TransformsRequest->handle(Object(Illuminate/Http/Request), Object(Closure))
#47 C:/laragon/www/kurikulum/vendor/laravel/framework/src/Illuminate/Pipeline/Pipeline.php(183): Illuminate/Foundation/Http/Middleware/TrimStrings->handle(Object(Illuminate/Http/Request), Object(Closure))
#48 C:/laragon/www/kurikulum/vendor/laravel/framework/src/Illuminate/Foundation/Http/Middleware/ValidatePostSize.php(27): Illuminate/Pipeline/Pipeline->Illuminate/Pipeline/{closure}(Object(Illuminate/Http/Request))
#49 C:/laragon/www/kurikulum/vendor/laravel/framework/src/Illuminate/Pipeline/Pipeline.php(183): Illuminate/Foundation/Http/Middleware/ValidatePostSize->handle(Object(Illuminate/Http/Request), Object(Closure))
#50 C:/laragon/www/kurikulum/vendor/laravel/framework/src/Illuminate/Foundation/Http/Middleware/PreventRequestsDuringMaintenance.php(99): Illuminate/Pipeline/Pipeline->Illuminate/Pipeline/{closure}(Object(Illuminate/Http/Request))
#51 C:/laragon/www/kurikulum/vendor/laravel/framework/src/Illuminate/Pipeline/Pipeline.php(183): Illuminate/Foundation/Http/Middleware/PreventRequestsDuringMaintenance->handle(Object(Illuminate/Http/Request), Object(Closure))
#52 C:/laragon/www/kurikulum/vendor/laravel/framework/src/Illuminate/Http/Middleware/HandleCors.php(49): Illuminate/Pipeline/Pipeline->Illuminate/Pipeline/{closure}(Object(Illuminate/Http/Request))
#53 C:/laragon/www/kurikulum/vendor/laravel/framework/src/Illuminate/Pipeline/Pipeline.php(183): Illuminate/Http/Middleware/HandleCors->handle(Object(Illuminate/Http/Request), Object(Closure))
#54 C:/laragon/www/kurikulum/vendor/laravel/framework/src/Illuminate/Http/Middleware/TrustProxies.php(39): Illuminate/Pipeline/Pipeline->Illuminate/Pipeline/{closure}(Object(Illuminate/Http/Request))
#55 C:/laragon/www/kurikulum/vendor/laravel/framework/src/Illuminate/Pipeline/Pipeline.php(183): Illuminate/Http/Middleware/TrustProxies->handle(Object(Illuminate/Http/Request), Object(Closure))
#56 C:/laragon/www/kurikulum/vendor/laravel/framework/src/Illuminate/Pipeline/Pipeline.php(119): Illuminate/Pipeline/Pipeline->Illuminate/Pipeline/{closure}(Object(Illuminate/Http/Request))
#57 C:/laragon/www/kurikulum/vendor/laravel/framework/src/Illuminate/Foundation/Http/Kernel.php(175): Illuminate/Pipeline/Pipeline->then(Object(Closure))
#58 C:/laragon/www/kurikulum/vendor/laravel/framework/src/Illuminate/Foundation/Http/Kernel.php(144): Illuminate/Foundation/Http/Kernel->sendRequestThroughRouter(Object(Illuminate/Http/Request))
#59 C:/laragon/www/kurikulum/public/index.php(18): Illuminate/Foundation/Http/Kernel->handle(Object(Illuminate/Http/Request))
#60 C:/laragon/www/kurikulum/vendor/laravel/framework/src/Illuminate/Foundation/resources/server.php(16): require_once('C://laragon//www//...')
#61 {main}
"} 
[2026-07-18 12:34:08] local.ERROR: SQLSTATE[42S22]: Column not found: 1054 Unknown column 'status' in 'field list' (Connection: datacenter, SQL: insert into `tahun_ajaran` (`nama_tahun_ajaran`, `status`, `updated_at`, `created_at`) values (2025/2026, Aktif, 2026-07-18 12:34:08, 2026-07-18 12:34:08)) {"exception":"[object] (Illuminate\\Database\\QueryException(code: 42S22): SQLSTATE[42S22]: Column not found: 1054 Unknown column 'status' in 'field list' (Connection: datacenter, SQL: insert into `tahun_ajaran` (`nama_tahun_ajaran`, `status`, `updated_at`, `created_at`) values (2025/2026, Aktif, 2026-07-18 12:34:08, 2026-07-18 12:34:08)) at C:/laragon/www/kurikulum/vendor/laravel/framework/src/Illuminate/Database/Connection.php:829)
[stacktrace]
#0 C:/laragon/www/kurikulum/vendor/laravel/framework/src/Illuminate/Database/Connection.php(783): Illuminate/Database/Connection->runQueryCallback('insert into `ta...', Array, Object(Closure))
#1 C:/laragon/www/kurikulum/vendor/laravel/framework/src/Illuminate/Database/MySqlConnection.php(34): Illuminate/Database/Connection->run('insert into `ta...', Array, Object(Closure))
#2 C:/laragon/www/kurikulum/vendor/laravel/framework/src/Illuminate/Database/Query/Processors/MySqlProcessor.php(35): Illuminate/Database/MySqlConnection->insert('insert into `ta...', Array, 'id')
#3 C:/laragon/www/kurikulum/vendor/laravel/framework/src/Illuminate/Database/Query/Builder.php(3549): Illuminate/Database/Query/Processors/MySqlProcessor->processInsertGetId(Object(Illuminate/Database/Query/Builder), 'insert into `ta...', Array, 'id')
#4 C:/laragon/www/kurikulum/vendor/laravel/framework/src/Illuminate/Database/Eloquent/Builder.php(1982): Illuminate/Database/Query/Builder->insertGetId(Array, 'id')
#5 C:/laragon/www/kurikulum/vendor/laravel/framework/src/Illuminate/Database/Eloquent/Model.php(1334): Illuminate/Database/Eloquent/Builder->__call('insertGetId', Array)
#6 C:/laragon/www/kurikulum/vendor/laravel/framework/src/Illuminate/Database/Eloquent/Model.php(1299): Illuminate/Database/Eloquent/Model->insertAndSetId(Object(Illuminate/Database/Eloquent/Builder), Array)
#7 C:/laragon/www/kurikulum/vendor/laravel/framework/src/Illuminate/Database/Eloquent/Model.php(1138): Illuminate/Database/Eloquent/Model->performInsert(Object(Illuminate/Database/Eloquent/Builder))
#8 C:/laragon/www/kurikulum/vendor/laravel/framework/src/Illuminate/Database/Eloquent/Builder.php(1025): Illuminate/Database/Eloquent/Model->save()
#9 C:/laragon/www/kurikulum/vendor/laravel/framework/src/Illuminate/Support/helpers.php(320): Illuminate/Database/Eloquent/Builder->Illuminate/Database/Eloquent/{closure}(Object(App/Models/TahunAjaran))
#10 C:/laragon/www/kurikulum/vendor/laravel/framework/src/Illuminate/Database/Eloquent/Builder.php(1024): tap(Object(App/Models/TahunAjaran), Object(Closure))
#11 C:/laragon/www/kurikulum/vendor/laravel/framework/src/Illuminate/Database/Eloquent/Builder.php(585): Illuminate/Database/Eloquent/Builder->create(Array)
#12 C:/laragon/www/kurikulum/vendor/laravel/framework/src/Illuminate/Database/Eloquent/Builder.php(1728): Illuminate/Database/Eloquent/Builder->Illuminate/Database/Eloquent/{closure}()
#13 C:/laragon/www/kurikulum/vendor/laravel/framework/src/Illuminate/Database/Eloquent/Builder.php(585): Illuminate/Database/Eloquent/Builder->withSavepointIfNeeded(Object(Closure))
#14 C:/laragon/www/kurikulum/vendor/laravel/framework/src/Illuminate/Database/Eloquent/Builder.php(572): Illuminate/Database/Eloquent/Builder->createOrFirst(Array, Array)
#15 C:/laragon/www/kurikulum/vendor/laravel/framework/src/Illuminate/Support/Traits/ForwardsCalls.php(23): Illuminate/Database/Eloquent/Builder->firstOrCreate(Array, Array)
#16 C:/laragon/www/kurikulum/vendor/laravel/framework/src/Illuminate/Database/Eloquent/Model.php(2335): Illuminate/Database/Eloquent/Model->forwardCallTo(Object(Illuminate/Database/Eloquent/Builder), 'firstOrCreate', Array)
#17 C:/laragon/www/kurikulum/vendor/laravel/framework/src/Illuminate/Database/Eloquent/Model.php(2347): Illuminate/Database/Eloquent/Model->__call('firstOrCreate', Array)
#18 C:/laragon/www/kurikulum/database/seeders/DatabaseSeeder.php(41): Illuminate/Database/Eloquent/Model::__callStatic('firstOrCreate', Array)
#19 C:/laragon/www/kurikulum/vendor/laravel/framework/src/Illuminate/Container/BoundMethod.php(36): Database/Seeders/DatabaseSeeder->run()
#20 C:/laragon/www/kurikulum/vendor/laravel/framework/src/Illuminate/Container/Util.php(41): Illuminate/Container/BoundMethod::Illuminate/Container/{closure}()
#21 C:/laragon/www/kurikulum/vendor/laravel/framework/src/Illuminate/Container/BoundMethod.php(93): Illuminate/Container/Util::unwrapIfClosure(Object(Closure))
#22 C:/laragon/www/kurikulum/vendor/laravel/framework/src/Illuminate/Container/BoundMethod.php(35): Illuminate/Container/BoundMethod::callBoundMethod(Object(Illuminate/Foundation/Application), Array, Object(Closure))
#23 C:/laragon/www/kurikulum/vendor/laravel/framework/src/Illuminate/Container/Container.php(662): Illuminate/Container/BoundMethod::call(Object(Illuminate/Foundation/Application), Array, Array, NULL)
#24 C:/laragon/www/kurikulum/vendor/laravel/framework/src/Illuminate/Database/Seeder.php(184): Illuminate/Container/Container->call(Array, Array)
#25 C:/laragon/www/kurikulum/vendor/laravel/framework/src/Illuminate/Database/Seeder.php(193): Illuminate/Database/Seeder->Illuminate/Database/{closure}()
#26 C:/laragon/www/kurikulum/vendor/laravel/framework/src/Illuminate/Database/Console/Seeds/SeedCommand.php(70): Illuminate/Database/Seeder->__invoke()
#27 C:/laragon/www/kurikulum/vendor/laravel/framework/src/Illuminate/Database/Eloquent/Concerns/GuardsAttributes.php(155): Illuminate/Database/Console/Seeds/SeedCommand->Illuminate/Database/Console/Seeds/{closure}()
#28 C:/laragon/www/kurikulum/vendor/laravel/framework/src/Illuminate/Database/Console/Seeds/SeedCommand.php(69): Illuminate/Database/Eloquent/Model::unguarded(Object(Closure))
#29 C:/laragon/www/kurikulum/vendor/laravel/framework/src/Illuminate/Container/BoundMethod.php(36): Illuminate/Database/Console/Seeds/SeedCommand->handle()
#30 C:/laragon/www/kurikulum/vendor/laravel/framework/src/Illuminate/Container/Util.php(41): Illuminate/Container/BoundMethod::Illuminate/Container/{closure}()
#31 C:/laragon/www/kurikulum/vendor/laravel/framework/src/Illuminate/Container/BoundMethod.php(93): Illuminate/Container/Util::unwrapIfClosure(Object(Closure))
#32 C:/laragon/www/kurikulum/vendor/laravel/framework/src/Illuminate/Container/BoundMethod.php(35): Illuminate/Container/BoundMethod::callBoundMethod(Object(Illuminate/Foundation/Application), Array, Object(Closure))
#33 C:/laragon/www/kurikulum/vendor/laravel/framework/src/Illuminate/Container/Container.php(662): Illuminate/Container/BoundMethod::call(Object(Illuminate/Foundation/Application), Array, Array, NULL)
#34 C:/laragon/www/kurikulum/vendor/laravel/framework/src/Illuminate/Console/Command.php(211): Illuminate/Container/Container->call(Array)
#35 C:/laragon/www/kurikulum/vendor/symfony/console/Command/Command.php(326): Illuminate/Console/Command->execute(Object(Symfony/Component/Console/Input/ArgvInput), Object(Illuminate/Console/OutputStyle))
#36 C:/laragon/www/kurikulum/vendor/laravel/framework/src/Illuminate/Console/Command.php(180): Symfony/Component/Console/Command/Command->run(Object(Symfony/Component/Console/Input/ArgvInput), Object(Illuminate/Console/OutputStyle))
#37 C:/laragon/www/kurikulum/vendor/symfony/console/Application.php(1121): Illuminate/Console/Command->run(Object(Symfony/Component/Console/Input/ArgvInput), Object(Symfony/Component/Console/Output/ConsoleOutput))
#38 C:/laragon/www/kurikulum/vendor/symfony/console/Application.php(324): Symfony/Component/Console/Application->doRunCommand(Object(Illuminate/Database/Console/Seeds/SeedCommand), Object(Symfony/Component/Console/Input/ArgvInput), Object(Symfony/Component/Console/Output/ConsoleOutput))
#39 C:/laragon/www/kurikulum/vendor/symfony/console/Application.php(175): Symfony/Component/Console/Application->doRun(Object(Symfony/Component/Console/Input/ArgvInput), Object(Symfony/Component/Console/Output/ConsoleOutput))
#40 C:/laragon/www/kurikulum/vendor/laravel/framework/src/Illuminate/Foundation/Console/Kernel.php(201): Symfony/Component/Console/Application->run(Object(Symfony/Component/Console/Input/ArgvInput), Object(Symfony/Component/Console/Output/ConsoleOutput))
#41 C:/laragon/www/kurikulum/artisan(14): Illuminate/Foundation/Console/Kernel->handle(Object(Symfony/Component/Console/Input/ArgvInput), Object(Symfony/Component/Console/Output/ConsoleOutput))
#42 {main}

[previous exception] [object] (PDOException(code: 42S22): SQLSTATE[42S22]: Column not found: 1054 Unknown column 'status' in 'field list' at C:/laragon/www/kurikulum/vendor/laravel/framework/src/Illuminate/Database/MySqlConnection.php:39)
[stacktrace]
#0 C:/laragon/www/kurikulum/vendor/laravel/framework/src/Illuminate/Database/MySqlConnection.php(39): PDO->prepare('insert into `ta...')
#1 C:/laragon/www/kurikulum/vendor/laravel/framework/src/Illuminate/Database/Connection.php(816): Illuminate/Database/MySqlConnection->Illuminate/Database/{closure}('insert into `ta...', Array)
#2 C:/laragon/www/kurikulum/vendor/laravel/framework/src/Illuminate/Database/Connection.php(783): Illuminate/Database/Connection->runQueryCallback('insert into `ta...', Array, Object(Closure))
#3 C:/laragon/www/kurikulum/vendor/laravel/framework/src/Illuminate/Database/MySqlConnection.php(34): Illuminate/Database/Connection->run('insert into `ta...', Array, Object(Closure))
#4 C:/laragon/www/kurikulum/vendor/laravel/framework/src/Illuminate/Database/Query/Processors/MySqlProcessor.php(35): Illuminate/Database/MySqlConnection->insert('insert into `ta...', Array, 'id')
#5 C:/laragon/www/kurikulum/vendor/laravel/framework/src/Illuminate/Database/Query/Builder.php(3549): Illuminate/Database/Query/Processors/MySqlProcessor->processInsertGetId(Object(Illuminate/Database/Query/Builder), 'insert into `ta...', Array, 'id')
#6 C:/laragon/www/kurikulum/vendor/laravel/framework/src/Illuminate/Database/Eloquent/Builder.php(1982): Illuminate/Database/Query/Builder->insertGetId(Array, 'id')
#7 C:/laragon/www/kurikulum/vendor/laravel/framework/src/Illuminate/Database/Eloquent/Model.php(1334): Illuminate/Database/Eloquent/Builder->__call('insertGetId', Array)
#8 C:/laragon/www/kurikulum/vendor/laravel/framework/src/Illuminate/Database/Eloquent/Model.php(1299): Illuminate/Database/Eloquent/Model->insertAndSetId(Object(Illuminate/Database/Eloquent/Builder), Array)
#9 C:/laragon/www/kurikulum/vendor/laravel/framework/src/Illuminate/Database/Eloquent/Model.php(1138): Illuminate/Database/Eloquent/Model->performInsert(Object(Illuminate/Database/Eloquent/Builder))
#10 C:/laragon/www/kurikulum/vendor/laravel/framework/src/Illuminate/Database/Eloquent/Builder.php(1025): Illuminate/Database/Eloquent/Model->save()
#11 C:/laragon/www/kurikulum/vendor/laravel/framework/src/Illuminate/Support/helpers.php(320): Illuminate/Database/Eloquent/Builder->Illuminate/Database/Eloquent/{closure}(Object(App/Models/TahunAjaran))
#12 C:/laragon/www/kurikulum/vendor/laravel/framework/src/Illuminate/Database/Eloquent/Builder.php(1024): tap(Object(App/Models/TahunAjaran), Object(Closure))
#13 C:/laragon/www/kurikulum/vendor/laravel/framework/src/Illuminate/Database/Eloquent/Builder.php(585): Illuminate/Database/Eloquent/Builder->create(Array)
#14 C:/laragon/www/kurikulum/vendor/laravel/framework/src/Illuminate/Database/Eloquent/Builder.php(1728): Illuminate/Database/Eloquent/Builder->Illuminate/Database/Eloquent/{closure}()
#15 C:/laragon/www/kurikulum/vendor/laravel/framework/src/Illuminate/Database/Eloquent/Builder.php(585): Illuminate/Database/Eloquent/Builder->withSavepointIfNeeded(Object(Closure))
#16 C:/laragon/www/kurikulum/vendor/laravel/framework/src/Illuminate/Database/Eloquent/Builder.php(572): Illuminate/Database/Eloquent/Builder->createOrFirst(Array, Array)
#17 C:/laragon/www/kurikulum/vendor/laravel/framework/src/Illuminate/Support/Traits/ForwardsCalls.php(23): Illuminate/Database/Eloquent/Builder->firstOrCreate(Array, Array)
#18 C:/laragon/www/kurikulum/vendor/laravel/framework/src/Illuminate/Database/Eloquent/Model.php(2335): Illuminate/Database/Eloquent/Model->forwardCallTo(Object(Illuminate/Database/Eloquent/Builder), 'firstOrCreate', Array)
#19 C:/laragon/www/kurikulum/vendor/laravel/framework/src/Illuminate/Database/Eloquent/Model.php(2347): Illuminate/Database/Eloquent/Model->__call('firstOrCreate', Array)
#20 C:/laragon/www/kurikulum/database/seeders/DatabaseSeeder.php(41): Illuminate/Database/Eloquent/Model::__callStatic('firstOrCreate', Array)
#21 C:/laragon/www/kurikulum/vendor/laravel/framework/src/Illuminate/Container/BoundMethod.php(36): Database/Seeders/DatabaseSeeder->run()
#22 C:/laragon/www/kurikulum/vendor/laravel/framework/src/Illuminate/Container/Util.php(41): Illuminate/Container/BoundMethod::Illuminate/Container/{closure}()
#23 C:/laragon/www/kurikulum/vendor/laravel/framework/src/Illuminate/Container/BoundMethod.php(93): Illuminate/Container/Util::unwrapIfClosure(Object(Closure))
#24 C:/laragon/www/kurikulum/vendor/laravel/framework/src/Illuminate/Container/BoundMethod.php(35): Illuminate/Container/BoundMethod::callBoundMethod(Object(Illuminate/Foundation/Application), Array, Object(Closure))
#25 C:/laragon/www/kurikulum/vendor/laravel/framework/src/Illuminate/Container/Container.php(662): Illuminate/Container/BoundMethod::call(Object(Illuminate/Foundation/Application), Array, Array, NULL)
#26 C:/laragon/www/kurikulum/vendor/laravel/framework/src/Illuminate/Database/Seeder.php(184): Illuminate/Container/Container->call(Array, Array)
#27 C:/laragon/www/kurikulum/vendor/laravel/framework/src/Illuminate/Database/Seeder.php(193): Illuminate/Database/Seeder->Illuminate/Database/{closure}()
#28 C:/laragon/www/kurikulum/vendor/laravel/framework/src/Illuminate/Database/Console/Seeds/SeedCommand.php(70): Illuminate/Database/Seeder->__invoke()
#29 C:/laragon/www/kurikulum/vendor/laravel/framework/src/Illuminate/Database/Eloquent/Concerns/GuardsAttributes.php(155): Illuminate/Database/Console/Seeds/SeedCommand->Illuminate/Database/Console/Seeds/{closure}()
#30 C:/laragon/www/kurikulum/vendor/laravel/framework/src/Illuminate/Database/Console/Seeds/SeedCommand.php(69): Illuminate/Database/Eloquent/Model::unguarded(Object(Closure))
#31 C:/laragon/www/kurikulum/vendor/laravel/framework/src/Illuminate/Container/BoundMethod.php(36): Illuminate/Database/Console/Seeds/SeedCommand->handle()
#32 C:/laragon/www/kurikulum/vendor/laravel/framework/src/Illuminate/Container/Util.php(41): Illuminate/Container/BoundMethod::Illuminate/Container/{closure}()
#33 C:/laragon/www/kurikulum/vendor/laravel/framework/src/Illuminate/Container/BoundMethod.php(93): Illuminate/Container/Util::unwrapIfClosure(Object(Closure))
#34 C:/laragon/www/kurikulum/vendor/laravel/framework/src/Illuminate/Container/BoundMethod.php(35): Illuminate/Container/BoundMethod::callBoundMethod(Object(Illuminate/Foundation/Application), Array, Object(Closure))
#35 C:/laragon/www/kurikulum/vendor/laravel/framework/src/Illuminate/Container/Container.php(662): Illuminate/Container/BoundMethod::call(Object(Illuminate/Foundation/Application), Array, Array, NULL)
#36 C:/laragon/www/kurikulum/vendor/laravel/framework/src/Illuminate/Console/Command.php(211): Illuminate/Container/Container->call(Array)
#37 C:/laragon/www/kurikulum/vendor/symfony/console/Command/Command.php(326): Illuminate/Console/Command->execute(Object(Symfony/Component/Console/Input/ArgvInput), Object(Illuminate/Console/OutputStyle))
#38 C:/laragon/www/kurikulum/vendor/laravel/framework/src/Illuminate/Console/Command.php(180): Symfony/Component/Console/Command/Command->run(Object(Symfony/Component/Console/Input/ArgvInput), Object(Illuminate/Console/OutputStyle))
#39 C:/laragon/www/kurikulum/vendor/symfony/console/Application.php(1121): Illuminate/Console/Command->run(Object(Symfony/Component/Console/Input/ArgvInput), Object(Symfony/Component/Console/Output/ConsoleOutput))
#40 C:/laragon/www/kurikulum/vendor/symfony/console/Application.php(324): Symfony/Component/Console/Application->doRunCommand(Object(Illuminate/Database/Console/Seeds/SeedCommand), Object(Symfony/Component/Console/Input/ArgvInput), Object(Symfony/Component/Console/Output/ConsoleOutput))
#41 C:/laragon/www/kurikulum/vendor/symfony/console/Application.php(175): Symfony/Component/Console/Application->doRun(Object(Symfony/Component/Console/Input/ArgvInput), Object(Symfony/Component/Console/Output/ConsoleOutput))
#42 C:/laragon/www/kurikulum/vendor/laravel/framework/src/Illuminate/Foundation/Console/Kernel.php(201): Symfony/Component/Console/Application->run(Object(Symfony/Component/Console/Input/ArgvInput), Object(Symfony/Component/Console/Output/ConsoleOutput))
#43 C:/laragon/www/kurikulum/artisan(14): Illuminate/Foundation/Console/Kernel->handle(Object(Symfony/Component/Console/Input/ArgvInput), Object(Symfony/Component/Console/Output/ConsoleOutput))
#44 {main}
"} 
[2026-07-18 12:36:08] local.ERROR: Command "migrate:fesh" is not defined.

Did you mean one of these?
    migrate
    migrate:fresh
    migrate:install
    migrate:refresh
    migrate:reset
    migrate:rollback
    migrate:status {"exception":"[object] (Symfony\\Component\\Console\\Exception\\CommandNotFoundException(code: 0): Command \"migrate:fesh\" is not defined.

Did you mean one of these?
    migrate
    migrate:fresh
    migrate:install
    migrate:refresh
    migrate:reset
    migrate:rollback
    migrate:status at C:/laragon/www/kurikulum/vendor/symfony/console/Application.php:745)
[stacktrace]
#0 C:/laragon/www/kurikulum/vendor/symfony/console/Application.php(266): Symfony/Component/Console/Application->find('migrate:fesh')
#1 C:/laragon/www/kurikulum/vendor/symfony/console/Application.php(175): Symfony/Component/Console/Application->doRun(Object(Symfony/Component/Console/Input/ArgvInput), Object(Symfony/Component/Console/Output/ConsoleOutput))
#2 C:/laragon/www/kurikulum/vendor/laravel/framework/src/Illuminate/Foundation/Console/Kernel.php(201): Symfony/Component/Console/Application->run(Object(Symfony/Component/Console/Input/ArgvInput), Object(Symfony/Component/Console/Output/ConsoleOutput))
#3 C:/laragon/www/kurikulum/artisan(14): Illuminate/Foundation/Console/Kernel->handle(Object(Symfony/Component/Console/Input/ArgvInput), Object(Symfony/Component/Console/Output/ConsoleOutput))
#4 {main}
"} 
[2026-07-18 12:36:16] local.ERROR: SQLSTATE[42S22]: Column not found: 1054 Unknown column 'status' in 'field list' (Connection: datacenter, SQL: insert into `tahun_ajaran` (`nama_tahun_ajaran`, `status`, `updated_at`, `created_at`) values (2025/2026, Aktif, 2026-07-18 12:36:16, 2026-07-18 12:36:16)) {"exception":"[object] (Illuminate\\Database\\QueryException(code: 42S22): SQLSTATE[42S22]: Column not found: 1054 Unknown column 'status' in 'field list' (Connection: datacenter, SQL: insert into `tahun_ajaran` (`nama_tahun_ajaran`, `status`, `updated_at`, `created_at`) values (2025/2026, Aktif, 2026-07-18 12:36:16, 2026-07-18 12:36:16)) at C:/laragon/www/kurikulum/vendor/laravel/framework/src/Illuminate/Database/Connection.php:829)
[stacktrace]
#0 C:/laragon/www/kurikulum/vendor/laravel/framework/src/Illuminate/Database/Connection.php(783): Illuminate/Database/Connection->runQueryCallback('insert into `ta...', Array, Object(Closure))
#1 C:/laragon/www/kurikulum/vendor/laravel/framework/src/Illuminate/Database/MySqlConnection.php(34): Illuminate/Database/Connection->run('insert into `ta...', Array, Object(Closure))
#2 C:/laragon/www/kurikulum/vendor/laravel/framework/src/Illuminate/Database/Query/Processors/MySqlProcessor.php(35): Illuminate/Database/MySqlConnection->insert('insert into `ta...', Array, 'id')
#3 C:/laragon/www/kurikulum/vendor/laravel/framework/src/Illuminate/Database/Query/Builder.php(3549): Illuminate/Database/Query/Processors/MySqlProcessor->processInsertGetId(Object(Illuminate/Database/Query/Builder), 'insert into `ta...', Array, 'id')
#4 C:/laragon/www/kurikulum/vendor/laravel/framework/src/Illuminate/Database/Eloquent/Builder.php(1982): Illuminate/Database/Query/Builder->insertGetId(Array, 'id')
#5 C:/laragon/www/kurikulum/vendor/laravel/framework/src/Illuminate/Database/Eloquent/Model.php(1334): Illuminate/Database/Eloquent/Builder->__call('insertGetId', Array)
#6 C:/laragon/www/kurikulum/vendor/laravel/framework/src/Illuminate/Database/Eloquent/Model.php(1299): Illuminate/Database/Eloquent/Model->insertAndSetId(Object(Illuminate/Database/Eloquent/Builder), Array)
#7 C:/laragon/www/kurikulum/vendor/laravel/framework/src/Illuminate/Database/Eloquent/Model.php(1138): Illuminate/Database/Eloquent/Model->performInsert(Object(Illuminate/Database/Eloquent/Builder))
#8 C:/laragon/www/kurikulum/vendor/laravel/framework/src/Illuminate/Database/Eloquent/Builder.php(1025): Illuminate/Database/Eloquent/Model->save()
#9 C:/laragon/www/kurikulum/vendor/laravel/framework/src/Illuminate/Support/helpers.php(320): Illuminate/Database/Eloquent/Builder->Illuminate/Database/Eloquent/{closure}(Object(App/Models/TahunAjaran))
#10 C:/laragon/www/kurikulum/vendor/laravel/framework/src/Illuminate/Database/Eloquent/Builder.php(1024): tap(Object(App/Models/TahunAjaran), Object(Closure))
#11 C:/laragon/www/kurikulum/vendor/laravel/framework/src/Illuminate/Database/Eloquent/Builder.php(585): Illuminate/Database/Eloquent/Builder->create(Array)
#12 C:/laragon/www/kurikulum/vendor/laravel/framework/src/Illuminate/Database/Eloquent/Builder.php(1728): Illuminate/Database/Eloquent/Builder->Illuminate/Database/Eloquent/{closure}()
#13 C:/laragon/www/kurikulum/vendor/laravel/framework/src/Illuminate/Database/Eloquent/Builder.php(585): Illuminate/Database/Eloquent/Builder->withSavepointIfNeeded(Object(Closure))
#14 C:/laragon/www/kurikulum/vendor/laravel/framework/src/Illuminate/Database/Eloquent/Builder.php(572): Illuminate/Database/Eloquent/Builder->createOrFirst(Array, Array)
#15 C:/laragon/www/kurikulum/vendor/laravel/framework/src/Illuminate/Support/Traits/ForwardsCalls.php(23): Illuminate/Database/Eloquent/Builder->firstOrCreate(Array, Array)
#16 C:/laragon/www/kurikulum/vendor/laravel/framework/src/Illuminate/Database/Eloquent/Model.php(2335): Illuminate/Database/Eloquent/Model->forwardCallTo(Object(Illuminate/Database/Eloquent/Builder), 'firstOrCreate', Array)
#17 C:/laragon/www/kurikulum/vendor/laravel/framework/src/Illuminate/Database/Eloquent/Model.php(2347): Illuminate/Database/Eloquent/Model->__call('firstOrCreate', Array)
#18 C:/laragon/www/kurikulum/database/seeders/DatabaseSeeder.php(41): Illuminate/Database/Eloquent/Model::__callStatic('firstOrCreate', Array)
#19 C:/laragon/www/kurikulum/vendor/laravel/framework/src/Illuminate/Container/BoundMethod.php(36): Database/Seeders/DatabaseSeeder->run()
#20 C:/laragon/www/kurikulum/vendor/laravel/framework/src/Illuminate/Container/Util.php(41): Illuminate/Container/BoundMethod::Illuminate/Container/{closure}()
#21 C:/laragon/www/kurikulum/vendor/laravel/framework/src/Illuminate/Container/BoundMethod.php(93): Illuminate/Container/Util::unwrapIfClosure(Object(Closure))
#22 C:/laragon/www/kurikulum/vendor/laravel/framework/src/Illuminate/Container/BoundMethod.php(35): Illuminate/Container/BoundMethod::callBoundMethod(Object(Illuminate/Foundation/Application), Array, Object(Closure))
#23 C:/laragon/www/kurikulum/vendor/laravel/framework/src/Illuminate/Container/Container.php(662): Illuminate/Container/BoundMethod::call(Object(Illuminate/Foundation/Application), Array, Array, NULL)
#24 C:/laragon/www/kurikulum/vendor/laravel/framework/src/Illuminate/Database/Seeder.php(184): Illuminate/Container/Container->call(Array, Array)
#25 C:/laragon/www/kurikulum/vendor/laravel/framework/src/Illuminate/Database/Seeder.php(193): Illuminate/Database/Seeder->Illuminate/Database/{closure}()
#26 C:/laragon/www/kurikulum/vendor/laravel/framework/src/Illuminate/Database/Console/Seeds/SeedCommand.php(70): Illuminate/Database/Seeder->__invoke()
#27 C:/laragon/www/kurikulum/vendor/laravel/framework/src/Illuminate/Database/Eloquent/Concerns/GuardsAttributes.php(155): Illuminate/Database/Console/Seeds/SeedCommand->Illuminate/Database/Console/Seeds/{closure}()
#28 C:/laragon/www/kurikulum/vendor/laravel/framework/src/Illuminate/Database/Console/Seeds/SeedCommand.php(69): Illuminate/Database/Eloquent/Model::unguarded(Object(Closure))
#29 C:/laragon/www/kurikulum/vendor/laravel/framework/src/Illuminate/Container/BoundMethod.php(36): Illuminate/Database/Console/Seeds/SeedCommand->handle()
#30 C:/laragon/www/kurikulum/vendor/laravel/framework/src/Illuminate/Container/Util.php(41): Illuminate/Container/BoundMethod::Illuminate/Container/{closure}()
#31 C:/laragon/www/kurikulum/vendor/laravel/framework/src/Illuminate/Container/BoundMethod.php(93): Illuminate/Container/Util::unwrapIfClosure(Object(Closure))
#32 C:/laragon/www/kurikulum/vendor/laravel/framework/src/Illuminate/Container/BoundMethod.php(35): Illuminate/Container/BoundMethod::callBoundMethod(Object(Illuminate/Foundation/Application), Array, Object(Closure))
#33 C:/laragon/www/kurikulum/vendor/laravel/framework/src/Illuminate/Container/Container.php(662): Illuminate/Container/BoundMethod::call(Object(Illuminate/Foundation/Application), Array, Array, NULL)
#34 C:/laragon/www/kurikulum/vendor/laravel/framework/src/Illuminate/Console/Command.php(211): Illuminate/Container/Container->call(Array)
#35 C:/laragon/www/kurikulum/vendor/symfony/console/Command/Command.php(326): Illuminate/Console/Command->execute(Object(Symfony/Component/Console/Input/ArrayInput), Object(Illuminate/Console/OutputStyle))
#36 C:/laragon/www/kurikulum/vendor/laravel/framework/src/Illuminate/Console/Command.php(180): Symfony/Component/Console/Command/Command->run(Object(Symfony/Component/Console/Input/ArrayInput), Object(Illuminate/Console/OutputStyle))
#37 C:/laragon/www/kurikulum/vendor/laravel/framework/src/Illuminate/Console/Concerns/CallsCommands.php(67): Illuminate/Console/Command->run(Object(Symfony/Component/Console/Input/ArrayInput), Object(Illuminate/Console/OutputStyle))
#38 C:/laragon/www/kurikulum/vendor/laravel/framework/src/Illuminate/Console/Concerns/CallsCommands.php(28): Illuminate/Console/Command->runCommand('db:seed', Array, Object(Illuminate/Console/OutputStyle))
#39 C:/laragon/www/kurikulum/vendor/laravel/framework/src/Illuminate/Database/Console/Migrations/FreshCommand.php(93): Illuminate/Console/Command->call('db:seed', Array)
#40 C:/laragon/www/kurikulum/vendor/laravel/framework/src/Illuminate/Database/Console/Migrations/FreshCommand.php(69): Illuminate/Database/Console/Migrations/FreshCommand->runSeeder(NULL)
#41 C:/laragon/www/kurikulum/vendor/laravel/framework/src/Illuminate/Container/BoundMethod.php(36): Illuminate/Database/Console/Migrations/FreshCommand->handle()
#42 C:/laragon/www/kurikulum/vendor/laravel/framework/src/Illuminate/Container/Util.php(41): Illuminate/Container/BoundMethod::Illuminate/Container/{closure}()
#43 C:/laragon/www/kurikulum/vendor/laravel/framework/src/Illuminate/Container/BoundMethod.php(93): Illuminate/Container/Util::unwrapIfClosure(Object(Closure))
#44 C:/laragon/www/kurikulum/vendor/laravel/framework/src/Illuminate/Container/BoundMethod.php(35): Illuminate/Container/BoundMethod::callBoundMethod(Object(Illuminate/Foundation/Application), Array, Object(Closure))
#45 C:/laragon/www/kurikulum/vendor/laravel/framework/src/Illuminate/Container/Container.php(662): Illuminate/Container/BoundMethod::call(Object(Illuminate/Foundation/Application), Array, Array, NULL)
#46 C:/laragon/www/kurikulum/vendor/laravel/framework/src/Illuminate/Console/Command.php(211): Illuminate/Container/Container->call(Array)
#47 C:/laragon/www/kurikulum/vendor/symfony/console/Command/Command.php(326): Illuminate/Console/Command->execute(Object(Symfony/Component/Console/Input/ArgvInput), Object(Illuminate/Console/OutputStyle))
#48 C:/laragon/www/kurikulum/vendor/laravel/framework/src/Illuminate/Console/Command.php(180): Symfony/Component/Console/Command/Command->run(Object(Symfony/Component/Console/Input/ArgvInput), Object(Illuminate/Console/OutputStyle))
#49 C:/laragon/www/kurikulum/vendor/symfony/console/Application.php(1121): Illuminate/Console/Command->run(Object(Symfony/Component/Console/Input/ArgvInput), Object(Symfony/Component/Console/Output/ConsoleOutput))
#50 C:/laragon/www/kurikulum/vendor/symfony/console/Application.php(324): Symfony/Component/Console/Application->doRunCommand(Object(Illuminate/Database/Console/Migrations/FreshCommand), Object(Symfony/Component/Console/Input/ArgvInput), Object(Symfony/Component/Console/Output/ConsoleOutput))
#51 C:/laragon/www/kurikulum/vendor/symfony/console/Application.php(175): Symfony/Component/Console/Application->doRun(Object(Symfony/Component/Console/Input/ArgvInput), Object(Symfony/Component/Console/Output/ConsoleOutput))
#52 C:/laragon/www/kurikulum/vendor/laravel/framework/src/Illuminate/Foundation/Console/Kernel.php(201): Symfony/Component/Console/Application->run(Object(Symfony/Component/Console/Input/ArgvInput), Object(Symfony/Component/Console/Output/ConsoleOutput))
#53 C:/laragon/www/kurikulum/artisan(14): Illuminate/Foundation/Console/Kernel->handle(Object(Symfony/Component/Console/Input/ArgvInput), Object(Symfony/Component/Console/Output/ConsoleOutput))
#54 {main}

[previous exception] [object] (PDOException(code: 42S22): SQLSTATE[42S22]: Column not found: 1054 Unknown column 'status' in 'field list' at C:/laragon/www/kurikulum/vendor/laravel/framework/src/Illuminate/Database/MySqlConnection.php:39)
[stacktrace]
#0 C:/laragon/www/kurikulum/vendor/laravel/framework/src/Illuminate/Database/MySqlConnection.php(39): PDO->prepare('insert into `ta...')
#1 C:/laragon/www/kurikulum/vendor/laravel/framework/src/Illuminate/Database/Connection.php(816): Illuminate/Database/MySqlConnection->Illuminate/Database/{closure}('insert into `ta...', Array)
#2 C:/laragon/www/kurikulum/vendor/laravel/framework/src/Illuminate/Database/Connection.php(783): Illuminate/Database/Connection->runQueryCallback('insert into `ta...', Array, Object(Closure))
#3 C:/laragon/www/kurikulum/vendor/laravel/framework/src/Illuminate/Database/MySqlConnection.php(34): Illuminate/Database/Connection->run('insert into `ta...', Array, Object(Closure))
#4 C:/laragon/www/kurikulum/vendor/laravel/framework/src/Illuminate/Database/Query/Processors/MySqlProcessor.php(35): Illuminate/Database/MySqlConnection->insert('insert into `ta...', Array, 'id')
#5 C:/laragon/www/kurikulum/vendor/laravel/framework/src/Illuminate/Database/Query/Builder.php(3549): Illuminate/Database/Query/Processors/MySqlProcessor->processInsertGetId(Object(Illuminate/Database/Query/Builder), 'insert into `ta...', Array, 'id')
#6 C:/laragon/www/kurikulum/vendor/laravel/framework/src/Illuminate/Database/Eloquent/Builder.php(1982): Illuminate/Database/Query/Builder->insertGetId(Array, 'id')
#7 C:/laragon/www/kurikulum/vendor/laravel/framework/src/Illuminate/Database/Eloquent/Model.php(1334): Illuminate/Database/Eloquent/Builder->__call('insertGetId', Array)
#8 C:/laragon/www/kurikulum/vendor/laravel/framework/src/Illuminate/Database/Eloquent/Model.php(1299): Illuminate/Database/Eloquent/Model->insertAndSetId(Object(Illuminate/Database/Eloquent/Builder), Array)
#9 C:/laragon/www/kurikulum/vendor/laravel/framework/src/Illuminate/Database/Eloquent/Model.php(1138): Illuminate/Database/Eloquent/Model->performInsert(Object(Illuminate/Database/Eloquent/Builder))
#10 C:/laragon/www/kurikulum/vendor/laravel/framework/src/Illuminate/Database/Eloquent/Builder.php(1025): Illuminate/Database/Eloquent/Model->save()
#11 C:/laragon/www/kurikulum/vendor/laravel/framework/src/Illuminate/Support/helpers.php(320): Illuminate/Database/Eloquent/Builder->Illuminate/Database/Eloquent/{closure}(Object(App/Models/TahunAjaran))
#12 C:/laragon/www/kurikulum/vendor/laravel/framework/src/Illuminate/Database/Eloquent/Builder.php(1024): tap(Object(App/Models/TahunAjaran), Object(Closure))
#13 C:/laragon/www/kurikulum/vendor/laravel/framework/src/Illuminate/Database/Eloquent/Builder.php(585): Illuminate/Database/Eloquent/Builder->create(Array)
#14 C:/laragon/www/kurikulum/vendor/laravel/framework/src/Illuminate/Database/Eloquent/Builder.php(1728): Illuminate/Database/Eloquent/Builder->Illuminate/Database/Eloquent/{closure}()
#15 C:/laragon/www/kurikulum/vendor/laravel/framework/src/Illuminate/Database/Eloquent/Builder.php(585): Illuminate/Database/Eloquent/Builder->withSavepointIfNeeded(Object(Closure))
#16 C:/laragon/www/kurikulum/vendor/laravel/framework/src/Illuminate/Database/Eloquent/Builder.php(572): Illuminate/Database/Eloquent/Builder->createOrFirst(Array, Array)
#17 C:/laragon/www/kurikulum/vendor/laravel/framework/src/Illuminate/Support/Traits/ForwardsCalls.php(23): Illuminate/Database/Eloquent/Builder->firstOrCreate(Array, Array)
#18 C:/laragon/www/kurikulum/vendor/laravel/framework/src/Illuminate/Database/Eloquent/Model.php(2335): Illuminate/Database/Eloquent/Model->forwardCallTo(Object(Illuminate/Database/Eloquent/Builder), 'firstOrCreate', Array)
#19 C:/laragon/www/kurikulum/vendor/laravel/framework/src/Illuminate/Database/Eloquent/Model.php(2347): Illuminate/Database/Eloquent/Model->__call('firstOrCreate', Array)
#20 C:/laragon/www/kurikulum/database/seeders/DatabaseSeeder.php(41): Illuminate/Database/Eloquent/Model::__callStatic('firstOrCreate', Array)
#21 C:/laragon/www/kurikulum/vendor/laravel/framework/src/Illuminate/Container/BoundMethod.php(36): Database/Seeders/DatabaseSeeder->run()
#22 C:/laragon/www/kurikulum/vendor/laravel/framework/src/Illuminate/Container/Util.php(41): Illuminate/Container/BoundMethod::Illuminate/Container/{closure}()
#23 C:/laragon/www/kurikulum/vendor/laravel/framework/src/Illuminate/Container/BoundMethod.php(93): Illuminate/Container/Util::unwrapIfClosure(Object(Closure))
#24 C:/laragon/www/kurikulum/vendor/laravel/framework/src/Illuminate/Container/BoundMethod.php(35): Illuminate/Container/BoundMethod::callBoundMethod(Object(Illuminate/Foundation/Application), Array, Object(Closure))
#25 C:/laragon/www/kurikulum/vendor/laravel/framework/src/Illuminate/Container/Container.php(662): Illuminate/Container/BoundMethod::call(Object(Illuminate/Foundation/Application), Array, Array, NULL)
#26 C:/laragon/www/kurikulum/vendor/laravel/framework/src/Illuminate/Database/Seeder.php(184): Illuminate/Container/Container->call(Array, Array)
#27 C:/laragon/www/kurikulum/vendor/laravel/framework/src/Illuminate/Database/Seeder.php(193): Illuminate/Database/Seeder->Illuminate/Database/{closure}()
#28 C:/laragon/www/kurikulum/vendor/laravel/framework/src/Illuminate/Database/Console/Seeds/SeedCommand.php(70): Illuminate/Database/Seeder->__invoke()
#29 C:/laragon/www/kurikulum/vendor/laravel/framework/src/Illuminate/Database/Eloquent/Concerns/GuardsAttributes.php(155): Illuminate/Database/Console/Seeds/SeedCommand->Illuminate/Database/Console/Seeds/{closure}()
#30 C:/laragon/www/kurikulum/vendor/laravel/framework/src/Illuminate/Database/Console/Seeds/SeedCommand.php(69): Illuminate/Database/Eloquent/Model::unguarded(Object(Closure))
#31 C:/laragon/www/kurikulum/vendor/laravel/framework/src/Illuminate/Container/BoundMethod.php(36): Illuminate/Database/Console/Seeds/SeedCommand->handle()
#32 C:/laragon/www/kurikulum/vendor/laravel/framework/src/Illuminate/Container/Util.php(41): Illuminate/Container/BoundMethod::Illuminate/Container/{closure}()
#33 C:/laragon/www/kurikulum/vendor/laravel/framework/src/Illuminate/Container/BoundMethod.php(93): Illuminate/Container/Util::unwrapIfClosure(Object(Closure))
#34 C:/laragon/www/kurikulum/vendor/laravel/framework/src/Illuminate/Container/BoundMethod.php(35): Illuminate/Container/BoundMethod::callBoundMethod(Object(Illuminate/Foundation/Application), Array, Object(Closure))
#35 C:/laragon/www/kurikulum/vendor/laravel/framework/src/Illuminate/Container/Container.php(662): Illuminate/Container/BoundMethod::call(Object(Illuminate/Foundation/Application), Array, Array, NULL)
#36 C:/laragon/www/kurikulum/vendor/laravel/framework/src/Illuminate/Console/Command.php(211): Illuminate/Container/Container->call(Array)
#37 C:/laragon/www/kurikulum/vendor/symfony/console/Command/Command.php(326): Illuminate/Console/Command->execute(Object(Symfony/Component/Console/Input/ArrayInput), Object(Illuminate/Console/OutputStyle))
#38 C:/laragon/www/kurikulum/vendor/laravel/framework/src/Illuminate/Console/Command.php(180): Symfony/Component/Console/Command/Command->run(Object(Symfony/Component/Console/Input/ArrayInput), Object(Illuminate/Console/OutputStyle))
#39 C:/laragon/www/kurikulum/vendor/laravel/framework/src/Illuminate/Console/Concerns/CallsCommands.php(67): Illuminate/Console/Command->run(Object(Symfony/Component/Console/Input/ArrayInput), Object(Illuminate/Console/OutputStyle))
#40 C:/laragon/www/kurikulum/vendor/laravel/framework/src/Illuminate/Console/Concerns/CallsCommands.php(28): Illuminate/Console/Command->runCommand('db:seed', Array, Object(Illuminate/Console/OutputStyle))
#41 C:/laragon/www/kurikulum/vendor/laravel/framework/src/Illuminate/Database/Console/Migrations/FreshCommand.php(93): Illuminate/Console/Command->call('db:seed', Array)
#42 C:/laragon/www/kurikulum/vendor/laravel/framework/src/Illuminate/Database/Console/Migrations/FreshCommand.php(69): Illuminate/Database/Console/Migrations/FreshCommand->runSeeder(NULL)
#43 C:/laragon/www/kurikulum/vendor/laravel/framework/src/Illuminate/Container/BoundMethod.php(36): Illuminate/Database/Console/Migrations/FreshCommand->handle()
#44 C:/laragon/www/kurikulum/vendor/laravel/framework/src/Illuminate/Container/Util.php(41): Illuminate/Container/BoundMethod::Illuminate/Container/{closure}()
#45 C:/laragon/www/kurikulum/vendor/laravel/framework/src/Illuminate/Container/BoundMethod.php(93): Illuminate/Container/Util::unwrapIfClosure(Object(Closure))
#46 C:/laragon/www/kurikulum/vendor/laravel/framework/src/Illuminate/Container/BoundMethod.php(35): Illuminate/Container/BoundMethod::callBoundMethod(Object(Illuminate/Foundation/Application), Array, Object(Closure))
#47 C:/laragon/www/kurikulum/vendor/laravel/framework/src/Illuminate/Container/Container.php(662): Illuminate/Container/BoundMethod::call(Object(Illuminate/Foundation/Application), Array, Array, NULL)
#48 C:/laragon/www/kurikulum/vendor/laravel/framework/src/Illuminate/Console/Command.php(211): Illuminate/Container/Container->call(Array)
#49 C:/laragon/www/kurikulum/vendor/symfony/console/Command/Command.php(326): Illuminate/Console/Command->execute(Object(Symfony/Component/Console/Input/ArgvInput), Object(Illuminate/Console/OutputStyle))
#50 C:/laragon/www/kurikulum/vendor/laravel/framework/src/Illuminate/Console/Command.php(180): Symfony/Component/Console/Command/Command->run(Object(Symfony/Component/Console/Input/ArgvInput), Object(Illuminate/Console/OutputStyle))
#51 C:/laragon/www/kurikulum/vendor/symfony/console/Application.php(1121): Illuminate/Console/Command->run(Object(Symfony/Component/Console/Input/ArgvInput), Object(Symfony/Component/Console/Output/ConsoleOutput))
#52 C:/laragon/www/kurikulum/vendor/symfony/console/Application.php(324): Symfony/Component/Console/Application->doRunCommand(Object(Illuminate/Database/Console/Migrations/FreshCommand), Object(Symfony/Component/Console/Input/ArgvInput), Object(Symfony/Component/Console/Output/ConsoleOutput))
#53 C:/laragon/www/kurikulum/vendor/symfony/console/Application.php(175): Symfony/Component/Console/Application->doRun(Object(Symfony/Component/Console/Input/ArgvInput), Object(Symfony/Component/Console/Output/ConsoleOutput))
#54 C:/laragon/www/kurikulum/vendor/laravel/framework/src/Illuminate/Foundation/Console/Kernel.php(201): Symfony/Component/Console/Application->run(Object(Symfony/Component/Console/Input/ArgvInput), Object(Symfony/Component/Console/Output/ConsoleOutput))
#55 C:/laragon/www/kurikulum/artisan(14): Illuminate/Foundation/Console/Kernel->handle(Object(Symfony/Component/Console/Input/ArgvInput), Object(Symfony/Component/Console/Output/ConsoleOutput))
#56 {main}
"} 
[2026-07-18 12:38:26] local.ERROR: SQLSTATE[HY000] [1049] Unknown database 'kurikulum' (Connection: mysql, SQL: select table_name as `name`, (data_length + index_length) as `size`, table_comment as `comment`, engine as `engine`, table_collation as `collation` from information_schema.tables where table_schema = 'kurikulum' and table_type in ('BASE TABLE', 'SYSTEM VERSIONED') order by table_name) {"exception":"[object] (Illuminate\\Database\\QueryException(code: 1049): SQLSTATE[HY000] [1049] Unknown database 'kurikulum' (Connection: mysql, SQL: select table_name as `name`, (data_length + index_length) as `size`, table_comment as `comment`, engine as `engine`, table_collation as `collation` from information_schema.tables where table_schema = 'kurikulum' and table_type in ('BASE TABLE', 'SYSTEM VERSIONED') order by table_name) at C:/laragon/www/kurikulum/vendor/laravel/framework/src/Illuminate/Database/Connection.php:829)
[stacktrace]
#0 C:/laragon/www/kurikulum/vendor/laravel/framework/src/Illuminate/Database/Connection.php(783): Illuminate/Database/Connection->runQueryCallback('select table_na...', Array, Object(Closure))
#1 C:/laragon/www/kurikulum/vendor/laravel/framework/src/Illuminate/Database/Connection.php(414): Illuminate/Database/Connection->run('select table_na...', Array, Object(Closure))
#2 C:/laragon/www/kurikulum/vendor/laravel/framework/src/Illuminate/Database/Connection.php(401): Illuminate/Database/Connection->select('select table_na...', Array, false)
#3 C:/laragon/www/kurikulum/vendor/laravel/framework/src/Illuminate/Database/Schema/MySqlBuilder.php(41): Illuminate/Database/Connection->selectFromWriteConnection('select table_na...')
#4 C:/laragon/www/kurikulum/vendor/laravel/framework/src/Illuminate/Database/Schema/MySqlBuilder.php(147): Illuminate/Database/Schema/MySqlBuilder->getTables()
#5 C:/laragon/www/kurikulum/vendor/laravel/framework/src/Illuminate/Database/Console/WipeCommand.php(71): Illuminate/Database/Schema/MySqlBuilder->dropAllTables()
#6 C:/laragon/www/kurikulum/vendor/laravel/framework/src/Illuminate/Database/Console/WipeCommand.php(48): Illuminate/Database/Console/WipeCommand->dropAllTables(NULL)
#7 C:/laragon/www/kurikulum/vendor/laravel/framework/src/Illuminate/Container/BoundMethod.php(36): Illuminate/Database/Console/WipeCommand->handle()
#8 C:/laragon/www/kurikulum/vendor/laravel/framework/src/Illuminate/Container/Util.php(41): Illuminate/Container/BoundMethod::Illuminate/Container/{closure}()
#9 C:/laragon/www/kurikulum/vendor/laravel/framework/src/Illuminate/Container/BoundMethod.php(93): Illuminate/Container/Util::unwrapIfClosure(Object(Closure))
#10 C:/laragon/www/kurikulum/vendor/laravel/framework/src/Illuminate/Container/BoundMethod.php(35): Illuminate/Container/BoundMethod::callBoundMethod(Object(Illuminate/Foundation/Application), Array, Object(Closure))
#11 C:/laragon/www/kurikulum/vendor/laravel/framework/src/Illuminate/Container/Container.php(662): Illuminate/Container/BoundMethod::call(Object(Illuminate/Foundation/Application), Array, Array, NULL)
#12 C:/laragon/www/kurikulum/vendor/laravel/framework/src/Illuminate/Console/Command.php(211): Illuminate/Container/Container->call(Array)
#13 C:/laragon/www/kurikulum/vendor/symfony/console/Command/Command.php(326): Illuminate/Console/Command->execute(Object(Symfony/Component/Console/Input/ArrayInput), Object(Illuminate/Console/OutputStyle))
#14 C:/laragon/www/kurikulum/vendor/laravel/framework/src/Illuminate/Console/Command.php(180): Symfony/Component/Console/Command/Command->run(Object(Symfony/Component/Console/Input/ArrayInput), Object(Illuminate/Console/OutputStyle))
#15 C:/laragon/www/kurikulum/vendor/laravel/framework/src/Illuminate/Console/Concerns/CallsCommands.php(67): Illuminate/Console/Command->run(Object(Symfony/Component/Console/Input/ArrayInput), Object(Symfony/Component/Console/Output/NullOutput))
#16 C:/laragon/www/kurikulum/vendor/laravel/framework/src/Illuminate/Console/Concerns/CallsCommands.php(40): Illuminate/Console/Command->runCommand('db:wipe', Array, Object(Symfony/Component/Console/Output/NullOutput))
#17 C:/laragon/www/kurikulum/vendor/laravel/framework/src/Illuminate/Database/Console/Migrations/FreshCommand.php(44): Illuminate/Console/Command->callSilent('db:wipe', Array)
#18 C:/laragon/www/kurikulum/vendor/laravel/framework/src/Illuminate/Console/View/Components/Task.php(37): Illuminate/Database/Console/Migrations/FreshCommand->Illuminate/Database/Console/Migrations/{closure}()
#19 C:/laragon/www/kurikulum/vendor/laravel/framework/src/Illuminate/Console/View/Components/Factory.php(58): Illuminate/Console/View/Components/Task->render('Dropping all ta...', Object(Closure))
#20 C:/laragon/www/kurikulum/vendor/laravel/framework/src/Illuminate/Database/Console/Migrations/FreshCommand.php(44): Illuminate/Console/View/Components/Factory->__call('task', Array)
#21 C:/laragon/www/kurikulum/vendor/laravel/framework/src/Illuminate/Container/BoundMethod.php(36): Illuminate/Database/Console/Migrations/FreshCommand->handle()
#22 C:/laragon/www/kurikulum/vendor/laravel/framework/src/Illuminate/Container/Util.php(41): Illuminate/Container/BoundMethod::Illuminate/Container/{closure}()
#23 C:/laragon/www/kurikulum/vendor/laravel/framework/src/Illuminate/Container/BoundMethod.php(93): Illuminate/Container/Util::unwrapIfClosure(Object(Closure))
#24 C:/laragon/www/kurikulum/vendor/laravel/framework/src/Illuminate/Container/BoundMethod.php(35): Illuminate/Container/BoundMethod::callBoundMethod(Object(Illuminate/Foundation/Application), Array, Object(Closure))
#25 C:/laragon/www/kurikulum/vendor/laravel/framework/src/Illuminate/Container/Container.php(662): Illuminate/Container/BoundMethod::call(Object(Illuminate/Foundation/Application), Array, Array, NULL)
#26 C:/laragon/www/kurikulum/vendor/laravel/framework/src/Illuminate/Console/Command.php(211): Illuminate/Container/Container->call(Array)
#27 C:/laragon/www/kurikulum/vendor/symfony/console/Command/Command.php(326): Illuminate/Console/Command->execute(Object(Symfony/Component/Console/Input/ArgvInput), Object(Illuminate/Console/OutputStyle))
#28 C:/laragon/www/kurikulum/vendor/laravel/framework/src/Illuminate/Console/Command.php(180): Symfony/Component/Console/Command/Command->run(Object(Symfony/Component/Console/Input/ArgvInput), Object(Illuminate/Console/OutputStyle))
#29 C:/laragon/www/kurikulum/vendor/symfony/console/Application.php(1121): Illuminate/Console/Command->run(Object(Symfony/Component/Console/Input/ArgvInput), Object(Symfony/Component/Console/Output/ConsoleOutput))
#30 C:/laragon/www/kurikulum/vendor/symfony/console/Application.php(324): Symfony/Component/Console/Application->doRunCommand(Object(Illuminate/Database/Console/Migrations/FreshCommand), Object(Symfony/Component/Console/Input/ArgvInput), Object(Symfony/Component/Console/Output/ConsoleOutput))
#31 C:/laragon/www/kurikulum/vendor/symfony/console/Application.php(175): Symfony/Component/Console/Application->doRun(Object(Symfony/Component/Console/Input/ArgvInput), Object(Symfony/Component/Console/Output/ConsoleOutput))
#32 C:/laragon/www/kurikulum/vendor/laravel/framework/src/Illuminate/Foundation/Console/Kernel.php(201): Symfony/Component/Console/Application->run(Object(Symfony/Component/Console/Input/ArgvInput), Object(Symfony/Component/Console/Output/ConsoleOutput))
#33 C:/laragon/www/kurikulum/artisan(14): Illuminate/Foundation/Console/Kernel->handle(Object(Symfony/Component/Console/Input/ArgvInput), Object(Symfony/Component/Console/Output/ConsoleOutput))
#34 {main}

[previous exception] [object] (PDOException(code: 1049): SQLSTATE[HY000] [1049] Unknown database 'kurikulum' at C:/laragon/www/kurikulum/vendor/laravel/framework/src/Illuminate/Database/Connectors/Connector.php:65)
[stacktrace]
#0 C:/laragon/www/kurikulum/vendor/laravel/framework/src/Illuminate/Database/Connectors/Connector.php(65): PDO->__construct('mysql:host=127....', 'root', Object(SensitiveParameterValue), Array)
#1 C:/laragon/www/kurikulum/vendor/laravel/framework/src/Illuminate/Database/Connectors/Connector.php(44): Illuminate/Database/Connectors/Connector->createPdoConnection('mysql:host=127....', 'root', '', Array)
#2 C:/laragon/www/kurikulum/vendor/laravel/framework/src/Illuminate/Database/Connectors/MySqlConnector.php(24): Illuminate/Database/Connectors/Connector->createConnection('mysql:host=127....', Array, Array)
#3 C:/laragon/www/kurikulum/vendor/laravel/framework/src/Illuminate/Database/Connectors/ConnectionFactory.php(184): Illuminate/Database/Connectors/MySqlConnector->connect(Array)
#4 [internal function]: Illuminate/Database/Connectors/ConnectionFactory->Illuminate/Database/Connectors/{closure}()
#5 C:/laragon/www/kurikulum/vendor/laravel/framework/src/Illuminate/Database/Connection.php(1339): call_user_func(Object(Closure))
#6 C:/laragon/www/kurikulum/vendor/laravel/framework/src/Illuminate/Database/Connection.php(528): Illuminate/Database/Connection->getPdo()
#7 C:/laragon/www/kurikulum/vendor/laravel/framework/src/Illuminate/Database/Connection.php(423): Illuminate/Database/Connection->getPdoForSelect(false)
#8 C:/laragon/www/kurikulum/vendor/laravel/framework/src/Illuminate/Database/Connection.php(816): Illuminate/Database/Connection->Illuminate/Database/{closure}('select table_na...', Array)
#9 C:/laragon/www/kurikulum/vendor/laravel/framework/src/Illuminate/Database/Connection.php(783): Illuminate/Database/Connection->runQueryCallback('select table_na...', Array, Object(Closure))
#10 C:/laragon/www/kurikulum/vendor/laravel/framework/src/Illuminate/Database/Connection.php(414): Illuminate/Database/Connection->run('select table_na...', Array, Object(Closure))
#11 C:/laragon/www/kurikulum/vendor/laravel/framework/src/Illuminate/Database/Connection.php(401): Illuminate/Database/Connection->select('select table_na...', Array, false)
#12 C:/laragon/www/kurikulum/vendor/laravel/framework/src/Illuminate/Database/Schema/MySqlBuilder.php(41): Illuminate/Database/Connection->selectFromWriteConnection('select table_na...')
#13 C:/laragon/www/kurikulum/vendor/laravel/framework/src/Illuminate/Database/Schema/MySqlBuilder.php(147): Illuminate/Database/Schema/MySqlBuilder->getTables()
#14 C:/laragon/www/kurikulum/vendor/laravel/framework/src/Illuminate/Database/Console/WipeCommand.php(71): Illuminate/Database/Schema/MySqlBuilder->dropAllTables()
#15 C:/laragon/www/kurikulum/vendor/laravel/framework/src/Illuminate/Database/Console/WipeCommand.php(48): Illuminate/Database/Console/WipeCommand->dropAllTables(NULL)
#16 C:/laragon/www/kurikulum/vendor/laravel/framework/src/Illuminate/Container/BoundMethod.php(36): Illuminate/Database/Console/WipeCommand->handle()
#17 C:/laragon/www/kurikulum/vendor/laravel/framework/src/Illuminate/Container/Util.php(41): Illuminate/Container/BoundMethod::Illuminate/Container/{closure}()
#18 C:/laragon/www/kurikulum/vendor/laravel/framework/src/Illuminate/Container/BoundMethod.php(93): Illuminate/Container/Util::unwrapIfClosure(Object(Closure))
#19 C:/laragon/www/kurikulum/vendor/laravel/framework/src/Illuminate/Container/BoundMethod.php(35): Illuminate/Container/BoundMethod::callBoundMethod(Object(Illuminate/Foundation/Application), Array, Object(Closure))
#20 C:/laragon/www/kurikulum/vendor/laravel/framework/src/Illuminate/Container/Container.php(662): Illuminate/Container/BoundMethod::call(Object(Illuminate/Foundation/Application), Array, Array, NULL)
#21 C:/laragon/www/kurikulum/vendor/laravel/framework/src/Illuminate/Console/Command.php(211): Illuminate/Container/Container->call(Array)
#22 C:/laragon/www/kurikulum/vendor/symfony/console/Command/Command.php(326): Illuminate/Console/Command->execute(Object(Symfony/Component/Console/Input/ArrayInput), Object(Illuminate/Console/OutputStyle))
#23 C:/laragon/www/kurikulum/vendor/laravel/framework/src/Illuminate/Console/Command.php(180): Symfony/Component/Console/Command/Command->run(Object(Symfony/Component/Console/Input/ArrayInput), Object(Illuminate/Console/OutputStyle))
#24 C:/laragon/www/kurikulum/vendor/laravel/framework/src/Illuminate/Console/Concerns/CallsCommands.php(67): Illuminate/Console/Command->run(Object(Symfony/Component/Console/Input/ArrayInput), Object(Symfony/Component/Console/Output/NullOutput))
#25 C:/laragon/www/kurikulum/vendor/laravel/framework/src/Illuminate/Console/Concerns/CallsCommands.php(40): Illuminate/Console/Command->runCommand('db:wipe', Array, Object(Symfony/Component/Console/Output/NullOutput))
#26 C:/laragon/www/kurikulum/vendor/laravel/framework/src/Illuminate/Database/Console/Migrations/FreshCommand.php(44): Illuminate/Console/Command->callSilent('db:wipe', Array)
#27 C:/laragon/www/kurikulum/vendor/laravel/framework/src/Illuminate/Console/View/Components/Task.php(37): Illuminate/Database/Console/Migrations/FreshCommand->Illuminate/Database/Console/Migrations/{closure}()
#28 C:/laragon/www/kurikulum/vendor/laravel/framework/src/Illuminate/Console/View/Components/Factory.php(58): Illuminate/Console/View/Components/Task->render('Dropping all ta...', Object(Closure))
#29 C:/laragon/www/kurikulum/vendor/laravel/framework/src/Illuminate/Database/Console/Migrations/FreshCommand.php(44): Illuminate/Console/View/Components/Factory->__call('task', Array)
#30 C:/laragon/www/kurikulum/vendor/laravel/framework/src/Illuminate/Container/BoundMethod.php(36): Illuminate/Database/Console/Migrations/FreshCommand->handle()
#31 C:/laragon/www/kurikulum/vendor/laravel/framework/src/Illuminate/Container/Util.php(41): Illuminate/Container/BoundMethod::Illuminate/Container/{closure}()
#32 C:/laragon/www/kurikulum/vendor/laravel/framework/src/Illuminate/Container/BoundMethod.php(93): Illuminate/Container/Util::unwrapIfClosure(Object(Closure))
#33 C:/laragon/www/kurikulum/vendor/laravel/framework/src/Illuminate/Container/BoundMethod.php(35): Illuminate/Container/BoundMethod::callBoundMethod(Object(Illuminate/Foundation/Application), Array, Object(Closure))
#34 C:/laragon/www/kurikulum/vendor/laravel/framework/src/Illuminate/Container/Container.php(662): Illuminate/Container/BoundMethod::call(Object(Illuminate/Foundation/Application), Array, Array, NULL)
#35 C:/laragon/www/kurikulum/vendor/laravel/framework/src/Illuminate/Console/Command.php(211): Illuminate/Container/Container->call(Array)
#36 C:/laragon/www/kurikulum/vendor/symfony/console/Command/Command.php(326): Illuminate/Console/Command->execute(Object(Symfony/Component/Console/Input/ArgvInput), Object(Illuminate/Console/OutputStyle))
#37 C:/laragon/www/kurikulum/vendor/laravel/framework/src/Illuminate/Console/Command.php(180): Symfony/Component/Console/Command/Command->run(Object(Symfony/Component/Console/Input/ArgvInput), Object(Illuminate/Console/OutputStyle))
#38 C:/laragon/www/kurikulum/vendor/symfony/console/Application.php(1121): Illuminate/Console/Command->run(Object(Symfony/Component/Console/Input/ArgvInput), Object(Symfony/Component/Console/Output/ConsoleOutput))
#39 C:/laragon/www/kurikulum/vendor/symfony/console/Application.php(324): Symfony/Component/Console/Application->doRunCommand(Object(Illuminate/Database/Console/Migrations/FreshCommand), Object(Symfony/Component/Console/Input/ArgvInput), Object(Symfony/Component/Console/Output/ConsoleOutput))
#40 C:/laragon/www/kurikulum/vendor/symfony/console/Application.php(175): Symfony/Component/Console/Application->doRun(Object(Symfony/Component/Console/Input/ArgvInput), Object(Symfony/Component/Console/Output/ConsoleOutput))
#41 C:/laragon/www/kurikulum/vendor/laravel/framework/src/Illuminate/Foundation/Console/Kernel.php(201): Symfony/Component/Console/Application->run(Object(Symfony/Component/Console/Input/ArgvInput), Object(Symfony/Component/Console/Output/ConsoleOutput))
#42 C:/laragon/www/kurikulum/artisan(14): Illuminate/Foundation/Console/Kernel->handle(Object(Symfony/Component/Console/Input/ArgvInput), Object(Symfony/Component/Console/Output/ConsoleOutput))
#43 {main}
"} 
[2026-07-18 12:38:52] local.ERROR: SQLSTATE[42S22]: Column not found: 1054 Unknown column 'status' in 'field list' (Connection: datacenter, SQL: insert into `tahun_ajaran` (`nama_tahun_ajaran`, `status`, `updated_at`, `created_at`) values (2025/2026, Aktif, 2026-07-18 12:38:52, 2026-07-18 12:38:52)) {"exception":"[object] (Illuminate\\Database\\QueryException(code: 42S22): SQLSTATE[42S22]: Column not found: 1054 Unknown column 'status' in 'field list' (Connection: datacenter, SQL: insert into `tahun_ajaran` (`nama_tahun_ajaran`, `status`, `updated_at`, `created_at`) values (2025/2026, Aktif, 2026-07-18 12:38:52, 2026-07-18 12:38:52)) at C:/laragon/www/kurikulum/vendor/laravel/framework/src/Illuminate/Database/Connection.php:829)
[stacktrace]
#0 C:/laragon/www/kurikulum/vendor/laravel/framework/src/Illuminate/Database/Connection.php(783): Illuminate/Database/Connection->runQueryCallback('insert into `ta...', Array, Object(Closure))
#1 C:/laragon/www/kurikulum/vendor/laravel/framework/src/Illuminate/Database/MySqlConnection.php(34): Illuminate/Database/Connection->run('insert into `ta...', Array, Object(Closure))
#2 C:/laragon/www/kurikulum/vendor/laravel/framework/src/Illuminate/Database/Query/Processors/MySqlProcessor.php(35): Illuminate/Database/MySqlConnection->insert('insert into `ta...', Array, 'id')
#3 C:/laragon/www/kurikulum/vendor/laravel/framework/src/Illuminate/Database/Query/Builder.php(3549): Illuminate/Database/Query/Processors/MySqlProcessor->processInsertGetId(Object(Illuminate/Database/Query/Builder), 'insert into `ta...', Array, 'id')
#4 C:/laragon/www/kurikulum/vendor/laravel/framework/src/Illuminate/Database/Eloquent/Builder.php(1982): Illuminate/Database/Query/Builder->insertGetId(Array, 'id')
#5 C:/laragon/www/kurikulum/vendor/laravel/framework/src/Illuminate/Database/Eloquent/Model.php(1334): Illuminate/Database/Eloquent/Builder->__call('insertGetId', Array)
#6 C:/laragon/www/kurikulum/vendor/laravel/framework/src/Illuminate/Database/Eloquent/Model.php(1299): Illuminate/Database/Eloquent/Model->insertAndSetId(Object(Illuminate/Database/Eloquent/Builder), Array)
#7 C:/laragon/www/kurikulum/vendor/laravel/framework/src/Illuminate/Database/Eloquent/Model.php(1138): Illuminate/Database/Eloquent/Model->performInsert(Object(Illuminate/Database/Eloquent/Builder))
#8 C:/laragon/www/kurikulum/vendor/laravel/framework/src/Illuminate/Database/Eloquent/Builder.php(1025): Illuminate/Database/Eloquent/Model->save()
#9 C:/laragon/www/kurikulum/vendor/laravel/framework/src/Illuminate/Support/helpers.php(320): Illuminate/Database/Eloquent/Builder->Illuminate/Database/Eloquent/{closure}(Object(App/Models/TahunAjaran))
#10 C:/laragon/www/kurikulum/vendor/laravel/framework/src/Illuminate/Database/Eloquent/Builder.php(1024): tap(Object(App/Models/TahunAjaran), Object(Closure))
#11 C:/laragon/www/kurikulum/vendor/laravel/framework/src/Illuminate/Database/Eloquent/Builder.php(585): Illuminate/Database/Eloquent/Builder->create(Array)
#12 C:/laragon/www/kurikulum/vendor/laravel/framework/src/Illuminate/Database/Eloquent/Builder.php(1728): Illuminate/Database/Eloquent/Builder->Illuminate/Database/Eloquent/{closure}()
#13 C:/laragon/www/kurikulum/vendor/laravel/framework/src/Illuminate/Database/Eloquent/Builder.php(585): Illuminate/Database/Eloquent/Builder->withSavepointIfNeeded(Object(Closure))
#14 C:/laragon/www/kurikulum/vendor/laravel/framework/src/Illuminate/Database/Eloquent/Builder.php(572): Illuminate/Database/Eloquent/Builder->createOrFirst(Array, Array)
#15 C:/laragon/www/kurikulum/vendor/laravel/framework/src/Illuminate/Support/Traits/ForwardsCalls.php(23): Illuminate/Database/Eloquent/Builder->firstOrCreate(Array, Array)
#16 C:/laragon/www/kurikulum/vendor/laravel/framework/src/Illuminate/Database/Eloquent/Model.php(2335): Illuminate/Database/Eloquent/Model->forwardCallTo(Object(Illuminate/Database/Eloquent/Builder), 'firstOrCreate', Array)
#17 C:/laragon/www/kurikulum/vendor/laravel/framework/src/Illuminate/Database/Eloquent/Model.php(2347): Illuminate/Database/Eloquent/Model->__call('firstOrCreate', Array)
#18 C:/laragon/www/kurikulum/database/seeders/DatabaseSeeder.php(41): Illuminate/Database/Eloquent/Model::__callStatic('firstOrCreate', Array)
#19 C:/laragon/www/kurikulum/vendor/laravel/framework/src/Illuminate/Container/BoundMethod.php(36): Database/Seeders/DatabaseSeeder->run()
#20 C:/laragon/www/kurikulum/vendor/laravel/framework/src/Illuminate/Container/Util.php(41): Illuminate/Container/BoundMethod::Illuminate/Container/{closure}()
#21 C:/laragon/www/kurikulum/vendor/laravel/framework/src/Illuminate/Container/BoundMethod.php(93): Illuminate/Container/Util::unwrapIfClosure(Object(Closure))
#22 C:/laragon/www/kurikulum/vendor/laravel/framework/src/Illuminate/Container/BoundMethod.php(35): Illuminate/Container/BoundMethod::callBoundMethod(Object(Illuminate/Foundation/Application), Array, Object(Closure))
#23 C:/laragon/www/kurikulum/vendor/laravel/framework/src/Illuminate/Container/Container.php(662): Illuminate/Container/BoundMethod::call(Object(Illuminate/Foundation/Application), Array, Array, NULL)
#24 C:/laragon/www/kurikulum/vendor/laravel/framework/src/Illuminate/Database/Seeder.php(184): Illuminate/Container/Container->call(Array, Array)
#25 C:/laragon/www/kurikulum/vendor/laravel/framework/src/Illuminate/Database/Seeder.php(193): Illuminate/Database/Seeder->Illuminate/Database/{closure}()
#26 C:/laragon/www/kurikulum/vendor/laravel/framework/src/Illuminate/Database/Console/Seeds/SeedCommand.php(70): Illuminate/Database/Seeder->__invoke()
#27 C:/laragon/www/kurikulum/vendor/laravel/framework/src/Illuminate/Database/Eloquent/Concerns/GuardsAttributes.php(155): Illuminate/Database/Console/Seeds/SeedCommand->Illuminate/Database/Console/Seeds/{closure}()
#28 C:/laragon/www/kurikulum/vendor/laravel/framework/src/Illuminate/Database/Console/Seeds/SeedCommand.php(69): Illuminate/Database/Eloquent/Model::unguarded(Object(Closure))
#29 C:/laragon/www/kurikulum/vendor/laravel/framework/src/Illuminate/Container/BoundMethod.php(36): Illuminate/Database/Console/Seeds/SeedCommand->handle()
#30 C:/laragon/www/kurikulum/vendor/laravel/framework/src/Illuminate/Container/Util.php(41): Illuminate/Container/BoundMethod::Illuminate/Container/{closure}()
#31 C:/laragon/www/kurikulum/vendor/laravel/framework/src/Illuminate/Container/BoundMethod.php(93): Illuminate/Container/Util::unwrapIfClosure(Object(Closure))
#32 C:/laragon/www/kurikulum/vendor/laravel/framework/src/Illuminate/Container/BoundMethod.php(35): Illuminate/Container/BoundMethod::callBoundMethod(Object(Illuminate/Foundation/Application), Array, Object(Closure))
#33 C:/laragon/www/kurikulum/vendor/laravel/framework/src/Illuminate/Container/Container.php(662): Illuminate/Container/BoundMethod::call(Object(Illuminate/Foundation/Application), Array, Array, NULL)
#34 C:/laragon/www/kurikulum/vendor/laravel/framework/src/Illuminate/Console/Command.php(211): Illuminate/Container/Container->call(Array)
#35 C:/laragon/www/kurikulum/vendor/symfony/console/Command/Command.php(326): Illuminate/Console/Command->execute(Object(Symfony/Component/Console/Input/ArgvInput), Object(Illuminate/Console/OutputStyle))
#36 C:/laragon/www/kurikulum/vendor/laravel/framework/src/Illuminate/Console/Command.php(180): Symfony/Component/Console/Command/Command->run(Object(Symfony/Component/Console/Input/ArgvInput), Object(Illuminate/Console/OutputStyle))
#37 C:/laragon/www/kurikulum/vendor/symfony/console/Application.php(1121): Illuminate/Console/Command->run(Object(Symfony/Component/Console/Input/ArgvInput), Object(Symfony/Component/Console/Output/ConsoleOutput))
#38 C:/laragon/www/kurikulum/vendor/symfony/console/Application.php(324): Symfony/Component/Console/Application->doRunCommand(Object(Illuminate/Database/Console/Seeds/SeedCommand), Object(Symfony/Component/Console/Input/ArgvInput), Object(Symfony/Component/Console/Output/ConsoleOutput))
#39 C:/laragon/www/kurikulum/vendor/symfony/console/Application.php(175): Symfony/Component/Console/Application->doRun(Object(Symfony/Component/Console/Input/ArgvInput), Object(Symfony/Component/Console/Output/ConsoleOutput))
#40 C:/laragon/www/kurikulum/vendor/laravel/framework/src/Illuminate/Foundation/Console/Kernel.php(201): Symfony/Component/Console/Application->run(Object(Symfony/Component/Console/Input/ArgvInput), Object(Symfony/Component/Console/Output/ConsoleOutput))
#41 C:/laragon/www/kurikulum/artisan(14): Illuminate/Foundation/Console/Kernel->handle(Object(Symfony/Component/Console/Input/ArgvInput), Object(Symfony/Component/Console/Output/ConsoleOutput))
#42 {main}

[previous exception] [object] (PDOException(code: 42S22): SQLSTATE[42S22]: Column not found: 1054 Unknown column 'status' in 'field list' at C:/laragon/www/kurikulum/vendor/laravel/framework/src/Illuminate/Database/MySqlConnection.php:39)
[stacktrace]
#0 C:/laragon/www/kurikulum/vendor/laravel/framework/src/Illuminate/Database/MySqlConnection.php(39): PDO->prepare('insert into `ta...')
#1 C:/laragon/www/kurikulum/vendor/laravel/framework/src/Illuminate/Database/Connection.php(816): Illuminate/Database/MySqlConnection->Illuminate/Database/{closure}('insert into `ta...', Array)
#2 C:/laragon/www/kurikulum/vendor/laravel/framework/src/Illuminate/Database/Connection.php(783): Illuminate/Database/Connection->runQueryCallback('insert into `ta...', Array, Object(Closure))
#3 C:/laragon/www/kurikulum/vendor/laravel/framework/src/Illuminate/Database/MySqlConnection.php(34): Illuminate/Database/Connection->run('insert into `ta...', Array, Object(Closure))
#4 C:/laragon/www/kurikulum/vendor/laravel/framework/src/Illuminate/Database/Query/Processors/MySqlProcessor.php(35): Illuminate/Database/MySqlConnection->insert('insert into `ta...', Array, 'id')
#5 C:/laragon/www/kurikulum/vendor/laravel/framework/src/Illuminate/Database/Query/Builder.php(3549): Illuminate/Database/Query/Processors/MySqlProcessor->processInsertGetId(Object(Illuminate/Database/Query/Builder), 'insert into `ta...', Array, 'id')
#6 C:/laragon/www/kurikulum/vendor/laravel/framework/src/Illuminate/Database/Eloquent/Builder.php(1982): Illuminate/Database/Query/Builder->insertGetId(Array, 'id')
#7 C:/laragon/www/kurikulum/vendor/laravel/framework/src/Illuminate/Database/Eloquent/Model.php(1334): Illuminate/Database/Eloquent/Builder->__call('insertGetId', Array)
#8 C:/laragon/www/kurikulum/vendor/laravel/framework/src/Illuminate/Database/Eloquent/Model.php(1299): Illuminate/Database/Eloquent/Model->insertAndSetId(Object(Illuminate/Database/Eloquent/Builder), Array)
#9 C:/laragon/www/kurikulum/vendor/laravel/framework/src/Illuminate/Database/Eloquent/Model.php(1138): Illuminate/Database/Eloquent/Model->performInsert(Object(Illuminate/Database/Eloquent/Builder))
#10 C:/laragon/www/kurikulum/vendor/laravel/framework/src/Illuminate/Database/Eloquent/Builder.php(1025): Illuminate/Database/Eloquent/Model->save()
#11 C:/laragon/www/kurikulum/vendor/laravel/framework/src/Illuminate/Support/helpers.php(320): Illuminate/Database/Eloquent/Builder->Illuminate/Database/Eloquent/{closure}(Object(App/Models/TahunAjaran))
#12 C:/laragon/www/kurikulum/vendor/laravel/framework/src/Illuminate/Database/Eloquent/Builder.php(1024): tap(Object(App/Models/TahunAjaran), Object(Closure))
#13 C:/laragon/www/kurikulum/vendor/laravel/framework/src/Illuminate/Database/Eloquent/Builder.php(585): Illuminate/Database/Eloquent/Builder->create(Array)
#14 C:/laragon/www/kurikulum/vendor/laravel/framework/src/Illuminate/Database/Eloquent/Builder.php(1728): Illuminate/Database/Eloquent/Builder->Illuminate/Database/Eloquent/{closure}()
#15 C:/laragon/www/kurikulum/vendor/laravel/framework/src/Illuminate/Database/Eloquent/Builder.php(585): Illuminate/Database/Eloquent/Builder->withSavepointIfNeeded(Object(Closure))
#16 C:/laragon/www/kurikulum/vendor/laravel/framework/src/Illuminate/Database/Eloquent/Builder.php(572): Illuminate/Database/Eloquent/Builder->createOrFirst(Array, Array)
#17 C:/laragon/www/kurikulum/vendor/laravel/framework/src/Illuminate/Support/Traits/ForwardsCalls.php(23): Illuminate/Database/Eloquent/Builder->firstOrCreate(Array, Array)
#18 C:/laragon/www/kurikulum/vendor/laravel/framework/src/Illuminate/Database/Eloquent/Model.php(2335): Illuminate/Database/Eloquent/Model->forwardCallTo(Object(Illuminate/Database/Eloquent/Builder), 'firstOrCreate', Array)
#19 C:/laragon/www/kurikulum/vendor/laravel/framework/src/Illuminate/Database/Eloquent/Model.php(2347): Illuminate/Database/Eloquent/Model->__call('firstOrCreate', Array)
#20 C:/laragon/www/kurikulum/database/seeders/DatabaseSeeder.php(41): Illuminate/Database/Eloquent/Model::__callStatic('firstOrCreate', Array)
#21 C:/laragon/www/kurikulum/vendor/laravel/framework/src/Illuminate/Container/BoundMethod.php(36): Database/Seeders/DatabaseSeeder->run()
#22 C:/laragon/www/kurikulum/vendor/laravel/framework/src/Illuminate/Container/Util.php(41): Illuminate/Container/BoundMethod::Illuminate/Container/{closure}()
#23 C:/laragon/www/kurikulum/vendor/laravel/framework/src/Illuminate/Container/BoundMethod.php(93): Illuminate/Container/Util::unwrapIfClosure(Object(Closure))
#24 C:/laragon/www/kurikulum/vendor/laravel/framework/src/Illuminate/Container/BoundMethod.php(35): Illuminate/Container/BoundMethod::callBoundMethod(Object(Illuminate/Foundation/Application), Array, Object(Closure))
#25 C:/laragon/www/kurikulum/vendor/laravel/framework/src/Illuminate/Container/Container.php(662): Illuminate/Container/BoundMethod::call(Object(Illuminate/Foundation/Application), Array, Array, NULL)
#26 C:/laragon/www/kurikulum/vendor/laravel/framework/src/Illuminate/Database/Seeder.php(184): Illuminate/Container/Container->call(Array, Array)
#27 C:/laragon/www/kurikulum/vendor/laravel/framework/src/Illuminate/Database/Seeder.php(193): Illuminate/Database/Seeder->Illuminate/Database/{closure}()
#28 C:/laragon/www/kurikulum/vendor/laravel/framework/src/Illuminate/Database/Console/Seeds/SeedCommand.php(70): Illuminate/Database/Seeder->__invoke()
#29 C:/laragon/www/kurikulum/vendor/laravel/framework/src/Illuminate/Database/Eloquent/Concerns/GuardsAttributes.php(155): Illuminate/Database/Console/Seeds/SeedCommand->Illuminate/Database/Console/Seeds/{closure}()
#30 C:/laragon/www/kurikulum/vendor/laravel/framework/src/Illuminate/Database/Console/Seeds/SeedCommand.php(69): Illuminate/Database/Eloquent/Model::unguarded(Object(Closure))
#31 C:/laragon/www/kurikulum/vendor/laravel/framework/src/Illuminate/Container/BoundMethod.php(36): Illuminate/Database/Console/Seeds/SeedCommand->handle()
#32 C:/laragon/www/kurikulum/vendor/laravel/framework/src/Illuminate/Container/Util.php(41): Illuminate/Container/BoundMethod::Illuminate/Container/{closure}()
#33 C:/laragon/www/kurikulum/vendor/laravel/framework/src/Illuminate/Container/BoundMethod.php(93): Illuminate/Container/Util::unwrapIfClosure(Object(Closure))
#34 C:/laragon/www/kurikulum/vendor/laravel/framework/src/Illuminate/Container/BoundMethod.php(35): Illuminate/Container/BoundMethod::callBoundMethod(Object(Illuminate/Foundation/Application), Array, Object(Closure))
#35 C:/laragon/www/kurikulum/vendor/laravel/framework/src/Illuminate/Container/Container.php(662): Illuminate/Container/BoundMethod::call(Object(Illuminate/Foundation/Application), Array, Array, NULL)
#36 C:/laragon/www/kurikulum/vendor/laravel/framework/src/Illuminate/Console/Command.php(211): Illuminate/Container/Container->call(Array)
#37 C:/laragon/www/kurikulum/vendor/symfony/console/Command/Command.php(326): Illuminate/Console/Command->execute(Object(Symfony/Component/Console/Input/ArgvInput), Object(Illuminate/Console/OutputStyle))
#38 C:/laragon/www/kurikulum/vendor/laravel/framework/src/Illuminate/Console/Command.php(180): Symfony/Component/Console/Command/Command->run(Object(Symfony/Component/Console/Input/ArgvInput), Object(Illuminate/Console/OutputStyle))
#39 C:/laragon/www/kurikulum/vendor/symfony/console/Application.php(1121): Illuminate/Console/Command->run(Object(Symfony/Component/Console/Input/ArgvInput), Object(Symfony/Component/Console/Output/ConsoleOutput))
#40 C:/laragon/www/kurikulum/vendor/symfony/console/Application.php(324): Symfony/Component/Console/Application->doRunCommand(Object(Illuminate/Database/Console/Seeds/SeedCommand), Object(Symfony/Component/Console/Input/ArgvInput), Object(Symfony/Component/Console/Output/ConsoleOutput))
#41 C:/laragon/www/kurikulum/vendor/symfony/console/Application.php(175): Symfony/Component/Console/Application->doRun(Object(Symfony/Component/Console/Input/ArgvInput), Object(Symfony/Component/Console/Output/ConsoleOutput))
#42 C:/laragon/www/kurikulum/vendor/laravel/framework/src/Illuminate/Foundation/Console/Kernel.php(201): Symfony/Component/Console/Application->run(Object(Symfony/Component/Console/Input/ArgvInput), Object(Symfony/Component/Console/Output/ConsoleOutput))
#43 C:/laragon/www/kurikulum/artisan(14): Illuminate/Foundation/Console/Kernel->handle(Object(Symfony/Component/Console/Input/ArgvInput), Object(Symfony/Component/Console/Output/ConsoleOutput))
#44 {main}
"} 
[2026-07-18 12:41:43] local.ERROR: SQLSTATE[42S22]: Column not found: 1054 Unknown column 'nama_tingkat' in 'order clause' (Connection: datacenter, SQL: select * from `tingkat_kelas` order by `nama_tingkat` asc) {"userId":1,"exception":"[object] (Illuminate\\Database\\QueryException(code: 42S22): SQLSTATE[42S22]: Column not found: 1054 Unknown column 'nama_tingkat' in 'order clause' (Connection: datacenter, SQL: select * from `tingkat_kelas` order by `nama_tingkat` asc) at C:/laragon/www/kurikulum/vendor/laravel/framework/src/Illuminate/Database/Connection.php:829)
[stacktrace]
#0 C:/laragon/www/kurikulum/vendor/laravel/framework/src/Illuminate/Database/Connection.php(783): Illuminate/Database/Connection->runQueryCallback('select * from `...', Array, Object(Closure))
#1 C:/laragon/www/kurikulum/vendor/laravel/framework/src/Illuminate/Database/Connection.php(414): Illuminate/Database/Connection->run('select * from `...', Array, Object(Closure))
#2 C:/laragon/www/kurikulum/vendor/laravel/framework/src/Illuminate/Database/Query/Builder.php(2913): Illuminate/Database/Connection->select('select * from `...', Array, true)
#3 C:/laragon/www/kurikulum/vendor/laravel/framework/src/Illuminate/Database/Query/Builder.php(2902): Illuminate/Database/Query/Builder->runSelect()
#4 C:/laragon/www/kurikulum/vendor/laravel/framework/src/Illuminate/Database/Query/Builder.php(3456): Illuminate/Database/Query/Builder->Illuminate/Database/Query/{closure}()
#5 C:/laragon/www/kurikulum/vendor/laravel/framework/src/Illuminate/Database/Query/Builder.php(2901): Illuminate/Database/Query/Builder->onceWithColumns(Array, Object(Closure))
#6 C:/laragon/www/kurikulum/vendor/laravel/framework/src/Illuminate/Database/Eloquent/Builder.php(739): Illuminate/Database/Query/Builder->get(Array)
#7 C:/laragon/www/kurikulum/vendor/laravel/framework/src/Illuminate/Database/Eloquent/Builder.php(723): Illuminate/Database/Eloquent/Builder->getModels(Array)
#8 C:/laragon/www/kurikulum/app/Http/Controllers/Crud/BaseCrudController.php(206): Illuminate/Database/Eloquent/Builder->get()
#9 C:/laragon/www/kurikulum/app/Http/Controllers/Crud/BaseCrudController.php(124): App/Http/Controllers/Crud/BaseCrudController->resolveFieldOptions(Array)
#10 C:/laragon/www/kurikulum/vendor/laravel/framework/src/Illuminate/Routing/Controller.php(54): App/Http/Controllers/Crud/BaseCrudController->create()
#11 C:/laragon/www/kurikulum/vendor/laravel/framework/src/Illuminate/Routing/ControllerDispatcher.php(43): Illuminate/Routing/Controller->callAction('create', Array)
#12 C:/laragon/www/kurikulum/vendor/laravel/framework/src/Illuminate/Routing/Route.php(259): Illuminate/Routing/ControllerDispatcher->dispatch(Object(Illuminate/Routing/Route), Object(App/Http/Controllers/Kurikulum/AlokasiJamMapelController), 'create')
#13 C:/laragon/www/kurikulum/vendor/laravel/framework/src/Illuminate/Routing/Route.php(205): Illuminate/Routing/Route->runController()
#14 C:/laragon/www/kurikulum/vendor/laravel/framework/src/Illuminate/Routing/Router.php(806): Illuminate/Routing/Route->run()
#15 C:/laragon/www/kurikulum/vendor/laravel/framework/src/Illuminate/Pipeline/Pipeline.php(144): Illuminate/Routing/Router->Illuminate/Routing/{closure}(Object(Illuminate/Http/Request))
#16 C:/laragon/www/kurikulum/app/Http/Middleware/EnsureUserHasRole.php(23): Illuminate/Pipeline/Pipeline->Illuminate/Pipeline/{closure}(Object(Illuminate/Http/Request))
#17 C:/laragon/www/kurikulum/vendor/laravel/framework/src/Illuminate/Pipeline/Pipeline.php(183): App/Http/Middleware/EnsureUserHasRole->handle(Object(Illuminate/Http/Request), Object(Closure), 'admin', 'guru')
#18 C:/laragon/www/kurikulum/vendor/laravel/framework/src/Illuminate/Routing/Middleware/SubstituteBindings.php(50): Illuminate/Pipeline/Pipeline->Illuminate/Pipeline/{closure}(Object(Illuminate/Http/Request))
#19 C:/laragon/www/kurikulum/vendor/laravel/framework/src/Illuminate/Pipeline/Pipeline.php(183): Illuminate/Routing/Middleware/SubstituteBindings->handle(Object(Illuminate/Http/Request), Object(Closure))
#20 C:/laragon/www/kurikulum/vendor/laravel/framework/src/Illuminate/Auth/Middleware/Authenticate.php(57): Illuminate/Pipeline/Pipeline->Illuminate/Pipeline/{closure}(Object(Illuminate/Http/Request))
#21 C:/laragon/www/kurikulum/vendor/laravel/framework/src/Illuminate/Pipeline/Pipeline.php(183): Illuminate/Auth/Middleware/Authenticate->handle(Object(Illuminate/Http/Request), Object(Closure))
#22 C:/laragon/www/kurikulum/vendor/laravel/framework/src/Illuminate/Foundation/Http/Middleware/VerifyCsrfToken.php(78): Illuminate/Pipeline/Pipeline->Illuminate/Pipeline/{closure}(Object(Illuminate/Http/Request))
#23 C:/laragon/www/kurikulum/vendor/laravel/framework/src/Illuminate/Pipeline/Pipeline.php(183): Illuminate/Foundation/Http/Middleware/VerifyCsrfToken->handle(Object(Illuminate/Http/Request), Object(Closure))
#24 C:/laragon/www/kurikulum/vendor/laravel/framework/src/Illuminate/View/Middleware/ShareErrorsFromSession.php(49): Illuminate/Pipeline/Pipeline->Illuminate/Pipeline/{closure}(Object(Illuminate/Http/Request))
#25 C:/laragon/www/kurikulum/vendor/laravel/framework/src/Illuminate/Pipeline/Pipeline.php(183): Illuminate/View/Middleware/ShareErrorsFromSession->handle(Object(Illuminate/Http/Request), Object(Closure))
#26 C:/laragon/www/kurikulum/vendor/laravel/framework/src/Illuminate/Session/Middleware/StartSession.php(121): Illuminate/Pipeline/Pipeline->Illuminate/Pipeline/{closure}(Object(Illuminate/Http/Request))
#27 C:/laragon/www/kurikulum/vendor/laravel/framework/src/Illuminate/Session/Middleware/StartSession.php(64): Illuminate/Session/Middleware/StartSession->handleStatefulRequest(Object(Illuminate/Http/Request), Object(Illuminate/Session/Store), Object(Closure))
#28 C:/laragon/www/kurikulum/vendor/laravel/framework/src/Illuminate/Pipeline/Pipeline.php(183): Illuminate/Session/Middleware/StartSession->handle(Object(Illuminate/Http/Request), Object(Closure))
#29 C:/laragon/www/kurikulum/vendor/laravel/framework/src/Illuminate/Cookie/Middleware/AddQueuedCookiesToResponse.php(37): Illuminate/Pipeline/Pipeline->Illuminate/Pipeline/{closure}(Object(Illuminate/Http/Request))
#30 C:/laragon/www/kurikulum/vendor/laravel/framework/src/Illuminate/Pipeline/Pipeline.php(183): Illuminate/Cookie/Middleware/AddQueuedCookiesToResponse->handle(Object(Illuminate/Http/Request), Object(Closure))
#31 C:/laragon/www/kurikulum/vendor/laravel/framework/src/Illuminate/Cookie/Middleware/EncryptCookies.php(67): Illuminate/Pipeline/Pipeline->Illuminate/Pipeline/{closure}(Object(Illuminate/Http/Request))
#32 C:/laragon/www/kurikulum/vendor/laravel/framework/src/Illuminate/Pipeline/Pipeline.php(183): Illuminate/Cookie/Middleware/EncryptCookies->handle(Object(Illuminate/Http/Request), Object(Closure))
#33 C:/laragon/www/kurikulum/vendor/laravel/framework/src/Illuminate/Pipeline/Pipeline.php(119): Illuminate/Pipeline/Pipeline->Illuminate/Pipeline/{closure}(Object(Illuminate/Http/Request))
#34 C:/laragon/www/kurikulum/vendor/laravel/framework/src/Illuminate/Routing/Router.php(805): Illuminate/Pipeline/Pipeline->then(Object(Closure))
#35 C:/laragon/www/kurikulum/vendor/laravel/framework/src/Illuminate/Routing/Router.php(784): Illuminate/Routing/Router->runRouteWithinStack(Object(Illuminate/Routing/Route), Object(Illuminate/Http/Request))
#36 C:/laragon/www/kurikulum/vendor/laravel/framework/src/Illuminate/Routing/Router.php(748): Illuminate/Routing/Router->runRoute(Object(Illuminate/Http/Request), Object(Illuminate/Routing/Route))
#37 C:/laragon/www/kurikulum/vendor/laravel/framework/src/Illuminate/Routing/Router.php(737): Illuminate/Routing/Router->dispatchToRoute(Object(Illuminate/Http/Request))
#38 C:/laragon/www/kurikulum/vendor/laravel/framework/src/Illuminate/Foundation/Http/Kernel.php(200): Illuminate/Routing/Router->dispatch(Object(Illuminate/Http/Request))
#39 C:/laragon/www/kurikulum/vendor/laravel/framework/src/Illuminate/Pipeline/Pipeline.php(144): Illuminate/Foundation/Http/Kernel->Illuminate/Foundation/Http/{closure}(Object(Illuminate/Http/Request))
#40 C:/laragon/www/kurikulum/vendor/laravel/framework/src/Illuminate/Foundation/Http/Middleware/TransformsRequest.php(21): Illuminate/Pipeline/Pipeline->Illuminate/Pipeline/{closure}(Object(Illuminate/Http/Request))
#41 C:/laragon/www/kurikulum/vendor/laravel/framework/src/Illuminate/Foundation/Http/Middleware/ConvertEmptyStringsToNull.php(31): Illuminate/Foundation/Http/Middleware/TransformsRequest->handle(Object(Illuminate/Http/Request), Object(Closure))
#42 C:/laragon/www/kurikulum/vendor/laravel/framework/src/Illuminate/Pipeline/Pipeline.php(183): Illuminate/Foundation/Http/Middleware/ConvertEmptyStringsToNull->handle(Object(Illuminate/Http/Request), Object(Closure))
#43 C:/laragon/www/kurikulum/vendor/laravel/framework/src/Illuminate/Foundation/Http/Middleware/TransformsRequest.php(21): Illuminate/Pipeline/Pipeline->Illuminate/Pipeline/{closure}(Object(Illuminate/Http/Request))
#44 C:/laragon/www/kurikulum/vendor/laravel/framework/src/Illuminate/Foundation/Http/Middleware/TrimStrings.php(40): Illuminate/Foundation/Http/Middleware/TransformsRequest->handle(Object(Illuminate/Http/Request), Object(Closure))
#45 C:/laragon/www/kurikulum/vendor/laravel/framework/src/Illuminate/Pipeline/Pipeline.php(183): Illuminate/Foundation/Http/Middleware/TrimStrings->handle(Object(Illuminate/Http/Request), Object(Closure))
#46 C:/laragon/www/kurikulum/vendor/laravel/framework/src/Illuminate/Foundation/Http/Middleware/ValidatePostSize.php(27): Illuminate/Pipeline/Pipeline->Illuminate/Pipeline/{closure}(Object(Illuminate/Http/Request))
#47 C:/laragon/www/kurikulum/vendor/laravel/framework/src/Illuminate/Pipeline/Pipeline.php(183): Illuminate/Foundation/Http/Middleware/ValidatePostSize->handle(Object(Illuminate/Http/Request), Object(Closure))
#48 C:/laragon/www/kurikulum/vendor/laravel/framework/src/Illuminate/Foundation/Http/Middleware/PreventRequestsDuringMaintenance.php(99): Illuminate/Pipeline/Pipeline->Illuminate/Pipeline/{closure}(Object(Illuminate/Http/Request))
#49 C:/laragon/www/kurikulum/vendor/laravel/framework/src/Illuminate/Pipeline/Pipeline.php(183): Illuminate/Foundation/Http/Middleware/PreventRequestsDuringMaintenance->handle(Object(Illuminate/Http/Request), Object(Closure))
#50 C:/laragon/www/kurikulum/vendor/laravel/framework/src/Illuminate/Http/Middleware/HandleCors.php(49): Illuminate/Pipeline/Pipeline->Illuminate/Pipeline/{closure}(Object(Illuminate/Http/Request))
#51 C:/laragon/www/kurikulum/vendor/laravel/framework/src/Illuminate/Pipeline/Pipeline.php(183): Illuminate/Http/Middleware/HandleCors->handle(Object(Illuminate/Http/Request), Object(Closure))
#52 C:/laragon/www/kurikulum/vendor/laravel/framework/src/Illuminate/Http/Middleware/TrustProxies.php(39): Illuminate/Pipeline/Pipeline->Illuminate/Pipeline/{closure}(Object(Illuminate/Http/Request))
#53 C:/laragon/www/kurikulum/vendor/laravel/framework/src/Illuminate/Pipeline/Pipeline.php(183): Illuminate/Http/Middleware/TrustProxies->handle(Object(Illuminate/Http/Request), Object(Closure))
#54 C:/laragon/www/kurikulum/vendor/laravel/framework/src/Illuminate/Pipeline/Pipeline.php(119): Illuminate/Pipeline/Pipeline->Illuminate/Pipeline/{closure}(Object(Illuminate/Http/Request))
#55 C:/laragon/www/kurikulum/vendor/laravel/framework/src/Illuminate/Foundation/Http/Kernel.php(175): Illuminate/Pipeline/Pipeline->then(Object(Closure))
#56 C:/laragon/www/kurikulum/vendor/laravel/framework/src/Illuminate/Foundation/Http/Kernel.php(144): Illuminate/Foundation/Http/Kernel->sendRequestThroughRouter(Object(Illuminate/Http/Request))
#57 C:/laragon/www/kurikulum/public/index.php(18): Illuminate/Foundation/Http/Kernel->handle(Object(Illuminate/Http/Request))
#58 C:/laragon/www/kurikulum/vendor/laravel/framework/src/Illuminate/Foundation/resources/server.php(16): require_once('C://laragon//www//...')
#59 {main}

[previous exception] [object] (PDOException(code: 42S22): SQLSTATE[42S22]: Column not found: 1054 Unknown column 'nama_tingkat' in 'order clause' at C:/laragon/www/kurikulum/vendor/laravel/framework/src/Illuminate/Database/Connection.php:423)
[stacktrace]
#0 C:/laragon/www/kurikulum/vendor/laravel/framework/src/Illuminate/Database/Connection.php(423): PDO->prepare('select * from `...')
#1 C:/laragon/www/kurikulum/vendor/laravel/framework/src/Illuminate/Database/Connection.php(816): Illuminate/Database/Connection->Illuminate/Database/{closure}('select * from `...', Array)
#2 C:/laragon/www/kurikulum/vendor/laravel/framework/src/Illuminate/Database/Connection.php(783): Illuminate/Database/Connection->runQueryCallback('select * from `...', Array, Object(Closure))
#3 C:/laragon/www/kurikulum/vendor/laravel/framework/src/Illuminate/Database/Connection.php(414): Illuminate/Database/Connection->run('select * from `...', Array, Object(Closure))
#4 C:/laragon/www/kurikulum/vendor/laravel/framework/src/Illuminate/Database/Query/Builder.php(2913): Illuminate/Database/Connection->select('select * from `...', Array, true)
#5 C:/laragon/www/kurikulum/vendor/laravel/framework/src/Illuminate/Database/Query/Builder.php(2902): Illuminate/Database/Query/Builder->runSelect()
#6 C:/laragon/www/kurikulum/vendor/laravel/framework/src/Illuminate/Database/Query/Builder.php(3456): Illuminate/Database/Query/Builder->Illuminate/Database/Query/{closure}()
#7 C:/laragon/www/kurikulum/vendor/laravel/framework/src/Illuminate/Database/Query/Builder.php(2901): Illuminate/Database/Query/Builder->onceWithColumns(Array, Object(Closure))
#8 C:/laragon/www/kurikulum/vendor/laravel/framework/src/Illuminate/Database/Eloquent/Builder.php(739): Illuminate/Database/Query/Builder->get(Array)
#9 C:/laragon/www/kurikulum/vendor/laravel/framework/src/Illuminate/Database/Eloquent/Builder.php(723): Illuminate/Database/Eloquent/Builder->getModels(Array)
#10 C:/laragon/www/kurikulum/app/Http/Controllers/Crud/BaseCrudController.php(206): Illuminate/Database/Eloquent/Builder->get()
#11 C:/laragon/www/kurikulum/app/Http/Controllers/Crud/BaseCrudController.php(124): App/Http/Controllers/Crud/BaseCrudController->resolveFieldOptions(Array)
#12 C:/laragon/www/kurikulum/vendor/laravel/framework/src/Illuminate/Routing/Controller.php(54): App/Http/Controllers/Crud/BaseCrudController->create()
#13 C:/laragon/www/kurikulum/vendor/laravel/framework/src/Illuminate/Routing/ControllerDispatcher.php(43): Illuminate/Routing/Controller->callAction('create', Array)
#14 C:/laragon/www/kurikulum/vendor/laravel/framework/src/Illuminate/Routing/Route.php(259): Illuminate/Routing/ControllerDispatcher->dispatch(Object(Illuminate/Routing/Route), Object(App/Http/Controllers/Kurikulum/AlokasiJamMapelController), 'create')
#15 C:/laragon/www/kurikulum/vendor/laravel/framework/src/Illuminate/Routing/Route.php(205): Illuminate/Routing/Route->runController()
#16 C:/laragon/www/kurikulum/vendor/laravel/framework/src/Illuminate/Routing/Router.php(806): Illuminate/Routing/Route->run()
#17 C:/laragon/www/kurikulum/vendor/laravel/framework/src/Illuminate/Pipeline/Pipeline.php(144): Illuminate/Routing/Router->Illuminate/Routing/{closure}(Object(Illuminate/Http/Request))
#18 C:/laragon/www/kurikulum/app/Http/Middleware/EnsureUserHasRole.php(23): Illuminate/Pipeline/Pipeline->Illuminate/Pipeline/{closure}(Object(Illuminate/Http/Request))
#19 C:/laragon/www/kurikulum/vendor/laravel/framework/src/Illuminate/Pipeline/Pipeline.php(183): App/Http/Middleware/EnsureUserHasRole->handle(Object(Illuminate/Http/Request), Object(Closure), 'admin', 'guru')
#20 C:/laragon/www/kurikulum/vendor/laravel/framework/src/Illuminate/Routing/Middleware/SubstituteBindings.php(50): Illuminate/Pipeline/Pipeline->Illuminate/Pipeline/{closure}(Object(Illuminate/Http/Request))
#21 C:/laragon/www/kurikulum/vendor/laravel/framework/src/Illuminate/Pipeline/Pipeline.php(183): Illuminate/Routing/Middleware/SubstituteBindings->handle(Object(Illuminate/Http/Request), Object(Closure))
#22 C:/laragon/www/kurikulum/vendor/laravel/framework/src/Illuminate/Auth/Middleware/Authenticate.php(57): Illuminate/Pipeline/Pipeline->Illuminate/Pipeline/{closure}(Object(Illuminate/Http/Request))
#23 C:/laragon/www/kurikulum/vendor/laravel/framework/src/Illuminate/Pipeline/Pipeline.php(183): Illuminate/Auth/Middleware/Authenticate->handle(Object(Illuminate/Http/Request), Object(Closure))
#24 C:/laragon/www/kurikulum/vendor/laravel/framework/src/Illuminate/Foundation/Http/Middleware/VerifyCsrfToken.php(78): Illuminate/Pipeline/Pipeline->Illuminate/Pipeline/{closure}(Object(Illuminate/Http/Request))
#25 C:/laragon/www/kurikulum/vendor/laravel/framework/src/Illuminate/Pipeline/Pipeline.php(183): Illuminate/Foundation/Http/Middleware/VerifyCsrfToken->handle(Object(Illuminate/Http/Request), Object(Closure))
#26 C:/laragon/www/kurikulum/vendor/laravel/framework/src/Illuminate/View/Middleware/ShareErrorsFromSession.php(49): Illuminate/Pipeline/Pipeline->Illuminate/Pipeline/{closure}(Object(Illuminate/Http/Request))
#27 C:/laragon/www/kurikulum/vendor/laravel/framework/src/Illuminate/Pipeline/Pipeline.php(183): Illuminate/View/Middleware/ShareErrorsFromSession->handle(Object(Illuminate/Http/Request), Object(Closure))
#28 C:/laragon/www/kurikulum/vendor/laravel/framework/src/Illuminate/Session/Middleware/StartSession.php(121): Illuminate/Pipeline/Pipeline->Illuminate/Pipeline/{closure}(Object(Illuminate/Http/Request))
#29 C:/laragon/www/kurikulum/vendor/laravel/framework/src/Illuminate/Session/Middleware/StartSession.php(64): Illuminate/Session/Middleware/StartSession->handleStatefulRequest(Object(Illuminate/Http/Request), Object(Illuminate/Session/Store), Object(Closure))
#30 C:/laragon/www/kurikulum/vendor/laravel/framework/src/Illuminate/Pipeline/Pipeline.php(183): Illuminate/Session/Middleware/StartSession->handle(Object(Illuminate/Http/Request), Object(Closure))
#31 C:/laragon/www/kurikulum/vendor/laravel/framework/src/Illuminate/Cookie/Middleware/AddQueuedCookiesToResponse.php(37): Illuminate/Pipeline/Pipeline->Illuminate/Pipeline/{closure}(Object(Illuminate/Http/Request))
#32 C:/laragon/www/kurikulum/vendor/laravel/framework/src/Illuminate/Pipeline/Pipeline.php(183): Illuminate/Cookie/Middleware/AddQueuedCookiesToResponse->handle(Object(Illuminate/Http/Request), Object(Closure))
#33 C:/laragon/www/kurikulum/vendor/laravel/framework/src/Illuminate/Cookie/Middleware/EncryptCookies.php(67): Illuminate/Pipeline/Pipeline->Illuminate/Pipeline/{closure}(Object(Illuminate/Http/Request))
#34 C:/laragon/www/kurikulum/vendor/laravel/framework/src/Illuminate/Pipeline/Pipeline.php(183): Illuminate/Cookie/Middleware/EncryptCookies->handle(Object(Illuminate/Http/Request), Object(Closure))
#35 C:/laragon/www/kurikulum/vendor/laravel/framework/src/Illuminate/Pipeline/Pipeline.php(119): Illuminate/Pipeline/Pipeline->Illuminate/Pipeline/{closure}(Object(Illuminate/Http/Request))
#36 C:/laragon/www/kurikulum/vendor/laravel/framework/src/Illuminate/Routing/Router.php(805): Illuminate/Pipeline/Pipeline->then(Object(Closure))
#37 C:/laragon/www/kurikulum/vendor/laravel/framework/src/Illuminate/Routing/Router.php(784): Illuminate/Routing/Router->runRouteWithinStack(Object(Illuminate/Routing/Route), Object(Illuminate/Http/Request))
#38 C:/laragon/www/kurikulum/vendor/laravel/framework/src/Illuminate/Routing/Router.php(748): Illuminate/Routing/Router->runRoute(Object(Illuminate/Http/Request), Object(Illuminate/Routing/Route))
#39 C:/laragon/www/kurikulum/vendor/laravel/framework/src/Illuminate/Routing/Router.php(737): Illuminate/Routing/Router->dispatchToRoute(Object(Illuminate/Http/Request))
#40 C:/laragon/www/kurikulum/vendor/laravel/framework/src/Illuminate/Foundation/Http/Kernel.php(200): Illuminate/Routing/Router->dispatch(Object(Illuminate/Http/Request))
#41 C:/laragon/www/kurikulum/vendor/laravel/framework/src/Illuminate/Pipeline/Pipeline.php(144): Illuminate/Foundation/Http/Kernel->Illuminate/Foundation/Http/{closure}(Object(Illuminate/Http/Request))
#42 C:/laragon/www/kurikulum/vendor/laravel/framework/src/Illuminate/Foundation/Http/Middleware/TransformsRequest.php(21): Illuminate/Pipeline/Pipeline->Illuminate/Pipeline/{closure}(Object(Illuminate/Http/Request))
#43 C:/laragon/www/kurikulum/vendor/laravel/framework/src/Illuminate/Foundation/Http/Middleware/ConvertEmptyStringsToNull.php(31): Illuminate/Foundation/Http/Middleware/TransformsRequest->handle(Object(Illuminate/Http/Request), Object(Closure))
#44 C:/laragon/www/kurikulum/vendor/laravel/framework/src/Illuminate/Pipeline/Pipeline.php(183): Illuminate/Foundation/Http/Middleware/ConvertEmptyStringsToNull->handle(Object(Illuminate/Http/Request), Object(Closure))
#45 C:/laragon/www/kurikulum/vendor/laravel/framework/src/Illuminate/Foundation/Http/Middleware/TransformsRequest.php(21): Illuminate/Pipeline/Pipeline->Illuminate/Pipeline/{closure}(Object(Illuminate/Http/Request))
#46 C:/laragon/www/kurikulum/vendor/laravel/framework/src/Illuminate/Foundation/Http/Middleware/TrimStrings.php(40): Illuminate/Foundation/Http/Middleware/TransformsRequest->handle(Object(Illuminate/Http/Request), Object(Closure))
#47 C:/laragon/www/kurikulum/vendor/laravel/framework/src/Illuminate/Pipeline/Pipeline.php(183): Illuminate/Foundation/Http/Middleware/TrimStrings->handle(Object(Illuminate/Http/Request), Object(Closure))
#48 C:/laragon/www/kurikulum/vendor/laravel/framework/src/Illuminate/Foundation/Http/Middleware/ValidatePostSize.php(27): Illuminate/Pipeline/Pipeline->Illuminate/Pipeline/{closure}(Object(Illuminate/Http/Request))
#49 C:/laragon/www/kurikulum/vendor/laravel/framework/src/Illuminate/Pipeline/Pipeline.php(183): Illuminate/Foundation/Http/Middleware/ValidatePostSize->handle(Object(Illuminate/Http/Request), Object(Closure))
#50 C:/laragon/www/kurikulum/vendor/laravel/framework/src/Illuminate/Foundation/Http/Middleware/PreventRequestsDuringMaintenance.php(99): Illuminate/Pipeline/Pipeline->Illuminate/Pipeline/{closure}(Object(Illuminate/Http/Request))
#51 C:/laragon/www/kurikulum/vendor/laravel/framework/src/Illuminate/Pipeline/Pipeline.php(183): Illuminate/Foundation/Http/Middleware/PreventRequestsDuringMaintenance->handle(Object(Illuminate/Http/Request), Object(Closure))
#52 C:/laragon/www/kurikulum/vendor/laravel/framework/src/Illuminate/Http/Middleware/HandleCors.php(49): Illuminate/Pipeline/Pipeline->Illuminate/Pipeline/{closure}(Object(Illuminate/Http/Request))
#53 C:/laragon/www/kurikulum/vendor/laravel/framework/src/Illuminate/Pipeline/Pipeline.php(183): Illuminate/Http/Middleware/HandleCors->handle(Object(Illuminate/Http/Request), Object(Closure))
#54 C:/laragon/www/kurikulum/vendor/laravel/framework/src/Illuminate/Http/Middleware/TrustProxies.php(39): Illuminate/Pipeline/Pipeline->Illuminate/Pipeline/{closure}(Object(Illuminate/Http/Request))
#55 C:/laragon/www/kurikulum/vendor/laravel/framework/src/Illuminate/Pipeline/Pipeline.php(183): Illuminate/Http/Middleware/TrustProxies->handle(Object(Illuminate/Http/Request), Object(Closure))
#56 C:/laragon/www/kurikulum/vendor/laravel/framework/src/Illuminate/Pipeline/Pipeline.php(119): Illuminate/Pipeline/Pipeline->Illuminate/Pipeline/{closure}(Object(Illuminate/Http/Request))
#57 C:/laragon/www/kurikulum/vendor/laravel/framework/src/Illuminate/Foundation/Http/Kernel.php(175): Illuminate/Pipeline/Pipeline->then(Object(Closure))
#58 C:/laragon/www/kurikulum/vendor/laravel/framework/src/Illuminate/Foundation/Http/Kernel.php(144): Illuminate/Foundation/Http/Kernel->sendRequestThroughRouter(Object(Illuminate/Http/Request))
#59 C:/laragon/www/kurikulum/public/index.php(18): Illuminate/Foundation/Http/Kernel->handle(Object(Illuminate/Http/Request))
#60 C:/laragon/www/kurikulum/vendor/laravel/framework/src/Illuminate/Foundation/resources/server.php(16): require_once('C://laragon//www//...')
#61 {main}
"} 
[2026-07-18 12:49:23] local.ERROR: SQLSTATE[42S22]: Column not found: 1054 Unknown column 'status' in 'field list' (Connection: datacenter, SQL: insert into `tahun_ajaran` (`nama_tahun_ajaran`, `status`, `updated_at`, `created_at`) values (2025/2026, Aktif, 2026-07-18 12:49:23, 2026-07-18 12:49:23)) {"exception":"[object] (Illuminate\\Database\\QueryException(code: 42S22): SQLSTATE[42S22]: Column not found: 1054 Unknown column 'status' in 'field list' (Connection: datacenter, SQL: insert into `tahun_ajaran` (`nama_tahun_ajaran`, `status`, `updated_at`, `created_at`) values (2025/2026, Aktif, 2026-07-18 12:49:23, 2026-07-18 12:49:23)) at C:/laragon/www/kurikulum/vendor/laravel/framework/src/Illuminate/Database/Connection.php:829)
[stacktrace]
#0 C:/laragon/www/kurikulum/vendor/laravel/framework/src/Illuminate/Database/Connection.php(783): Illuminate/Database/Connection->runQueryCallback('insert into `ta...', Array, Object(Closure))
#1 C:/laragon/www/kurikulum/vendor/laravel/framework/src/Illuminate/Database/MySqlConnection.php(34): Illuminate/Database/Connection->run('insert into `ta...', Array, Object(Closure))
#2 C:/laragon/www/kurikulum/vendor/laravel/framework/src/Illuminate/Database/Query/Processors/MySqlProcessor.php(35): Illuminate/Database/MySqlConnection->insert('insert into `ta...', Array, 'id')
#3 C:/laragon/www/kurikulum/vendor/laravel/framework/src/Illuminate/Database/Query/Builder.php(3549): Illuminate/Database/Query/Processors/MySqlProcessor->processInsertGetId(Object(Illuminate/Database/Query/Builder), 'insert into `ta...', Array, 'id')
#4 C:/laragon/www/kurikulum/vendor/laravel/framework/src/Illuminate/Database/Eloquent/Builder.php(1982): Illuminate/Database/Query/Builder->insertGetId(Array, 'id')
#5 C:/laragon/www/kurikulum/vendor/laravel/framework/src/Illuminate/Database/Eloquent/Model.php(1334): Illuminate/Database/Eloquent/Builder->__call('insertGetId', Array)
#6 C:/laragon/www/kurikulum/vendor/laravel/framework/src/Illuminate/Database/Eloquent/Model.php(1299): Illuminate/Database/Eloquent/Model->insertAndSetId(Object(Illuminate/Database/Eloquent/Builder), Array)
#7 C:/laragon/www/kurikulum/vendor/laravel/framework/src/Illuminate/Database/Eloquent/Model.php(1138): Illuminate/Database/Eloquent/Model->performInsert(Object(Illuminate/Database/Eloquent/Builder))
#8 C:/laragon/www/kurikulum/vendor/laravel/framework/src/Illuminate/Database/Eloquent/Builder.php(1025): Illuminate/Database/Eloquent/Model->save()
#9 C:/laragon/www/kurikulum/vendor/laravel/framework/src/Illuminate/Support/helpers.php(320): Illuminate/Database/Eloquent/Builder->Illuminate/Database/Eloquent/{closure}(Object(App/Models/TahunAjaran))
#10 C:/laragon/www/kurikulum/vendor/laravel/framework/src/Illuminate/Database/Eloquent/Builder.php(1024): tap(Object(App/Models/TahunAjaran), Object(Closure))
#11 C:/laragon/www/kurikulum/vendor/laravel/framework/src/Illuminate/Database/Eloquent/Builder.php(585): Illuminate/Database/Eloquent/Builder->create(Array)
#12 C:/laragon/www/kurikulum/vendor/laravel/framework/src/Illuminate/Database/Eloquent/Builder.php(1728): Illuminate/Database/Eloquent/Builder->Illuminate/Database/Eloquent/{closure}()
#13 C:/laragon/www/kurikulum/vendor/laravel/framework/src/Illuminate/Database/Eloquent/Builder.php(585): Illuminate/Database/Eloquent/Builder->withSavepointIfNeeded(Object(Closure))
#14 C:/laragon/www/kurikulum/vendor/laravel/framework/src/Illuminate/Database/Eloquent/Builder.php(572): Illuminate/Database/Eloquent/Builder->createOrFirst(Array, Array)
#15 C:/laragon/www/kurikulum/vendor/laravel/framework/src/Illuminate/Support/Traits/ForwardsCalls.php(23): Illuminate/Database/Eloquent/Builder->firstOrCreate(Array, Array)
#16 C:/laragon/www/kurikulum/vendor/laravel/framework/src/Illuminate/Database/Eloquent/Model.php(2335): Illuminate/Database/Eloquent/Model->forwardCallTo(Object(Illuminate/Database/Eloquent/Builder), 'firstOrCreate', Array)
#17 C:/laragon/www/kurikulum/vendor/laravel/framework/src/Illuminate/Database/Eloquent/Model.php(2347): Illuminate/Database/Eloquent/Model->__call('firstOrCreate', Array)
#18 C:/laragon/www/kurikulum/database/seeders/DatabaseSeeder.php(41): Illuminate/Database/Eloquent/Model::__callStatic('firstOrCreate', Array)
#19 C:/laragon/www/kurikulum/vendor/laravel/framework/src/Illuminate/Container/BoundMethod.php(36): Database/Seeders/DatabaseSeeder->run()
#20 C:/laragon/www/kurikulum/vendor/laravel/framework/src/Illuminate/Container/Util.php(41): Illuminate/Container/BoundMethod::Illuminate/Container/{closure}()
#21 C:/laragon/www/kurikulum/vendor/laravel/framework/src/Illuminate/Container/BoundMethod.php(93): Illuminate/Container/Util::unwrapIfClosure(Object(Closure))
#22 C:/laragon/www/kurikulum/vendor/laravel/framework/src/Illuminate/Container/BoundMethod.php(35): Illuminate/Container/BoundMethod::callBoundMethod(Object(Illuminate/Foundation/Application), Array, Object(Closure))
#23 C:/laragon/www/kurikulum/vendor/laravel/framework/src/Illuminate/Container/Container.php(662): Illuminate/Container/BoundMethod::call(Object(Illuminate/Foundation/Application), Array, Array, NULL)
#24 C:/laragon/www/kurikulum/vendor/laravel/framework/src/Illuminate/Database/Seeder.php(184): Illuminate/Container/Container->call(Array, Array)
#25 C:/laragon/www/kurikulum/vendor/laravel/framework/src/Illuminate/Database/Seeder.php(193): Illuminate/Database/Seeder->Illuminate/Database/{closure}()
#26 C:/laragon/www/kurikulum/vendor/laravel/framework/src/Illuminate/Database/Console/Seeds/SeedCommand.php(70): Illuminate/Database/Seeder->__invoke()
#27 C:/laragon/www/kurikulum/vendor/laravel/framework/src/Illuminate/Database/Eloquent/Concerns/GuardsAttributes.php(155): Illuminate/Database/Console/Seeds/SeedCommand->Illuminate/Database/Console/Seeds/{closure}()
#28 C:/laragon/www/kurikulum/vendor/laravel/framework/src/Illuminate/Database/Console/Seeds/SeedCommand.php(69): Illuminate/Database/Eloquent/Model::unguarded(Object(Closure))
#29 C:/laragon/www/kurikulum/vendor/laravel/framework/src/Illuminate/Container/BoundMethod.php(36): Illuminate/Database/Console/Seeds/SeedCommand->handle()
#30 C:/laragon/www/kurikulum/vendor/laravel/framework/src/Illuminate/Container/Util.php(41): Illuminate/Container/BoundMethod::Illuminate/Container/{closure}()
#31 C:/laragon/www/kurikulum/vendor/laravel/framework/src/Illuminate/Container/BoundMethod.php(93): Illuminate/Container/Util::unwrapIfClosure(Object(Closure))
#32 C:/laragon/www/kurikulum/vendor/laravel/framework/src/Illuminate/Container/BoundMethod.php(35): Illuminate/Container/BoundMethod::callBoundMethod(Object(Illuminate/Foundation/Application), Array, Object(Closure))
#33 C:/laragon/www/kurikulum/vendor/laravel/framework/src/Illuminate/Container/Container.php(662): Illuminate/Container/BoundMethod::call(Object(Illuminate/Foundation/Application), Array, Array, NULL)
#34 C:/laragon/www/kurikulum/vendor/laravel/framework/src/Illuminate/Console/Command.php(211): Illuminate/Container/Container->call(Array)
#35 C:/laragon/www/kurikulum/vendor/symfony/console/Command/Command.php(326): Illuminate/Console/Command->execute(Object(Symfony/Component/Console/Input/ArgvInput), Object(Illuminate/Console/OutputStyle))
#36 C:/laragon/www/kurikulum/vendor/laravel/framework/src/Illuminate/Console/Command.php(180): Symfony/Component/Console/Command/Command->run(Object(Symfony/Component/Console/Input/ArgvInput), Object(Illuminate/Console/OutputStyle))
#37 C:/laragon/www/kurikulum/vendor/symfony/console/Application.php(1121): Illuminate/Console/Command->run(Object(Symfony/Component/Console/Input/ArgvInput), Object(Symfony/Component/Console/Output/ConsoleOutput))
#38 C:/laragon/www/kurikulum/vendor/symfony/console/Application.php(324): Symfony/Component/Console/Application->doRunCommand(Object(Illuminate/Database/Console/Seeds/SeedCommand), Object(Symfony/Component/Console/Input/ArgvInput), Object(Symfony/Component/Console/Output/ConsoleOutput))
#39 C:/laragon/www/kurikulum/vendor/symfony/console/Application.php(175): Symfony/Component/Console/Application->doRun(Object(Symfony/Component/Console/Input/ArgvInput), Object(Symfony/Component/Console/Output/ConsoleOutput))
#40 C:/laragon/www/kurikulum/vendor/laravel/framework/src/Illuminate/Foundation/Console/Kernel.php(201): Symfony/Component/Console/Application->run(Object(Symfony/Component/Console/Input/ArgvInput), Object(Symfony/Component/Console/Output/ConsoleOutput))
#41 C:/laragon/www/kurikulum/artisan(14): Illuminate/Foundation/Console/Kernel->handle(Object(Symfony/Component/Console/Input/ArgvInput), Object(Symfony/Component/Console/Output/ConsoleOutput))
#42 {main}

[previous exception] [object] (PDOException(code: 42S22): SQLSTATE[42S22]: Column not found: 1054 Unknown column 'status' in 'field list' at C:/laragon/www/kurikulum/vendor/laravel/framework/src/Illuminate/Database/MySqlConnection.php:39)
[stacktrace]
#0 C:/laragon/www/kurikulum/vendor/laravel/framework/src/Illuminate/Database/MySqlConnection.php(39): PDO->prepare('insert into `ta...')
#1 C:/laragon/www/kurikulum/vendor/laravel/framework/src/Illuminate/Database/Connection.php(816): Illuminate/Database/MySqlConnection->Illuminate/Database/{closure}('insert into `ta...', Array)
#2 C:/laragon/www/kurikulum/vendor/laravel/framework/src/Illuminate/Database/Connection.php(783): Illuminate/Database/Connection->runQueryCallback('insert into `ta...', Array, Object(Closure))
#3 C:/laragon/www/kurikulum/vendor/laravel/framework/src/Illuminate/Database/MySqlConnection.php(34): Illuminate/Database/Connection->run('insert into `ta...', Array, Object(Closure))
#4 C:/laragon/www/kurikulum/vendor/laravel/framework/src/Illuminate/Database/Query/Processors/MySqlProcessor.php(35): Illuminate/Database/MySqlConnection->insert('insert into `ta...', Array, 'id')
#5 C:/laragon/www/kurikulum/vendor/laravel/framework/src/Illuminate/Database/Query/Builder.php(3549): Illuminate/Database/Query/Processors/MySqlProcessor->processInsertGetId(Object(Illuminate/Database/Query/Builder), 'insert into `ta...', Array, 'id')
#6 C:/laragon/www/kurikulum/vendor/laravel/framework/src/Illuminate/Database/Eloquent/Builder.php(1982): Illuminate/Database/Query/Builder->insertGetId(Array, 'id')
#7 C:/laragon/www/kurikulum/vendor/laravel/framework/src/Illuminate/Database/Eloquent/Model.php(1334): Illuminate/Database/Eloquent/Builder->__call('insertGetId', Array)
#8 C:/laragon/www/kurikulum/vendor/laravel/framework/src/Illuminate/Database/Eloquent/Model.php(1299): Illuminate/Database/Eloquent/Model->insertAndSetId(Object(Illuminate/Database/Eloquent/Builder), Array)
#9 C:/laragon/www/kurikulum/vendor/laravel/framework/src/Illuminate/Database/Eloquent/Model.php(1138): Illuminate/Database/Eloquent/Model->performInsert(Object(Illuminate/Database/Eloquent/Builder))
#10 C:/laragon/www/kurikulum/vendor/laravel/framework/src/Illuminate/Database/Eloquent/Builder.php(1025): Illuminate/Database/Eloquent/Model->save()
#11 C:/laragon/www/kurikulum/vendor/laravel/framework/src/Illuminate/Support/helpers.php(320): Illuminate/Database/Eloquent/Builder->Illuminate/Database/Eloquent/{closure}(Object(App/Models/TahunAjaran))
#12 C:/laragon/www/kurikulum/vendor/laravel/framework/src/Illuminate/Database/Eloquent/Builder.php(1024): tap(Object(App/Models/TahunAjaran), Object(Closure))
#13 C:/laragon/www/kurikulum/vendor/laravel/framework/src/Illuminate/Database/Eloquent/Builder.php(585): Illuminate/Database/Eloquent/Builder->create(Array)
#14 C:/laragon/www/kurikulum/vendor/laravel/framework/src/Illuminate/Database/Eloquent/Builder.php(1728): Illuminate/Database/Eloquent/Builder->Illuminate/Database/Eloquent/{closure}()
#15 C:/laragon/www/kurikulum/vendor/laravel/framework/src/Illuminate/Database/Eloquent/Builder.php(585): Illuminate/Database/Eloquent/Builder->withSavepointIfNeeded(Object(Closure))
#16 C:/laragon/www/kurikulum/vendor/laravel/framework/src/Illuminate/Database/Eloquent/Builder.php(572): Illuminate/Database/Eloquent/Builder->createOrFirst(Array, Array)
#17 C:/laragon/www/kurikulum/vendor/laravel/framework/src/Illuminate/Support/Traits/ForwardsCalls.php(23): Illuminate/Database/Eloquent/Builder->firstOrCreate(Array, Array)
#18 C:/laragon/www/kurikulum/vendor/laravel/framework/src/Illuminate/Database/Eloquent/Model.php(2335): Illuminate/Database/Eloquent/Model->forwardCallTo(Object(Illuminate/Database/Eloquent/Builder), 'firstOrCreate', Array)
#19 C:/laragon/www/kurikulum/vendor/laravel/framework/src/Illuminate/Database/Eloquent/Model.php(2347): Illuminate/Database/Eloquent/Model->__call('firstOrCreate', Array)
#20 C:/laragon/www/kurikulum/database/seeders/DatabaseSeeder.php(41): Illuminate/Database/Eloquent/Model::__callStatic('firstOrCreate', Array)
#21 C:/laragon/www/kurikulum/vendor/laravel/framework/src/Illuminate/Container/BoundMethod.php(36): Database/Seeders/DatabaseSeeder->run()
#22 C:/laragon/www/kurikulum/vendor/laravel/framework/src/Illuminate/Container/Util.php(41): Illuminate/Container/BoundMethod::Illuminate/Container/{closure}()
#23 C:/laragon/www/kurikulum/vendor/laravel/framework/src/Illuminate/Container/BoundMethod.php(93): Illuminate/Container/Util::unwrapIfClosure(Object(Closure))
#24 C:/laragon/www/kurikulum/vendor/laravel/framework/src/Illuminate/Container/BoundMethod.php(35): Illuminate/Container/BoundMethod::callBoundMethod(Object(Illuminate/Foundation/Application), Array, Object(Closure))
#25 C:/laragon/www/kurikulum/vendor/laravel/framework/src/Illuminate/Container/Container.php(662): Illuminate/Container/BoundMethod::call(Object(Illuminate/Foundation/Application), Array, Array, NULL)
#26 C:/laragon/www/kurikulum/vendor/laravel/framework/src/Illuminate/Database/Seeder.php(184): Illuminate/Container/Container->call(Array, Array)
#27 C:/laragon/www/kurikulum/vendor/laravel/framework/src/Illuminate/Database/Seeder.php(193): Illuminate/Database/Seeder->Illuminate/Database/{closure}()
#28 C:/laragon/www/kurikulum/vendor/laravel/framework/src/Illuminate/Database/Console/Seeds/SeedCommand.php(70): Illuminate/Database/Seeder->__invoke()
#29 C:/laragon/www/kurikulum/vendor/laravel/framework/src/Illuminate/Database/Eloquent/Concerns/GuardsAttributes.php(155): Illuminate/Database/Console/Seeds/SeedCommand->Illuminate/Database/Console/Seeds/{closure}()
#30 C:/laragon/www/kurikulum/vendor/laravel/framework/src/Illuminate/Database/Console/Seeds/SeedCommand.php(69): Illuminate/Database/Eloquent/Model::unguarded(Object(Closure))
#31 C:/laragon/www/kurikulum/vendor/laravel/framework/src/Illuminate/Container/BoundMethod.php(36): Illuminate/Database/Console/Seeds/SeedCommand->handle()
#32 C:/laragon/www/kurikulum/vendor/laravel/framework/src/Illuminate/Container/Util.php(41): Illuminate/Container/BoundMethod::Illuminate/Container/{closure}()
#33 C:/laragon/www/kurikulum/vendor/laravel/framework/src/Illuminate/Container/BoundMethod.php(93): Illuminate/Container/Util::unwrapIfClosure(Object(Closure))
#34 C:/laragon/www/kurikulum/vendor/laravel/framework/src/Illuminate/Container/BoundMethod.php(35): Illuminate/Container/BoundMethod::callBoundMethod(Object(Illuminate/Foundation/Application), Array, Object(Closure))
#35 C:/laragon/www/kurikulum/vendor/laravel/framework/src/Illuminate/Container/Container.php(662): Illuminate/Container/BoundMethod::call(Object(Illuminate/Foundation/Application), Array, Array, NULL)
#36 C:/laragon/www/kurikulum/vendor/laravel/framework/src/Illuminate/Console/Command.php(211): Illuminate/Container/Container->call(Array)
#37 C:/laragon/www/kurikulum/vendor/symfony/console/Command/Command.php(326): Illuminate/Console/Command->execute(Object(Symfony/Component/Console/Input/ArgvInput), Object(Illuminate/Console/OutputStyle))
#38 C:/laragon/www/kurikulum/vendor/laravel/framework/src/Illuminate/Console/Command.php(180): Symfony/Component/Console/Command/Command->run(Object(Symfony/Component/Console/Input/ArgvInput), Object(Illuminate/Console/OutputStyle))
#39 C:/laragon/www/kurikulum/vendor/symfony/console/Application.php(1121): Illuminate/Console/Command->run(Object(Symfony/Component/Console/Input/ArgvInput), Object(Symfony/Component/Console/Output/ConsoleOutput))
#40 C:/laragon/www/kurikulum/vendor/symfony/console/Application.php(324): Symfony/Component/Console/Application->doRunCommand(Object(Illuminate/Database/Console/Seeds/SeedCommand), Object(Symfony/Component/Console/Input/ArgvInput), Object(Symfony/Component/Console/Output/ConsoleOutput))
#41 C:/laragon/www/kurikulum/vendor/symfony/console/Application.php(175): Symfony/Component/Console/Application->doRun(Object(Symfony/Component/Console/Input/ArgvInput), Object(Symfony/Component/Console/Output/ConsoleOutput))
#42 C:/laragon/www/kurikulum/vendor/laravel/framework/src/Illuminate/Foundation/Console/Kernel.php(201): Symfony/Component/Console/Application->run(Object(Symfony/Component/Console/Input/ArgvInput), Object(Symfony/Component/Console/Output/ConsoleOutput))
#43 C:/laragon/www/kurikulum/artisan(14): Illuminate/Foundation/Console/Kernel->handle(Object(Symfony/Component/Console/Input/ArgvInput), Object(Symfony/Component/Console/Output/ConsoleOutput))
#44 {main}
"} 
[2026-07-18 13:42:45] local.ERROR: Route [kurikulum.cp-tp-atp-import.form] not defined. {"userId":1,"exception":"[object] (Symfony\\Component\\Routing\\Exception\\RouteNotFoundException(code: 0): Route [kurikulum.cp-tp-atp-import.form] not defined. at C:/laragon/www/kurikulum/vendor/laravel/framework/src/Illuminate/Routing/UrlGenerator.php:477)
[stacktrace]
#0 C:/laragon/www/kurikulum/vendor/laravel/framework/src/Illuminate/Foundation/helpers.php(811): Illuminate/Routing/UrlGenerator->route('kurikulum.cp-tp...', Array, true)
#1 C:/laragon/www/kurikulum/app/Http/Controllers/Kurikulum/PemetaanCpTpAtpController.php(17): route('kurikulum.cp-tp...')
#2 C:/laragon/www/kurikulum/app/Http/Controllers/Crud/BaseCrudController.php(115): App/Http/Controllers/Kurikulum/PemetaanCpTpAtpController->extraActions()
#3 C:/laragon/www/kurikulum/vendor/laravel/framework/src/Illuminate/Routing/Controller.php(54): App/Http/Controllers/Crud/BaseCrudController->index(Object(Illuminate/Http/Request))
#4 C:/laragon/www/kurikulum/vendor/laravel/framework/src/Illuminate/Routing/ControllerDispatcher.php(43): Illuminate/Routing/Controller->callAction('index', Array)
#5 C:/laragon/www/kurikulum/vendor/laravel/framework/src/Illuminate/Routing/Route.php(259): Illuminate/Routing/ControllerDispatcher->dispatch(Object(Illuminate/Routing/Route), Object(App/Http/Controllers/Kurikulum/PemetaanCpTpAtpController), 'index')
#6 C:/laragon/www/kurikulum/vendor/laravel/framework/src/Illuminate/Routing/Route.php(205): Illuminate/Routing/Route->runController()
#7 C:/laragon/www/kurikulum/vendor/laravel/framework/src/Illuminate/Routing/Router.php(806): Illuminate/Routing/Route->run()
#8 C:/laragon/www/kurikulum/vendor/laravel/framework/src/Illuminate/Pipeline/Pipeline.php(144): Illuminate/Routing/Router->Illuminate/Routing/{closure}(Object(Illuminate/Http/Request))
#9 C:/laragon/www/kurikulum/app/Http/Middleware/EnsureUserHasRole.php(23): Illuminate/Pipeline/Pipeline->Illuminate/Pipeline/{closure}(Object(Illuminate/Http/Request))
#10 C:/laragon/www/kurikulum/vendor/laravel/framework/src/Illuminate/Pipeline/Pipeline.php(183): App/Http/Middleware/EnsureUserHasRole->handle(Object(Illuminate/Http/Request), Object(Closure), 'admin', 'guru')
#11 C:/laragon/www/kurikulum/vendor/laravel/framework/src/Illuminate/Routing/Middleware/SubstituteBindings.php(50): Illuminate/Pipeline/Pipeline->Illuminate/Pipeline/{closure}(Object(Illuminate/Http/Request))
#12 C:/laragon/www/kurikulum/vendor/laravel/framework/src/Illuminate/Pipeline/Pipeline.php(183): Illuminate/Routing/Middleware/SubstituteBindings->handle(Object(Illuminate/Http/Request), Object(Closure))
#13 C:/laragon/www/kurikulum/vendor/laravel/framework/src/Illuminate/Auth/Middleware/Authenticate.php(57): Illuminate/Pipeline/Pipeline->Illuminate/Pipeline/{closure}(Object(Illuminate/Http/Request))
#14 C:/laragon/www/kurikulum/vendor/laravel/framework/src/Illuminate/Pipeline/Pipeline.php(183): Illuminate/Auth/Middleware/Authenticate->handle(Object(Illuminate/Http/Request), Object(Closure))
#15 C:/laragon/www/kurikulum/vendor/laravel/framework/src/Illuminate/Foundation/Http/Middleware/VerifyCsrfToken.php(78): Illuminate/Pipeline/Pipeline->Illuminate/Pipeline/{closure}(Object(Illuminate/Http/Request))
#16 C:/laragon/www/kurikulum/vendor/laravel/framework/src/Illuminate/Pipeline/Pipeline.php(183): Illuminate/Foundation/Http/Middleware/VerifyCsrfToken->handle(Object(Illuminate/Http/Request), Object(Closure))
#17 C:/laragon/www/kurikulum/vendor/laravel/framework/src/Illuminate/View/Middleware/ShareErrorsFromSession.php(49): Illuminate/Pipeline/Pipeline->Illuminate/Pipeline/{closure}(Object(Illuminate/Http/Request))
#18 C:/laragon/www/kurikulum/vendor/laravel/framework/src/Illuminate/Pipeline/Pipeline.php(183): Illuminate/View/Middleware/ShareErrorsFromSession->handle(Object(Illuminate/Http/Request), Object(Closure))
#19 C:/laragon/www/kurikulum/vendor/laravel/framework/src/Illuminate/Session/Middleware/StartSession.php(121): Illuminate/Pipeline/Pipeline->Illuminate/Pipeline/{closure}(Object(Illuminate/Http/Request))
#20 C:/laragon/www/kurikulum/vendor/laravel/framework/src/Illuminate/Session/Middleware/StartSession.php(64): Illuminate/Session/Middleware/StartSession->handleStatefulRequest(Object(Illuminate/Http/Request), Object(Illuminate/Session/Store), Object(Closure))
#21 C:/laragon/www/kurikulum/vendor/laravel/framework/src/Illuminate/Pipeline/Pipeline.php(183): Illuminate/Session/Middleware/StartSession->handle(Object(Illuminate/Http/Request), Object(Closure))
#22 C:/laragon/www/kurikulum/vendor/laravel/framework/src/Illuminate/Cookie/Middleware/AddQueuedCookiesToResponse.php(37): Illuminate/Pipeline/Pipeline->Illuminate/Pipeline/{closure}(Object(Illuminate/Http/Request))
#23 C:/laragon/www/kurikulum/vendor/laravel/framework/src/Illuminate/Pipeline/Pipeline.php(183): Illuminate/Cookie/Middleware/AddQueuedCookiesToResponse->handle(Object(Illuminate/Http/Request), Object(Closure))
#24 C:/laragon/www/kurikulum/vendor/laravel/framework/src/Illuminate/Cookie/Middleware/EncryptCookies.php(67): Illuminate/Pipeline/Pipeline->Illuminate/Pipeline/{closure}(Object(Illuminate/Http/Request))
#25 C:/laragon/www/kurikulum/vendor/laravel/framework/src/Illuminate/Pipeline/Pipeline.php(183): Illuminate/Cookie/Middleware/EncryptCookies->handle(Object(Illuminate/Http/Request), Object(Closure))
#26 C:/laragon/www/kurikulum/vendor/laravel/framework/src/Illuminate/Pipeline/Pipeline.php(119): Illuminate/Pipeline/Pipeline->Illuminate/Pipeline/{closure}(Object(Illuminate/Http/Request))
#27 C:/laragon/www/kurikulum/vendor/laravel/framework/src/Illuminate/Routing/Router.php(805): Illuminate/Pipeline/Pipeline->then(Object(Closure))
#28 C:/laragon/www/kurikulum/vendor/laravel/framework/src/Illuminate/Routing/Router.php(784): Illuminate/Routing/Router->runRouteWithinStack(Object(Illuminate/Routing/Route), Object(Illuminate/Http/Request))
#29 C:/laragon/www/kurikulum/vendor/laravel/framework/src/Illuminate/Routing/Router.php(748): Illuminate/Routing/Router->runRoute(Object(Illuminate/Http/Request), Object(Illuminate/Routing/Route))
#30 C:/laragon/www/kurikulum/vendor/laravel/framework/src/Illuminate/Routing/Router.php(737): Illuminate/Routing/Router->dispatchToRoute(Object(Illuminate/Http/Request))
#31 C:/laragon/www/kurikulum/vendor/laravel/framework/src/Illuminate/Foundation/Http/Kernel.php(200): Illuminate/Routing/Router->dispatch(Object(Illuminate/Http/Request))
#32 C:/laragon/www/kurikulum/vendor/laravel/framework/src/Illuminate/Pipeline/Pipeline.php(144): Illuminate/Foundation/Http/Kernel->Illuminate/Foundation/Http/{closure}(Object(Illuminate/Http/Request))
#33 C:/laragon/www/kurikulum/vendor/laravel/framework/src/Illuminate/Foundation/Http/Middleware/TransformsRequest.php(21): Illuminate/Pipeline/Pipeline->Illuminate/Pipeline/{closure}(Object(Illuminate/Http/Request))
#34 C:/laragon/www/kurikulum/vendor/laravel/framework/src/Illuminate/Foundation/Http/Middleware/ConvertEmptyStringsToNull.php(31): Illuminate/Foundation/Http/Middleware/TransformsRequest->handle(Object(Illuminate/Http/Request), Object(Closure))
#35 C:/laragon/www/kurikulum/vendor/laravel/framework/src/Illuminate/Pipeline/Pipeline.php(183): Illuminate/Foundation/Http/Middleware/ConvertEmptyStringsToNull->handle(Object(Illuminate/Http/Request), Object(Closure))
#36 C:/laragon/www/kurikulum/vendor/laravel/framework/src/Illuminate/Foundation/Http/Middleware/TransformsRequest.php(21): Illuminate/Pipeline/Pipeline->Illuminate/Pipeline/{closure}(Object(Illuminate/Http/Request))
#37 C:/laragon/www/kurikulum/vendor/laravel/framework/src/Illuminate/Foundation/Http/Middleware/TrimStrings.php(40): Illuminate/Foundation/Http/Middleware/TransformsRequest->handle(Object(Illuminate/Http/Request), Object(Closure))
#38 C:/laragon/www/kurikulum/vendor/laravel/framework/src/Illuminate/Pipeline/Pipeline.php(183): Illuminate/Foundation/Http/Middleware/TrimStrings->handle(Object(Illuminate/Http/Request), Object(Closure))
#39 C:/laragon/www/kurikulum/vendor/laravel/framework/src/Illuminate/Foundation/Http/Middleware/ValidatePostSize.php(27): Illuminate/Pipeline/Pipeline->Illuminate/Pipeline/{closure}(Object(Illuminate/Http/Request))
#40 C:/laragon/www/kurikulum/vendor/laravel/framework/src/Illuminate/Pipeline/Pipeline.php(183): Illuminate/Foundation/Http/Middleware/ValidatePostSize->handle(Object(Illuminate/Http/Request), Object(Closure))
#41 C:/laragon/www/kurikulum/vendor/laravel/framework/src/Illuminate/Foundation/Http/Middleware/PreventRequestsDuringMaintenance.php(99): Illuminate/Pipeline/Pipeline->Illuminate/Pipeline/{closure}(Object(Illuminate/Http/Request))
#42 C:/laragon/www/kurikulum/vendor/laravel/framework/src/Illuminate/Pipeline/Pipeline.php(183): Illuminate/Foundation/Http/Middleware/PreventRequestsDuringMaintenance->handle(Object(Illuminate/Http/Request), Object(Closure))
#43 C:/laragon/www/kurikulum/vendor/laravel/framework/src/Illuminate/Http/Middleware/HandleCors.php(49): Illuminate/Pipeline/Pipeline->Illuminate/Pipeline/{closure}(Object(Illuminate/Http/Request))
#44 C:/laragon/www/kurikulum/vendor/laravel/framework/src/Illuminate/Pipeline/Pipeline.php(183): Illuminate/Http/Middleware/HandleCors->handle(Object(Illuminate/Http/Request), Object(Closure))
#45 C:/laragon/www/kurikulum/vendor/laravel/framework/src/Illuminate/Http/Middleware/TrustProxies.php(39): Illuminate/Pipeline/Pipeline->Illuminate/Pipeline/{closure}(Object(Illuminate/Http/Request))
#46 C:/laragon/www/kurikulum/vendor/laravel/framework/src/Illuminate/Pipeline/Pipeline.php(183): Illuminate/Http/Middleware/TrustProxies->handle(Object(Illuminate/Http/Request), Object(Closure))
#47 C:/laragon/www/kurikulum/vendor/laravel/framework/src/Illuminate/Pipeline/Pipeline.php(119): Illuminate/Pipeline/Pipeline->Illuminate/Pipeline/{closure}(Object(Illuminate/Http/Request))
#48 C:/laragon/www/kurikulum/vendor/laravel/framework/src/Illuminate/Foundation/Http/Kernel.php(175): Illuminate/Pipeline/Pipeline->then(Object(Closure))
#49 C:/laragon/www/kurikulum/vendor/laravel/framework/src/Illuminate/Foundation/Http/Kernel.php(144): Illuminate/Foundation/Http/Kernel->sendRequestThroughRouter(Object(Illuminate/Http/Request))
#50 C:/laragon/www/kurikulum/public/index.php(18): Illuminate/Foundation/Http/Kernel->handle(Object(Illuminate/Http/Request))
#51 C:/laragon/www/kurikulum/vendor/laravel/framework/src/Illuminate/Foundation/resources/server.php(16): require_once('C://laragon//www//...')
#52 {main}
"} 
[2026-07-18 13:43:59] local.ERROR: Route [kurikulum.cp-tp-atp-import.form] not defined. {"userId":1,"exception":"[object] (Symfony\\Component\\Routing\\Exception\\RouteNotFoundException(code: 0): Route [kurikulum.cp-tp-atp-import.form] not defined. at C:/laragon/www/kurikulum/vendor/laravel/framework/src/Illuminate/Routing/UrlGenerator.php:477)
[stacktrace]
#0 C:/laragon/www/kurikulum/vendor/laravel/framework/src/Illuminate/Foundation/helpers.php(811): Illuminate/Routing/UrlGenerator->route('kurikulum.cp-tp...', Array, true)
#1 C:/laragon/www/kurikulum/app/Http/Controllers/Kurikulum/PemetaanCpTpAtpController.php(17): route('kurikulum.cp-tp...')
#2 C:/laragon/www/kurikulum/app/Http/Controllers/Crud/BaseCrudController.php(115): App/Http/Controllers/Kurikulum/PemetaanCpTpAtpController->extraActions()
#3 C:/laragon/www/kurikulum/vendor/laravel/framework/src/Illuminate/Routing/Controller.php(54): App/Http/Controllers/Crud/BaseCrudController->index(Object(Illuminate/Http/Request))
#4 C:/laragon/www/kurikulum/vendor/laravel/framework/src/Illuminate/Routing/ControllerDispatcher.php(43): Illuminate/Routing/Controller->callAction('index', Array)
#5 C:/laragon/www/kurikulum/vendor/laravel/framework/src/Illuminate/Routing/Route.php(259): Illuminate/Routing/ControllerDispatcher->dispatch(Object(Illuminate/Routing/Route), Object(App/Http/Controllers/Kurikulum/PemetaanCpTpAtpController), 'index')
#6 C:/laragon/www/kurikulum/vendor/laravel/framework/src/Illuminate/Routing/Route.php(205): Illuminate/Routing/Route->runController()
#7 C:/laragon/www/kurikulum/vendor/laravel/framework/src/Illuminate/Routing/Router.php(806): Illuminate/Routing/Route->run()
#8 C:/laragon/www/kurikulum/vendor/laravel/framework/src/Illuminate/Pipeline/Pipeline.php(144): Illuminate/Routing/Router->Illuminate/Routing/{closure}(Object(Illuminate/Http/Request))
#9 C:/laragon/www/kurikulum/app/Http/Middleware/EnsureUserHasRole.php(23): Illuminate/Pipeline/Pipeline->Illuminate/Pipeline/{closure}(Object(Illuminate/Http/Request))
#10 C:/laragon/www/kurikulum/vendor/laravel/framework/src/Illuminate/Pipeline/Pipeline.php(183): App/Http/Middleware/EnsureUserHasRole->handle(Object(Illuminate/Http/Request), Object(Closure), 'admin', 'guru')
#11 C:/laragon/www/kurikulum/vendor/laravel/framework/src/Illuminate/Routing/Middleware/SubstituteBindings.php(50): Illuminate/Pipeline/Pipeline->Illuminate/Pipeline/{closure}(Object(Illuminate/Http/Request))
#12 C:/laragon/www/kurikulum/vendor/laravel/framework/src/Illuminate/Pipeline/Pipeline.php(183): Illuminate/Routing/Middleware/SubstituteBindings->handle(Object(Illuminate/Http/Request), Object(Closure))
#13 C:/laragon/www/kurikulum/vendor/laravel/framework/src/Illuminate/Auth/Middleware/Authenticate.php(57): Illuminate/Pipeline/Pipeline->Illuminate/Pipeline/{closure}(Object(Illuminate/Http/Request))
#14 C:/laragon/www/kurikulum/vendor/laravel/framework/src/Illuminate/Pipeline/Pipeline.php(183): Illuminate/Auth/Middleware/Authenticate->handle(Object(Illuminate/Http/Request), Object(Closure))
#15 C:/laragon/www/kurikulum/vendor/laravel/framework/src/Illuminate/Foundation/Http/Middleware/VerifyCsrfToken.php(78): Illuminate/Pipeline/Pipeline->Illuminate/Pipeline/{closure}(Object(Illuminate/Http/Request))
#16 C:/laragon/www/kurikulum/vendor/laravel/framework/src/Illuminate/Pipeline/Pipeline.php(183): Illuminate/Foundation/Http/Middleware/VerifyCsrfToken->handle(Object(Illuminate/Http/Request), Object(Closure))
#17 C:/laragon/www/kurikulum/vendor/laravel/framework/src/Illuminate/View/Middleware/ShareErrorsFromSession.php(49): Illuminate/Pipeline/Pipeline->Illuminate/Pipeline/{closure}(Object(Illuminate/Http/Request))
#18 C:/laragon/www/kurikulum/vendor/laravel/framework/src/Illuminate/Pipeline/Pipeline.php(183): Illuminate/View/Middleware/ShareErrorsFromSession->handle(Object(Illuminate/Http/Request), Object(Closure))
#19 C:/laragon/www/kurikulum/vendor/laravel/framework/src/Illuminate/Session/Middleware/StartSession.php(121): Illuminate/Pipeline/Pipeline->Illuminate/Pipeline/{closure}(Object(Illuminate/Http/Request))
#20 C:/laragon/www/kurikulum/vendor/laravel/framework/src/Illuminate/Session/Middleware/StartSession.php(64): Illuminate/Session/Middleware/StartSession->handleStatefulRequest(Object(Illuminate/Http/Request), Object(Illuminate/Session/Store), Object(Closure))
#21 C:/laragon/www/kurikulum/vendor/laravel/framework/src/Illuminate/Pipeline/Pipeline.php(183): Illuminate/Session/Middleware/StartSession->handle(Object(Illuminate/Http/Request), Object(Closure))
#22 C:/laragon/www/kurikulum/vendor/laravel/framework/src/Illuminate/Cookie/Middleware/AddQueuedCookiesToResponse.php(37): Illuminate/Pipeline/Pipeline->Illuminate/Pipeline/{closure}(Object(Illuminate/Http/Request))
#23 C:/laragon/www/kurikulum/vendor/laravel/framework/src/Illuminate/Pipeline/Pipeline.php(183): Illuminate/Cookie/Middleware/AddQueuedCookiesToResponse->handle(Object(Illuminate/Http/Request), Object(Closure))
#24 C:/laragon/www/kurikulum/vendor/laravel/framework/src/Illuminate/Cookie/Middleware/EncryptCookies.php(67): Illuminate/Pipeline/Pipeline->Illuminate/Pipeline/{closure}(Object(Illuminate/Http/Request))
#25 C:/laragon/www/kurikulum/vendor/laravel/framework/src/Illuminate/Pipeline/Pipeline.php(183): Illuminate/Cookie/Middleware/EncryptCookies->handle(Object(Illuminate/Http/Request), Object(Closure))
#26 C:/laragon/www/kurikulum/vendor/laravel/framework/src/Illuminate/Pipeline/Pipeline.php(119): Illuminate/Pipeline/Pipeline->Illuminate/Pipeline/{closure}(Object(Illuminate/Http/Request))
#27 C:/laragon/www/kurikulum/vendor/laravel/framework/src/Illuminate/Routing/Router.php(805): Illuminate/Pipeline/Pipeline->then(Object(Closure))
#28 C:/laragon/www/kurikulum/vendor/laravel/framework/src/Illuminate/Routing/Router.php(784): Illuminate/Routing/Router->runRouteWithinStack(Object(Illuminate/Routing/Route), Object(Illuminate/Http/Request))
#29 C:/laragon/www/kurikulum/vendor/laravel/framework/src/Illuminate/Routing/Router.php(748): Illuminate/Routing/Router->runRoute(Object(Illuminate/Http/Request), Object(Illuminate/Routing/Route))
#30 C:/laragon/www/kurikulum/vendor/laravel/framework/src/Illuminate/Routing/Router.php(737): Illuminate/Routing/Router->dispatchToRoute(Object(Illuminate/Http/Request))
#31 C:/laragon/www/kurikulum/vendor/laravel/framework/src/Illuminate/Foundation/Http/Kernel.php(200): Illuminate/Routing/Router->dispatch(Object(Illuminate/Http/Request))
#32 C:/laragon/www/kurikulum/vendor/laravel/framework/src/Illuminate/Pipeline/Pipeline.php(144): Illuminate/Foundation/Http/Kernel->Illuminate/Foundation/Http/{closure}(Object(Illuminate/Http/Request))
#33 C:/laragon/www/kurikulum/vendor/laravel/framework/src/Illuminate/Foundation/Http/Middleware/TransformsRequest.php(21): Illuminate/Pipeline/Pipeline->Illuminate/Pipeline/{closure}(Object(Illuminate/Http/Request))
#34 C:/laragon/www/kurikulum/vendor/laravel/framework/src/Illuminate/Foundation/Http/Middleware/ConvertEmptyStringsToNull.php(31): Illuminate/Foundation/Http/Middleware/TransformsRequest->handle(Object(Illuminate/Http/Request), Object(Closure))
#35 C:/laragon/www/kurikulum/vendor/laravel/framework/src/Illuminate/Pipeline/Pipeline.php(183): Illuminate/Foundation/Http/Middleware/ConvertEmptyStringsToNull->handle(Object(Illuminate/Http/Request), Object(Closure))
#36 C:/laragon/www/kurikulum/vendor/laravel/framework/src/Illuminate/Foundation/Http/Middleware/TransformsRequest.php(21): Illuminate/Pipeline/Pipeline->Illuminate/Pipeline/{closure}(Object(Illuminate/Http/Request))
#37 C:/laragon/www/kurikulum/vendor/laravel/framework/src/Illuminate/Foundation/Http/Middleware/TrimStrings.php(40): Illuminate/Foundation/Http/Middleware/TransformsRequest->handle(Object(Illuminate/Http/Request), Object(Closure))
#38 C:/laragon/www/kurikulum/vendor/laravel/framework/src/Illuminate/Pipeline/Pipeline.php(183): Illuminate/Foundation/Http/Middleware/TrimStrings->handle(Object(Illuminate/Http/Request), Object(Closure))
#39 C:/laragon/www/kurikulum/vendor/laravel/framework/src/Illuminate/Foundation/Http/Middleware/ValidatePostSize.php(27): Illuminate/Pipeline/Pipeline->Illuminate/Pipeline/{closure}(Object(Illuminate/Http/Request))
#40 C:/laragon/www/kurikulum/vendor/laravel/framework/src/Illuminate/Pipeline/Pipeline.php(183): Illuminate/Foundation/Http/Middleware/ValidatePostSize->handle(Object(Illuminate/Http/Request), Object(Closure))
#41 C:/laragon/www/kurikulum/vendor/laravel/framework/src/Illuminate/Foundation/Http/Middleware/PreventRequestsDuringMaintenance.php(99): Illuminate/Pipeline/Pipeline->Illuminate/Pipeline/{closure}(Object(Illuminate/Http/Request))
#42 C:/laragon/www/kurikulum/vendor/laravel/framework/src/Illuminate/Pipeline/Pipeline.php(183): Illuminate/Foundation/Http/Middleware/PreventRequestsDuringMaintenance->handle(Object(Illuminate/Http/Request), Object(Closure))
#43 C:/laragon/www/kurikulum/vendor/laravel/framework/src/Illuminate/Http/Middleware/HandleCors.php(49): Illuminate/Pipeline/Pipeline->Illuminate/Pipeline/{closure}(Object(Illuminate/Http/Request))
#44 C:/laragon/www/kurikulum/vendor/laravel/framework/src/Illuminate/Pipeline/Pipeline.php(183): Illuminate/Http/Middleware/HandleCors->handle(Object(Illuminate/Http/Request), Object(Closure))
#45 C:/laragon/www/kurikulum/vendor/laravel/framework/src/Illuminate/Http/Middleware/TrustProxies.php(39): Illuminate/Pipeline/Pipeline->Illuminate/Pipeline/{closure}(Object(Illuminate/Http/Request))
#46 C:/laragon/www/kurikulum/vendor/laravel/framework/src/Illuminate/Pipeline/Pipeline.php(183): Illuminate/Http/Middleware/TrustProxies->handle(Object(Illuminate/Http/Request), Object(Closure))
#47 C:/laragon/www/kurikulum/vendor/laravel/framework/src/Illuminate/Pipeline/Pipeline.php(119): Illuminate/Pipeline/Pipeline->Illuminate/Pipeline/{closure}(Object(Illuminate/Http/Request))
#48 C:/laragon/www/kurikulum/vendor/laravel/framework/src/Illuminate/Foundation/Http/Kernel.php(175): Illuminate/Pipeline/Pipeline->then(Object(Closure))
#49 C:/laragon/www/kurikulum/vendor/laravel/framework/src/Illuminate/Foundation/Http/Kernel.php(144): Illuminate/Foundation/Http/Kernel->sendRequestThroughRouter(Object(Illuminate/Http/Request))
#50 C:/laragon/www/kurikulum/public/index.php(18): Illuminate/Foundation/Http/Kernel->handle(Object(Illuminate/Http/Request))
#51 C:/laragon/www/kurikulum/vendor/laravel/framework/src/Illuminate/Foundation/resources/server.php(16): require_once('C://laragon//www//...')
#52 {main}
"} 
[2026-07-31 19:09:35] local.ERROR: Illuminate\Auth\SessionGuard::setRequest(): Argument #1 ($request) must be of type Symfony\Component\HttpFoundation\Request, null given, called in C:\laragon\www\kurikulum\vendor\laravel\framework\src\Illuminate\Auth\AuthManager.php on line 145 {"exception":"[object] (TypeError(code: 0): Illuminate\\Auth\\SessionGuard::setRequest(): Argument #1 ($request) must be of type Symfony\\Component\\HttpFoundation\\Request, null given, called in C:\\laragon\\www\\kurikulum\\vendor\\laravel\\framework\\src\\Illuminate\\Auth\\AuthManager.php on line 145 at C:/laragon/www/kurikulum/vendor/laravel/framework/src/Illuminate/Auth/SessionGuard.php:946)
[stacktrace]
#0 C:/laragon/www/kurikulum/vendor/laravel/framework/src/Illuminate/Auth/AuthManager.php(145): Illuminate/Auth/SessionGuard->setRequest(NULL)
#1 C:/laragon/www/kurikulum/vendor/laravel/framework/src/Illuminate/Auth/AuthManager.php(96): Illuminate/Auth/AuthManager->createSessionDriver('web', Array)
#2 C:/laragon/www/kurikulum/vendor/laravel/framework/src/Illuminate/Auth/AuthManager.php(70): Illuminate/Auth/AuthManager->resolve('web')
#3 C:/Users/deasy/AppData/Local/Temp/claude/C--laragon-www-kurikulum/93d15dd9-5acb-4c03-a43a-a860207ed17b/scratchpad/cek_tahun_ajaran.php(30): Illuminate/Auth/AuthManager->guard()
#4 {main}
"} 
[2026-08-17 18:30:45] local.ERROR: syntax error, unexpected token "endif", expecting end of file (View: C:\laragon\www\kurikulum\resources\views\crud\index.blade.php) {"userId":1,"exception":"[object] (Illuminate\\View\\ViewException(code: 0): syntax error, unexpected token \"endif\", expecting end of file (View: C:\\laragon\\www\\kurikulum\\resources\\views\\crud\\index.blade.php) at C:/laragon/www/kurikulum/storage/framework/views/dc0e3943d06065270ff26c9048b16a07.php:73)
[stacktrace]
#0 C:/laragon/www/kurikulum/vendor/laravel/framework/src/Illuminate/View/Engines/PhpEngine.php(60): Illuminate/View/Engines/CompilerEngine->handleViewException(Object(ParseError), 0)
#1 C:/laragon/www/kurikulum/vendor/laravel/framework/src/Illuminate/View/Engines/CompilerEngine.php(72): Illuminate/View/Engines/PhpEngine->evaluatePath('C://laragon//www//...', Array)
#2 C:/laragon/www/kurikulum/vendor/laravel/framework/src/Illuminate/View/View.php(207): Illuminate/View/Engines/CompilerEngine->get('C://laragon//www//...', Array)
#3 C:/laragon/www/kurikulum/vendor/laravel/framework/src/Illuminate/View/View.php(190): Illuminate/View/View->getContents()
#4 C:/laragon/www/kurikulum/vendor/laravel/framework/src/Illuminate/View/View.php(159): Illuminate/View/View->renderContents()
#5 C:/laragon/www/kurikulum/vendor/laravel/framework/src/Illuminate/Http/Response.php(69): Illuminate/View/View->render()
#6 C:/laragon/www/kurikulum/vendor/laravel/framework/src/Illuminate/Http/Response.php(35): Illuminate/Http/Response->setContent(Object(Illuminate/View/View))
#7 C:/laragon/www/kurikulum/vendor/laravel/framework/src/Illuminate/Routing/Router.php(918): Illuminate/Http/Response->__construct(Object(Illuminate/View/View), 200, Array)
#8 C:/laragon/www/kurikulum/vendor/laravel/framework/src/Illuminate/Routing/Router.php(885): Illuminate/Routing/Router::toResponse(Object(Illuminate/Http/Request), Object(Illuminate/View/View))
#9 C:/laragon/www/kurikulum/vendor/laravel/framework/src/Illuminate/Routing/Router.php(805): Illuminate/Routing/Router->prepareResponse(Object(Illuminate/Http/Request), Object(Illuminate/View/View))
#10 C:/laragon/www/kurikulum/vendor/laravel/framework/src/Illuminate/Pipeline/Pipeline.php(144): Illuminate/Routing/Router->Illuminate/Routing/{closure}(Object(Illuminate/Http/Request))
#11 C:/laragon/www/kurikulum/app/Http/Middleware/EnsureUserHasRole.php(23): Illuminate/Pipeline/Pipeline->Illuminate/Pipeline/{closure}(Object(Illuminate/Http/Request))
#12 C:/laragon/www/kurikulum/vendor/laravel/framework/src/Illuminate/Pipeline/Pipeline.php(183): App/Http/Middleware/EnsureUserHasRole->handle(Object(Illuminate/Http/Request), Object(Closure), 'admin', 'guru')
#13 C:/laragon/www/kurikulum/vendor/laravel/framework/src/Illuminate/Routing/Middleware/SubstituteBindings.php(50): Illuminate/Pipeline/Pipeline->Illuminate/Pipeline/{closure}(Object(Illuminate/Http/Request))
#14 C:/laragon/www/kurikulum/vendor/laravel/framework/src/Illuminate/Pipeline/Pipeline.php(183): Illuminate/Routing/Middleware/SubstituteBindings->handle(Object(Illuminate/Http/Request), Object(Closure))
#15 C:/laragon/www/kurikulum/vendor/laravel/framework/src/Illuminate/Auth/Middleware/Authenticate.php(57): Illuminate/Pipeline/Pipeline->Illuminate/Pipeline/{closure}(Object(Illuminate/Http/Request))
#16 C:/laragon/www/kurikulum/vendor/laravel/framework/src/Illuminate/Pipeline/Pipeline.php(183): Illuminate/Auth/Middleware/Authenticate->handle(Object(Illuminate/Http/Request), Object(Closure))
#17 C:/laragon/www/kurikulum/vendor/laravel/framework/src/Illuminate/Foundation/Http/Middleware/VerifyCsrfToken.php(78): Illuminate/Pipeline/Pipeline->Illuminate/Pipeline/{closure}(Object(Illuminate/Http/Request))
#18 C:/laragon/www/kurikulum/vendor/laravel/framework/src/Illuminate/Pipeline/Pipeline.php(183): Illuminate/Foundation/Http/Middleware/VerifyCsrfToken->handle(Object(Illuminate/Http/Request), Object(Closure))
#19 C:/laragon/www/kurikulum/vendor/laravel/framework/src/Illuminate/View/Middleware/ShareErrorsFromSession.php(49): Illuminate/Pipeline/Pipeline->Illuminate/Pipeline/{closure}(Object(Illuminate/Http/Request))
#20 C:/laragon/www/kurikulum/vendor/laravel/framework/src/Illuminate/Pipeline/Pipeline.php(183): Illuminate/View/Middleware/ShareErrorsFromSession->handle(Object(Illuminate/Http/Request), Object(Closure))
#21 C:/laragon/www/kurikulum/vendor/laravel/framework/src/Illuminate/Session/Middleware/StartSession.php(121): Illuminate/Pipeline/Pipeline->Illuminate/Pipeline/{closure}(Object(Illuminate/Http/Request))
#22 C:/laragon/www/kurikulum/vendor/laravel/framework/src/Illuminate/Session/Middleware/StartSession.php(64): Illuminate/Session/Middleware/StartSession->handleStatefulRequest(Object(Illuminate/Http/Request), Object(Illuminate/Session/Store), Object(Closure))
#23 C:/laragon/www/kurikulum/vendor/laravel/framework/src/Illuminate/Pipeline/Pipeline.php(183): Illuminate/Session/Middleware/StartSession->handle(Object(Illuminate/Http/Request), Object(Closure))
#24 C:/laragon/www/kurikulum/vendor/laravel/framework/src/Illuminate/Cookie/Middleware/AddQueuedCookiesToResponse.php(37): Illuminate/Pipeline/Pipeline->Illuminate/Pipeline/{closure}(Object(Illuminate/Http/Request))
#25 C:/laragon/www/kurikulum/vendor/laravel/framework/src/Illuminate/Pipeline/Pipeline.php(183): Illuminate/Cookie/Middleware/AddQueuedCookiesToResponse->handle(Object(Illuminate/Http/Request), Object(Closure))
#26 C:/laragon/www/kurikulum/vendor/laravel/framework/src/Illuminate/Cookie/Middleware/EncryptCookies.php(67): Illuminate/Pipeline/Pipeline->Illuminate/Pipeline/{closure}(Object(Illuminate/Http/Request))
#27 C:/laragon/www/kurikulum/vendor/laravel/framework/src/Illuminate/Pipeline/Pipeline.php(183): Illuminate/Cookie/Middleware/EncryptCookies->handle(Object(Illuminate/Http/Request), Object(Closure))
#28 C:/laragon/www/kurikulum/vendor/laravel/framework/src/Illuminate/Pipeline/Pipeline.php(119): Illuminate/Pipeline/Pipeline->Illuminate/Pipeline/{closure}(Object(Illuminate/Http/Request))
#29 C:/laragon/www/kurikulum/vendor/laravel/framework/src/Illuminate/Routing/Router.php(805): Illuminate/Pipeline/Pipeline->then(Object(Closure))
#30 C:/laragon/www/kurikulum/vendor/laravel/framework/src/Illuminate/Routing/Router.php(784): Illuminate/Routing/Router->runRouteWithinStack(Object(Illuminate/Routing/Route), Object(Illuminate/Http/Request))
#31 C:/laragon/www/kurikulum/vendor/laravel/framework/src/Illuminate/Routing/Router.php(748): Illuminate/Routing/Router->runRoute(Object(Illuminate/Http/Request), Object(Illuminate/Routing/Route))
#32 C:/laragon/www/kurikulum/vendor/laravel/framework/src/Illuminate/Routing/Router.php(737): Illuminate/Routing/Router->dispatchToRoute(Object(Illuminate/Http/Request))
#33 C:/laragon/www/kurikulum/vendor/laravel/framework/src/Illuminate/Foundation/Http/Kernel.php(200): Illuminate/Routing/Router->dispatch(Object(Illuminate/Http/Request))
#34 C:/laragon/www/kurikulum/vendor/laravel/framework/src/Illuminate/Pipeline/Pipeline.php(144): Illuminate/Foundation/Http/Kernel->Illuminate/Foundation/Http/{closure}(Object(Illuminate/Http/Request))
#35 C:/laragon/www/kurikulum/vendor/laravel/framework/src/Illuminate/Foundation/Http/Middleware/TransformsRequest.php(21): Illuminate/Pipeline/Pipeline->Illuminate/Pipeline/{closure}(Object(Illuminate/Http/Request))
#36 C:/laragon/www/kurikulum/vendor/laravel/framework/src/Illuminate/Foundation/Http/Middleware/ConvertEmptyStringsToNull.php(31): Illuminate/Foundation/Http/Middleware/TransformsRequest->handle(Object(Illuminate/Http/Request), Object(Closure))
#37 C:/laragon/www/kurikulum/vendor/laravel/framework/src/Illuminate/Pipeline/Pipeline.php(183): Illuminate/Foundation/Http/Middleware/ConvertEmptyStringsToNull->handle(Object(Illuminate/Http/Request), Object(Closure))
#38 C:/laragon/www/kurikulum/vendor/laravel/framework/src/Illuminate/Foundation/Http/Middleware/TransformsRequest.php(21): Illuminate/Pipeline/Pipeline->Illuminate/Pipeline/{closure}(Object(Illuminate/Http/Request))
#39 C:/laragon/www/kurikulum/vendor/laravel/framework/src/Illuminate/Foundation/Http/Middleware/TrimStrings.php(40): Illuminate/Foundation/Http/Middleware/TransformsRequest->handle(Object(Illuminate/Http/Request), Object(Closure))
#40 C:/laragon/www/kurikulum/vendor/laravel/framework/src/Illuminate/Pipeline/Pipeline.php(183): Illuminate/Foundation/Http/Middleware/TrimStrings->handle(Object(Illuminate/Http/Request), Object(Closure))
#41 C:/laragon/www/kurikulum/vendor/laravel/framework/src/Illuminate/Foundation/Http/Middleware/ValidatePostSize.php(27): Illuminate/Pipeline/Pipeline->Illuminate/Pipeline/{closure}(Object(Illuminate/Http/Request))
#42 C:/laragon/www/kurikulum/vendor/laravel/framework/src/Illuminate/Pipeline/Pipeline.php(183): Illuminate/Foundation/Http/Middleware/ValidatePostSize->handle(Object(Illuminate/Http/Request), Object(Closure))
#43 C:/laragon/www/kurikulum/vendor/laravel/framework/src/Illuminate/Foundation/Http/Middleware/PreventRequestsDuringMaintenance.php(99): Illuminate/Pipeline/Pipeline->Illuminate/Pipeline/{closure}(Object(Illuminate/Http/Request))
#44 C:/laragon/www/kurikulum/vendor/laravel/framework/src/Illuminate/Pipeline/Pipeline.php(183): Illuminate/Foundation/Http/Middleware/PreventRequestsDuringMaintenance->handle(Object(Illuminate/Http/Request), Object(Closure))
#45 C:/laragon/www/kurikulum/vendor/laravel/framework/src/Illuminate/Http/Middleware/HandleCors.php(49): Illuminate/Pipeline/Pipeline->Illuminate/Pipeline/{closure}(Object(Illuminate/Http/Request))
#46 C:/laragon/www/kurikulum/vendor/laravel/framework/src/Illuminate/Pipeline/Pipeline.php(183): Illuminate/Http/Middleware/HandleCors->handle(Object(Illuminate/Http/Request), Object(Closure))
#47 C:/laragon/www/kurikulum/vendor/laravel/framework/src/Illuminate/Http/Middleware/TrustProxies.php(39): Illuminate/Pipeline/Pipeline->Illuminate/Pipeline/{closure}(Object(Illuminate/Http/Request))
#48 C:/laragon/www/kurikulum/vendor/laravel/framework/src/Illuminate/Pipeline/Pipeline.php(183): Illuminate/Http/Middleware/TrustProxies->handle(Object(Illuminate/Http/Request), Object(Closure))
#49 C:/laragon/www/kurikulum/vendor/laravel/framework/src/Illuminate/Pipeline/Pipeline.php(119): Illuminate/Pipeline/Pipeline->Illuminate/Pipeline/{closure}(Object(Illuminate/Http/Request))
#50 C:/laragon/www/kurikulum/vendor/laravel/framework/src/Illuminate/Foundation/Http/Kernel.php(175): Illuminate/Pipeline/Pipeline->then(Object(Closure))
#51 C:/laragon/www/kurikulum/vendor/laravel/framework/src/Illuminate/Foundation/Http/Kernel.php(144): Illuminate/Foundation/Http/Kernel->sendRequestThroughRouter(Object(Illuminate/Http/Request))
#52 C:/Users/deasy/AppData/Local/Temp/claude/C--laragon-www-kurikulum/3da87171-a58e-497f-935f-452a8fdd4d0d/scratchpad/filter_check.php(34): Illuminate/Foundation/Http/Kernel->handle(Object(Illuminate/Http/Request))
#53 C:/Users/deasy/AppData/Local/Temp/claude/C--laragon-www-kurikulum/3da87171-a58e-497f-935f-452a8fdd4d0d/scratchpad/filter_check.php(52): ambil(Object(App/Http/Kernel), 'http://localhos...')
#54 C:/laragon/www/kurikulum/vendor/psy/psysh/src/Shell.php(841): include_once('C://Users//deasy//...')
#55 C:/laragon/www/kurikulum/vendor/psy/psysh/src/Shell.php(856): Psy/Shell->Psy/{closure}(Object(Psy/Shell))
#56 C:/laragon/www/kurikulum/vendor/psy/psysh/src/Shell.php(788): Psy/Shell->loadIncludes()
#57 C:/laragon/www/kurikulum/vendor/psy/psysh/src/Shell.php(716): Psy/Shell->doNonInteractiveRun(false)
#58 C:/laragon/www/kurikulum/vendor/symfony/console/Application.php(175): Psy/Shell->doRun(Object(Symfony/Component/Console/Input/ArrayInput), Object(Psy/Output/ShellOutput))
#59 C:/laragon/www/kurikulum/vendor/psy/psysh/src/Shell.php(684): Symfony/Component/Console/Application->run(Object(Symfony/Component/Console/Input/ArrayInput), Object(Psy/Output/ShellOutput))
#60 C:/laragon/www/kurikulum/vendor/laravel/tinker/src/Console/TinkerCommand.php(86): Psy/Shell->run()
#61 C:/laragon/www/kurikulum/vendor/laravel/framework/src/Illuminate/Container/BoundMethod.php(36): Laravel/Tinker/Console/TinkerCommand->handle()
#62 C:/laragon/www/kurikulum/vendor/laravel/framework/src/Illuminate/Container/Util.php(41): Illuminate/Container/BoundMethod::Illuminate/Container/{closure}()
#63 C:/laragon/www/kurikulum/vendor/laravel/framework/src/Illuminate/Container/BoundMethod.php(93): Illuminate/Container/Util::unwrapIfClosure(Object(Closure))
#64 C:/laragon/www/kurikulum/vendor/laravel/framework/src/Illuminate/Container/BoundMethod.php(35): Illuminate/Container/BoundMethod::callBoundMethod(Object(Illuminate/Foundation/Application), Array, Object(Closure))
#65 C:/laragon/www/kurikulum/vendor/laravel/framework/src/Illuminate/Container/Container.php(662): Illuminate/Container/BoundMethod::call(Object(Illuminate/Foundation/Application), Array, Array, NULL)
#66 C:/laragon/www/kurikulum/vendor/laravel/framework/src/Illuminate/Console/Command.php(211): Illuminate/Container/Container->call(Array)
#67 C:/laragon/www/kurikulum/vendor/symfony/console/Command/Command.php(326): Illuminate/Console/Command->execute(Object(Symfony/Component/Console/Input/ArgvInput), Object(Illuminate/Console/OutputStyle))
#68 C:/laragon/www/kurikulum/vendor/laravel/framework/src/Illuminate/Console/Command.php(180): Symfony/Component/Console/Command/Command->run(Object(Symfony/Component/Console/Input/ArgvInput), Object(Illuminate/Console/OutputStyle))
#69 C:/laragon/www/kurikulum/vendor/symfony/console/Application.php(1121): Illuminate/Console/Command->run(Object(Symfony/Component/Console/Input/ArgvInput), Object(Symfony/Component/Console/Output/ConsoleOutput))
#70 C:/laragon/www/kurikulum/vendor/symfony/console/Application.php(324): Symfony/Component/Console/Application->doRunCommand(Object(Laravel/Tinker/Console/TinkerCommand), Object(Symfony/Component/Console/Input/ArgvInput), Object(Symfony/Component/Console/Output/ConsoleOutput))
#71 C:/laragon/www/kurikulum/vendor/symfony/console/Application.php(175): Symfony/Component/Console/Application->doRun(Object(Symfony/Component/Console/Input/ArgvInput), Object(Symfony/Component/Console/Output/ConsoleOutput))
#72 C:/laragon/www/kurikulum/vendor/laravel/framework/src/Illuminate/Foundation/Console/Kernel.php(201): Symfony/Component/Console/Application->run(Object(Symfony/Component/Console/Input/ArgvInput), Object(Symfony/Component/Console/Output/ConsoleOutput))
#73 C:/laragon/www/kurikulum/artisan(14): Illuminate/Foundation/Console/Kernel->handle(Object(Symfony/Component/Console/Input/ArgvInput), Object(Symfony/Component/Console/Output/ConsoleOutput))
#74 {main}

[previous exception] [object] (ParseError(code: 0): syntax error, unexpected token \"endif\", expecting end of file at C:/laragon/www/kurikulum/storage/framework/views/dc0e3943d06065270ff26c9048b16a07.php:73)
[stacktrace]
#0 C:/laragon/www/kurikulum/vendor/laravel/framework/src/Illuminate/Filesystem/Filesystem.php(124): Illuminate/Filesystem/Filesystem::Illuminate/Filesystem/{closure}()
#1 C:/laragon/www/kurikulum/vendor/laravel/framework/src/Illuminate/View/Engines/PhpEngine.php(58): Illuminate/Filesystem/Filesystem->getRequire('C://laragon//www//...', Array)
#2 C:/laragon/www/kurikulum/vendor/laravel/framework/src/Illuminate/View/Engines/CompilerEngine.php(72): Illuminate/View/Engines/PhpEngine->evaluatePath('C://laragon//www//...', Array)
#3 C:/laragon/www/kurikulum/vendor/laravel/framework/src/Illuminate/View/View.php(207): Illuminate/View/Engines/CompilerEngine->get('C://laragon//www//...', Array)
#4 C:/laragon/www/kurikulum/vendor/laravel/framework/src/Illuminate/View/View.php(190): Illuminate/View/View->getContents()
#5 C:/laragon/www/kurikulum/vendor/laravel/framework/src/Illuminate/View/View.php(159): Illuminate/View/View->renderContents()
#6 C:/laragon/www/kurikulum/vendor/laravel/framework/src/Illuminate/Http/Response.php(69): Illuminate/View/View->render()
#7 C:/laragon/www/kurikulum/vendor/laravel/framework/src/Illuminate/Http/Response.php(35): Illuminate/Http/Response->setContent(Object(Illuminate/View/View))
#8 C:/laragon/www/kurikulum/vendor/laravel/framework/src/Illuminate/Routing/Router.php(918): Illuminate/Http/Response->__construct(Object(Illuminate/View/View), 200, Array)
#9 C:/laragon/www/kurikulum/vendor/laravel/framework/src/Illuminate/Routing/Router.php(885): Illuminate/Routing/Router::toResponse(Object(Illuminate/Http/Request), Object(Illuminate/View/View))
#10 C:/laragon/www/kurikulum/vendor/laravel/framework/src/Illuminate/Routing/Router.php(805): Illuminate/Routing/Router->prepareResponse(Object(Illuminate/Http/Request), Object(Illuminate/View/View))
#11 C:/laragon/www/kurikulum/vendor/laravel/framework/src/Illuminate/Pipeline/Pipeline.php(144): Illuminate/Routing/Router->Illuminate/Routing/{closure}(Object(Illuminate/Http/Request))
#12 C:/laragon/www/kurikulum/app/Http/Middleware/EnsureUserHasRole.php(23): Illuminate/Pipeline/Pipeline->Illuminate/Pipeline/{closure}(Object(Illuminate/Http/Request))
#13 C:/laragon/www/kurikulum/vendor/laravel/framework/src/Illuminate/Pipeline/Pipeline.php(183): App/Http/Middleware/EnsureUserHasRole->handle(Object(Illuminate/Http/Request), Object(Closure), 'admin', 'guru')
#14 C:/laragon/www/kurikulum/vendor/laravel/framework/src/Illuminate/Routing/Middleware/SubstituteBindings.php(50): Illuminate/Pipeline/Pipeline->Illuminate/Pipeline/{closure}(Object(Illuminate/Http/Request))
#15 C:/laragon/www/kurikulum/vendor/laravel/framework/src/Illuminate/Pipeline/Pipeline.php(183): Illuminate/Routing/Middleware/SubstituteBindings->handle(Object(Illuminate/Http/Request), Object(Closure))
#16 C:/laragon/www/kurikulum/vendor/laravel/framework/src/Illuminate/Auth/Middleware/Authenticate.php(57): Illuminate/Pipeline/Pipeline->Illuminate/Pipeline/{closure}(Object(Illuminate/Http/Request))
#17 C:/laragon/www/kurikulum/vendor/laravel/framework/src/Illuminate/Pipeline/Pipeline.php(183): Illuminate/Auth/Middleware/Authenticate->handle(Object(Illuminate/Http/Request), Object(Closure))
#18 C:/laragon/www/kurikulum/vendor/laravel/framework/src/Illuminate/Foundation/Http/Middleware/VerifyCsrfToken.php(78): Illuminate/Pipeline/Pipeline->Illuminate/Pipeline/{closure}(Object(Illuminate/Http/Request))
#19 C:/laragon/www/kurikulum/vendor/laravel/framework/src/Illuminate/Pipeline/Pipeline.php(183): Illuminate/Foundation/Http/Middleware/VerifyCsrfToken->handle(Object(Illuminate/Http/Request), Object(Closure))
#20 C:/laragon/www/kurikulum/vendor/laravel/framework/src/Illuminate/View/Middleware/ShareErrorsFromSession.php(49): Illuminate/Pipeline/Pipeline->Illuminate/Pipeline/{closure}(Object(Illuminate/Http/Request))
#21 C:/laragon/www/kurikulum/vendor/laravel/framework/src/Illuminate/Pipeline/Pipeline.php(183): Illuminate/View/Middleware/ShareErrorsFromSession->handle(Object(Illuminate/Http/Request), Object(Closure))
#22 C:/laragon/www/kurikulum/vendor/laravel/framework/src/Illuminate/Session/Middleware/StartSession.php(121): Illuminate/Pipeline/Pipeline->Illuminate/Pipeline/{closure}(Object(Illuminate/Http/Request))
#23 C:/laragon/www/kurikulum/vendor/laravel/framework/src/Illuminate/Session/Middleware/StartSession.php(64): Illuminate/Session/Middleware/StartSession->handleStatefulRequest(Object(Illuminate/Http/Request), Object(Illuminate/Session/Store), Object(Closure))
#24 C:/laragon/www/kurikulum/vendor/laravel/framework/src/Illuminate/Pipeline/Pipeline.php(183): Illuminate/Session/Middleware/StartSession->handle(Object(Illuminate/Http/Request), Object(Closure))
#25 C:/laragon/www/kurikulum/vendor/laravel/framework/src/Illuminate/Cookie/Middleware/AddQueuedCookiesToResponse.php(37): Illuminate/Pipeline/Pipeline->Illuminate/Pipeline/{closure}(Object(Illuminate/Http/Request))
#26 C:/laragon/www/kurikulum/vendor/laravel/framework/src/Illuminate/Pipeline/Pipeline.php(183): Illuminate/Cookie/Middleware/AddQueuedCookiesToResponse->handle(Object(Illuminate/Http/Request), Object(Closure))
#27 C:/laragon/www/kurikulum/vendor/laravel/framework/src/Illuminate/Cookie/Middleware/EncryptCookies.php(67): Illuminate/Pipeline/Pipeline->Illuminate/Pipeline/{closure}(Object(Illuminate/Http/Request))
#28 C:/laragon/www/kurikulum/vendor/laravel/framework/src/Illuminate/Pipeline/Pipeline.php(183): Illuminate/Cookie/Middleware/EncryptCookies->handle(Object(Illuminate/Http/Request), Object(Closure))
#29 C:/laragon/www/kurikulum/vendor/laravel/framework/src/Illuminate/Pipeline/Pipeline.php(119): Illuminate/Pipeline/Pipeline->Illuminate/Pipeline/{closure}(Object(Illuminate/Http/Request))
#30 C:/laragon/www/kurikulum/vendor/laravel/framework/src/Illuminate/Routing/Router.php(805): Illuminate/Pipeline/Pipeline->then(Object(Closure))
#31 C:/laragon/www/kurikulum/vendor/laravel/framework/src/Illuminate/Routing/Router.php(784): Illuminate/Routing/Router->runRouteWithinStack(Object(Illuminate/Routing/Route), Object(Illuminate/Http/Request))
#32 C:/laragon/www/kurikulum/vendor/laravel/framework/src/Illuminate/Routing/Router.php(748): Illuminate/Routing/Router->runRoute(Object(Illuminate/Http/Request), Object(Illuminate/Routing/Route))
#33 C:/laragon/www/kurikulum/vendor/laravel/framework/src/Illuminate/Routing/Router.php(737): Illuminate/Routing/Router->dispatchToRoute(Object(Illuminate/Http/Request))
#34 C:/laragon/www/kurikulum/vendor/laravel/framework/src/Illuminate/Foundation/Http/Kernel.php(200): Illuminate/Routing/Router->dispatch(Object(Illuminate/Http/Request))
#35 C:/laragon/www/kurikulum/vendor/laravel/framework/src/Illuminate/Pipeline/Pipeline.php(144): Illuminate/Foundation/Http/Kernel->Illuminate/Foundation/Http/{closure}(Object(Illuminate/Http/Request))
#36 C:/laragon/www/kurikulum/vendor/laravel/framework/src/Illuminate/Foundation/Http/Middleware/TransformsRequest.php(21): Illuminate/Pipeline/Pipeline->Illuminate/Pipeline/{closure}(Object(Illuminate/Http/Request))
#37 C:/laragon/www/kurikulum/vendor/laravel/framework/src/Illuminate/Foundation/Http/Middleware/ConvertEmptyStringsToNull.php(31): Illuminate/Foundation/Http/Middleware/TransformsRequest->handle(Object(Illuminate/Http/Request), Object(Closure))
#38 C:/laragon/www/kurikulum/vendor/laravel/framework/src/Illuminate/Pipeline/Pipeline.php(183): Illuminate/Foundation/Http/Middleware/ConvertEmptyStringsToNull->handle(Object(Illuminate/Http/Request), Object(Closure))
#39 C:/laragon/www/kurikulum/vendor/laravel/framework/src/Illuminate/Foundation/Http/Middleware/TransformsRequest.php(21): Illuminate/Pipeline/Pipeline->Illuminate/Pipeline/{closure}(Object(Illuminate/Http/Request))
#40 C:/laragon/www/kurikulum/vendor/laravel/framework/src/Illuminate/Foundation/Http/Middleware/TrimStrings.php(40): Illuminate/Foundation/Http/Middleware/TransformsRequest->handle(Object(Illuminate/Http/Request), Object(Closure))
#41 C:/laragon/www/kurikulum/vendor/laravel/framework/src/Illuminate/Pipeline/Pipeline.php(183): Illuminate/Foundation/Http/Middleware/TrimStrings->handle(Object(Illuminate/Http/Request), Object(Closure))
#42 C:/laragon/www/kurikulum/vendor/laravel/framework/src/Illuminate/Foundation/Http/Middleware/ValidatePostSize.php(27): Illuminate/Pipeline/Pipeline->Illuminate/Pipeline/{closure}(Object(Illuminate/Http/Request))
#43 C:/laragon/www/kurikulum/vendor/laravel/framework/src/Illuminate/Pipeline/Pipeline.php(183): Illuminate/Foundation/Http/Middleware/ValidatePostSize->handle(Object(Illuminate/Http/Request), Object(Closure))
#44 C:/laragon/www/kurikulum/vendor/laravel/framework/src/Illuminate/Foundation/Http/Middleware/PreventRequestsDuringMaintenance.php(99): Illuminate/Pipeline/Pipeline->Illuminate/Pipeline/{closure}(Object(Illuminate/Http/Request))
#45 C:/laragon/www/kurikulum/vendor/laravel/framework/src/Illuminate/Pipeline/Pipeline.php(183): Illuminate/Foundation/Http/Middleware/PreventRequestsDuringMaintenance->handle(Object(Illuminate/Http/Request), Object(Closure))
#46 C:/laragon/www/kurikulum/vendor/laravel/framework/src/Illuminate/Http/Middleware/HandleCors.php(49): Illuminate/Pipeline/Pipeline->Illuminate/Pipeline/{closure}(Object(Illuminate/Http/Request))
#47 C:/laragon/www/kurikulum/vendor/laravel/framework/src/Illuminate/Pipeline/Pipeline.php(183): Illuminate/Http/Middleware/HandleCors->handle(Object(Illuminate/Http/Request), Object(Closure))
#48 C:/laragon/www/kurikulum/vendor/laravel/framework/src/Illuminate/Http/Middleware/TrustProxies.php(39): Illuminate/Pipeline/Pipeline->Illuminate/Pipeline/{closure}(Object(Illuminate/Http/Request))
#49 C:/laragon/www/kurikulum/vendor/laravel/framework/src/Illuminate/Pipeline/Pipeline.php(183): Illuminate/Http/Middleware/TrustProxies->handle(Object(Illuminate/Http/Request), Object(Closure))
#50 C:/laragon/www/kurikulum/vendor/laravel/framework/src/Illuminate/Pipeline/Pipeline.php(119): Illuminate/Pipeline/Pipeline->Illuminate/Pipeline/{closure}(Object(Illuminate/Http/Request))
#51 C:/laragon/www/kurikulum/vendor/laravel/framework/src/Illuminate/Foundation/Http/Kernel.php(175): Illuminate/Pipeline/Pipeline->then(Object(Closure))
#52 C:/laragon/www/kurikulum/vendor/laravel/framework/src/Illuminate/Foundation/Http/Kernel.php(144): Illuminate/Foundation/Http/Kernel->sendRequestThroughRouter(Object(Illuminate/Http/Request))
#53 C:/Users/deasy/AppData/Local/Temp/claude/C--laragon-www-kurikulum/3da87171-a58e-497f-935f-452a8fdd4d0d/scratchpad/filter_check.php(34): Illuminate/Foundation/Http/Kernel->handle(Object(Illuminate/Http/Request))
#54 C:/Users/deasy/AppData/Local/Temp/claude/C--laragon-www-kurikulum/3da87171-a58e-497f-935f-452a8fdd4d0d/scratchpad/filter_check.php(52): ambil(Object(App/Http/Kernel), 'http://localhos...')
#55 C:/laragon/www/kurikulum/vendor/psy/psysh/src/Shell.php(841): include_once('C://Users//deasy//...')
#56 C:/laragon/www/kurikulum/vendor/psy/psysh/src/Shell.php(856): Psy/Shell->Psy/{closure}(Object(Psy/Shell))
#57 C:/laragon/www/kurikulum/vendor/psy/psysh/src/Shell.php(788): Psy/Shell->loadIncludes()
#58 C:/laragon/www/kurikulum/vendor/psy/psysh/src/Shell.php(716): Psy/Shell->doNonInteractiveRun(false)
#59 C:/laragon/www/kurikulum/vendor/symfony/console/Application.php(175): Psy/Shell->doRun(Object(Symfony/Component/Console/Input/ArrayInput), Object(Psy/Output/ShellOutput))
#60 C:/laragon/www/kurikulum/vendor/psy/psysh/src/Shell.php(684): Symfony/Component/Console/Application->run(Object(Symfony/Component/Console/Input/ArrayInput), Object(Psy/Output/ShellOutput))
#61 C:/laragon/www/kurikulum/vendor/laravel/tinker/src/Console/TinkerCommand.php(86): Psy/Shell->run()
#62 C:/laragon/www/kurikulum/vendor/laravel/framework/src/Illuminate/Container/BoundMethod.php(36): Laravel/Tinker/Console/TinkerCommand->handle()
#63 C:/laragon/www/kurikulum/vendor/laravel/framework/src/Illuminate/Container/Util.php(41): Illuminate/Container/BoundMethod::Illuminate/Container/{closure}()
#64 C:/laragon/www/kurikulum/vendor/laravel/framework/src/Illuminate/Container/BoundMethod.php(93): Illuminate/Container/Util::unwrapIfClosure(Object(Closure))
#65 C:/laragon/www/kurikulum/vendor/laravel/framework/src/Illuminate/Container/BoundMethod.php(35): Illuminate/Container/BoundMethod::callBoundMethod(Object(Illuminate/Foundation/Application), Array, Object(Closure))
#66 C:/laragon/www/kurikulum/vendor/laravel/framework/src/Illuminate/Container/Container.php(662): Illuminate/Container/BoundMethod::call(Object(Illuminate/Foundation/Application), Array, Array, NULL)
#67 C:/laragon/www/kurikulum/vendor/laravel/framework/src/Illuminate/Console/Command.php(211): Illuminate/Container/Container->call(Array)
#68 C:/laragon/www/kurikulum/vendor/symfony/console/Command/Command.php(326): Illuminate/Console/Command->execute(Object(Symfony/Component/Console/Input/ArgvInput), Object(Illuminate/Console/OutputStyle))
#69 C:/laragon/www/kurikulum/vendor/laravel/framework/src/Illuminate/Console/Command.php(180): Symfony/Component/Console/Command/Command->run(Object(Symfony/Component/Console/Input/ArgvInput), Object(Illuminate/Console/OutputStyle))
#70 C:/laragon/www/kurikulum/vendor/symfony/console/Application.php(1121): Illuminate/Console/Command->run(Object(Symfony/Component/Console/Input/ArgvInput), Object(Symfony/Component/Console/Output/ConsoleOutput))
#71 C:/laragon/www/kurikulum/vendor/symfony/console/Application.php(324): Symfony/Component/Console/Application->doRunCommand(Object(Laravel/Tinker/Console/TinkerCommand), Object(Symfony/Component/Console/Input/ArgvInput), Object(Symfony/Component/Console/Output/ConsoleOutput))
#72 C:/laragon/www/kurikulum/vendor/symfony/console/Application.php(175): Symfony/Component/Console/Application->doRun(Object(Symfony/Component/Console/Input/ArgvInput), Object(Symfony/Component/Console/Output/ConsoleOutput))
#73 C:/laragon/www/kurikulum/vendor/laravel/framework/src/Illuminate/Foundation/Console/Kernel.php(201): Symfony/Component/Console/Application->run(Object(Symfony/Component/Console/Input/ArgvInput), Object(Symfony/Component/Console/Output/ConsoleOutput))
#74 C:/laragon/www/kurikulum/artisan(14): Illuminate/Foundation/Console/Kernel->handle(Object(Symfony/Component/Console/Input/ArgvInput), Object(Symfony/Component/Console/Output/ConsoleOutput))
#75 {main}
"} 
[2026-08-17 18:30:51] local.ERROR: syntax error, unexpected token "endif", expecting end of file (View: C:\laragon\www\kurikulum\resources\views\crud\index.blade.php) {"userId":1,"exception":"[object] (Illuminate\\View\\ViewException(code: 0): syntax error, unexpected token \"endif\", expecting end of file (View: C:\\laragon\\www\\kurikulum\\resources\\views\\crud\\index.blade.php) at C:/laragon/www/kurikulum/storage/framework/views/dc0e3943d06065270ff26c9048b16a07.php:73)
[stacktrace]
#0 C:/laragon/www/kurikulum/vendor/laravel/framework/src/Illuminate/View/Engines/PhpEngine.php(60): Illuminate/View/Engines/CompilerEngine->handleViewException(Object(ParseError), 0)
#1 C:/laragon/www/kurikulum/vendor/laravel/framework/src/Illuminate/View/Engines/CompilerEngine.php(72): Illuminate/View/Engines/PhpEngine->evaluatePath('C://laragon//www//...', Array)
#2 C:/laragon/www/kurikulum/vendor/laravel/framework/src/Illuminate/View/View.php(207): Illuminate/View/Engines/CompilerEngine->get('C://laragon//www//...', Array)
#3 C:/laragon/www/kurikulum/vendor/laravel/framework/src/Illuminate/View/View.php(190): Illuminate/View/View->getContents()
#4 C:/laragon/www/kurikulum/vendor/laravel/framework/src/Illuminate/View/View.php(159): Illuminate/View/View->renderContents()
#5 C:/laragon/www/kurikulum/vendor/laravel/framework/src/Illuminate/Http/Response.php(69): Illuminate/View/View->render()
#6 C:/laragon/www/kurikulum/vendor/laravel/framework/src/Illuminate/Http/Response.php(35): Illuminate/Http/Response->setContent(Object(Illuminate/View/View))
#7 C:/laragon/www/kurikulum/vendor/laravel/framework/src/Illuminate/Routing/Router.php(918): Illuminate/Http/Response->__construct(Object(Illuminate/View/View), 200, Array)
#8 C:/laragon/www/kurikulum/vendor/laravel/framework/src/Illuminate/Routing/Router.php(885): Illuminate/Routing/Router::toResponse(Object(Illuminate/Http/Request), Object(Illuminate/View/View))
#9 C:/laragon/www/kurikulum/vendor/laravel/framework/src/Illuminate/Routing/Router.php(805): Illuminate/Routing/Router->prepareResponse(Object(Illuminate/Http/Request), Object(Illuminate/View/View))
#10 C:/laragon/www/kurikulum/vendor/laravel/framework/src/Illuminate/Pipeline/Pipeline.php(144): Illuminate/Routing/Router->Illuminate/Routing/{closure}(Object(Illuminate/Http/Request))
#11 C:/laragon/www/kurikulum/app/Http/Middleware/EnsureUserHasRole.php(23): Illuminate/Pipeline/Pipeline->Illuminate/Pipeline/{closure}(Object(Illuminate/Http/Request))
#12 C:/laragon/www/kurikulum/vendor/laravel/framework/src/Illuminate/Pipeline/Pipeline.php(183): App/Http/Middleware/EnsureUserHasRole->handle(Object(Illuminate/Http/Request), Object(Closure), 'admin', 'guru')
#13 C:/laragon/www/kurikulum/vendor/laravel/framework/src/Illuminate/Routing/Middleware/SubstituteBindings.php(50): Illuminate/Pipeline/Pipeline->Illuminate/Pipeline/{closure}(Object(Illuminate/Http/Request))
#14 C:/laragon/www/kurikulum/vendor/laravel/framework/src/Illuminate/Pipeline/Pipeline.php(183): Illuminate/Routing/Middleware/SubstituteBindings->handle(Object(Illuminate/Http/Request), Object(Closure))
#15 C:/laragon/www/kurikulum/vendor/laravel/framework/src/Illuminate/Auth/Middleware/Authenticate.php(57): Illuminate/Pipeline/Pipeline->Illuminate/Pipeline/{closure}(Object(Illuminate/Http/Request))
#16 C:/laragon/www/kurikulum/vendor/laravel/framework/src/Illuminate/Pipeline/Pipeline.php(183): Illuminate/Auth/Middleware/Authenticate->handle(Object(Illuminate/Http/Request), Object(Closure))
#17 C:/laragon/www/kurikulum/vendor/laravel/framework/src/Illuminate/Foundation/Http/Middleware/VerifyCsrfToken.php(78): Illuminate/Pipeline/Pipeline->Illuminate/Pipeline/{closure}(Object(Illuminate/Http/Request))
#18 C:/laragon/www/kurikulum/vendor/laravel/framework/src/Illuminate/Pipeline/Pipeline.php(183): Illuminate/Foundation/Http/Middleware/VerifyCsrfToken->handle(Object(Illuminate/Http/Request), Object(Closure))
#19 C:/laragon/www/kurikulum/vendor/laravel/framework/src/Illuminate/View/Middleware/ShareErrorsFromSession.php(49): Illuminate/Pipeline/Pipeline->Illuminate/Pipeline/{closure}(Object(Illuminate/Http/Request))
#20 C:/laragon/www/kurikulum/vendor/laravel/framework/src/Illuminate/Pipeline/Pipeline.php(183): Illuminate/View/Middleware/ShareErrorsFromSession->handle(Object(Illuminate/Http/Request), Object(Closure))
#21 C:/laragon/www/kurikulum/vendor/laravel/framework/src/Illuminate/Session/Middleware/StartSession.php(121): Illuminate/Pipeline/Pipeline->Illuminate/Pipeline/{closure}(Object(Illuminate/Http/Request))
#22 C:/laragon/www/kurikulum/vendor/laravel/framework/src/Illuminate/Session/Middleware/StartSession.php(64): Illuminate/Session/Middleware/StartSession->handleStatefulRequest(Object(Illuminate/Http/Request), Object(Illuminate/Session/Store), Object(Closure))
#23 C:/laragon/www/kurikulum/vendor/laravel/framework/src/Illuminate/Pipeline/Pipeline.php(183): Illuminate/Session/Middleware/StartSession->handle(Object(Illuminate/Http/Request), Object(Closure))
#24 C:/laragon/www/kurikulum/vendor/laravel/framework/src/Illuminate/Cookie/Middleware/AddQueuedCookiesToResponse.php(37): Illuminate/Pipeline/Pipeline->Illuminate/Pipeline/{closure}(Object(Illuminate/Http/Request))
#25 C:/laragon/www/kurikulum/vendor/laravel/framework/src/Illuminate/Pipeline/Pipeline.php(183): Illuminate/Cookie/Middleware/AddQueuedCookiesToResponse->handle(Object(Illuminate/Http/Request), Object(Closure))
#26 C:/laragon/www/kurikulum/vendor/laravel/framework/src/Illuminate/Cookie/Middleware/EncryptCookies.php(67): Illuminate/Pipeline/Pipeline->Illuminate/Pipeline/{closure}(Object(Illuminate/Http/Request))
#27 C:/laragon/www/kurikulum/vendor/laravel/framework/src/Illuminate/Pipeline/Pipeline.php(183): Illuminate/Cookie/Middleware/EncryptCookies->handle(Object(Illuminate/Http/Request), Object(Closure))
#28 C:/laragon/www/kurikulum/vendor/laravel/framework/src/Illuminate/Pipeline/Pipeline.php(119): Illuminate/Pipeline/Pipeline->Illuminate/Pipeline/{closure}(Object(Illuminate/Http/Request))
#29 C:/laragon/www/kurikulum/vendor/laravel/framework/src/Illuminate/Routing/Router.php(805): Illuminate/Pipeline/Pipeline->then(Object(Closure))
#30 C:/laragon/www/kurikulum/vendor/laravel/framework/src/Illuminate/Routing/Router.php(784): Illuminate/Routing/Router->runRouteWithinStack(Object(Illuminate/Routing/Route), Object(Illuminate/Http/Request))
#31 C:/laragon/www/kurikulum/vendor/laravel/framework/src/Illuminate/Routing/Router.php(748): Illuminate/Routing/Router->runRoute(Object(Illuminate/Http/Request), Object(Illuminate/Routing/Route))
#32 C:/laragon/www/kurikulum/vendor/laravel/framework/src/Illuminate/Routing/Router.php(737): Illuminate/Routing/Router->dispatchToRoute(Object(Illuminate/Http/Request))
#33 C:/laragon/www/kurikulum/vendor/laravel/framework/src/Illuminate/Foundation/Http/Kernel.php(200): Illuminate/Routing/Router->dispatch(Object(Illuminate/Http/Request))
#34 C:/laragon/www/kurikulum/vendor/laravel/framework/src/Illuminate/Pipeline/Pipeline.php(144): Illuminate/Foundation/Http/Kernel->Illuminate/Foundation/Http/{closure}(Object(Illuminate/Http/Request))
#35 C:/laragon/www/kurikulum/vendor/laravel/framework/src/Illuminate/Foundation/Http/Middleware/TransformsRequest.php(21): Illuminate/Pipeline/Pipeline->Illuminate/Pipeline/{closure}(Object(Illuminate/Http/Request))
#36 C:/laragon/www/kurikulum/vendor/laravel/framework/src/Illuminate/Foundation/Http/Middleware/ConvertEmptyStringsToNull.php(31): Illuminate/Foundation/Http/Middleware/TransformsRequest->handle(Object(Illuminate/Http/Request), Object(Closure))
#37 C:/laragon/www/kurikulum/vendor/laravel/framework/src/Illuminate/Pipeline/Pipeline.php(183): Illuminate/Foundation/Http/Middleware/ConvertEmptyStringsToNull->handle(Object(Illuminate/Http/Request), Object(Closure))
#38 C:/laragon/www/kurikulum/vendor/laravel/framework/src/Illuminate/Foundation/Http/Middleware/TransformsRequest.php(21): Illuminate/Pipeline/Pipeline->Illuminate/Pipeline/{closure}(Object(Illuminate/Http/Request))
#39 C:/laragon/www/kurikulum/vendor/laravel/framework/src/Illuminate/Foundation/Http/Middleware/TrimStrings.php(40): Illuminate/Foundation/Http/Middleware/TransformsRequest->handle(Object(Illuminate/Http/Request), Object(Closure))
#40 C:/laragon/www/kurikulum/vendor/laravel/framework/src/Illuminate/Pipeline/Pipeline.php(183): Illuminate/Foundation/Http/Middleware/TrimStrings->handle(Object(Illuminate/Http/Request), Object(Closure))
#41 C:/laragon/www/kurikulum/vendor/laravel/framework/src/Illuminate/Foundation/Http/Middleware/ValidatePostSize.php(27): Illuminate/Pipeline/Pipeline->Illuminate/Pipeline/{closure}(Object(Illuminate/Http/Request))
#42 C:/laragon/www/kurikulum/vendor/laravel/framework/src/Illuminate/Pipeline/Pipeline.php(183): Illuminate/Foundation/Http/Middleware/ValidatePostSize->handle(Object(Illuminate/Http/Request), Object(Closure))
#43 C:/laragon/www/kurikulum/vendor/laravel/framework/src/Illuminate/Foundation/Http/Middleware/PreventRequestsDuringMaintenance.php(99): Illuminate/Pipeline/Pipeline->Illuminate/Pipeline/{closure}(Object(Illuminate/Http/Request))
#44 C:/laragon/www/kurikulum/vendor/laravel/framework/src/Illuminate/Pipeline/Pipeline.php(183): Illuminate/Foundation/Http/Middleware/PreventRequestsDuringMaintenance->handle(Object(Illuminate/Http/Request), Object(Closure))
#45 C:/laragon/www/kurikulum/vendor/laravel/framework/src/Illuminate/Http/Middleware/HandleCors.php(49): Illuminate/Pipeline/Pipeline->Illuminate/Pipeline/{closure}(Object(Illuminate/Http/Request))
#46 C:/laragon/www/kurikulum/vendor/laravel/framework/src/Illuminate/Pipeline/Pipeline.php(183): Illuminate/Http/Middleware/HandleCors->handle(Object(Illuminate/Http/Request), Object(Closure))
#47 C:/laragon/www/kurikulum/vendor/laravel/framework/src/Illuminate/Http/Middleware/TrustProxies.php(39): Illuminate/Pipeline/Pipeline->Illuminate/Pipeline/{closure}(Object(Illuminate/Http/Request))
#48 C:/laragon/www/kurikulum/vendor/laravel/framework/src/Illuminate/Pipeline/Pipeline.php(183): Illuminate/Http/Middleware/TrustProxies->handle(Object(Illuminate/Http/Request), Object(Closure))
#49 C:/laragon/www/kurikulum/vendor/laravel/framework/src/Illuminate/Pipeline/Pipeline.php(119): Illuminate/Pipeline/Pipeline->Illuminate/Pipeline/{closure}(Object(Illuminate/Http/Request))
#50 C:/laragon/www/kurikulum/vendor/laravel/framework/src/Illuminate/Foundation/Http/Kernel.php(175): Illuminate/Pipeline/Pipeline->then(Object(Closure))
#51 C:/laragon/www/kurikulum/vendor/laravel/framework/src/Illuminate/Foundation/Http/Kernel.php(144): Illuminate/Foundation/Http/Kernel->sendRequestThroughRouter(Object(Illuminate/Http/Request))
#52 C:/Users/deasy/AppData/Local/Temp/claude/C--laragon-www-kurikulum/3da87171-a58e-497f-935f-452a8fdd4d0d/scratchpad/filter_check.php(34): Illuminate/Foundation/Http/Kernel->handle(Object(Illuminate/Http/Request))
#53 C:/Users/deasy/AppData/Local/Temp/claude/C--laragon-www-kurikulum/3da87171-a58e-497f-935f-452a8fdd4d0d/scratchpad/filter_check.php(52): ambil(Object(App/Http/Kernel), 'http://localhos...')
#54 C:/laragon/www/kurikulum/vendor/psy/psysh/src/Shell.php(841): include_once('C://Users//deasy//...')
#55 C:/laragon/www/kurikulum/vendor/psy/psysh/src/Shell.php(856): Psy/Shell->Psy/{closure}(Object(Psy/Shell))
#56 C:/laragon/www/kurikulum/vendor/psy/psysh/src/Shell.php(788): Psy/Shell->loadIncludes()
#57 C:/laragon/www/kurikulum/vendor/psy/psysh/src/Shell.php(716): Psy/Shell->doNonInteractiveRun(false)
#58 C:/laragon/www/kurikulum/vendor/symfony/console/Application.php(175): Psy/Shell->doRun(Object(Symfony/Component/Console/Input/ArrayInput), Object(Psy/Output/ShellOutput))
#59 C:/laragon/www/kurikulum/vendor/psy/psysh/src/Shell.php(684): Symfony/Component/Console/Application->run(Object(Symfony/Component/Console/Input/ArrayInput), Object(Psy/Output/ShellOutput))
#60 C:/laragon/www/kurikulum/vendor/laravel/tinker/src/Console/TinkerCommand.php(86): Psy/Shell->run()
#61 C:/laragon/www/kurikulum/vendor/laravel/framework/src/Illuminate/Container/BoundMethod.php(36): Laravel/Tinker/Console/TinkerCommand->handle()
#62 C:/laragon/www/kurikulum/vendor/laravel/framework/src/Illuminate/Container/Util.php(41): Illuminate/Container/BoundMethod::Illuminate/Container/{closure}()
#63 C:/laragon/www/kurikulum/vendor/laravel/framework/src/Illuminate/Container/BoundMethod.php(93): Illuminate/Container/Util::unwrapIfClosure(Object(Closure))
#64 C:/laragon/www/kurikulum/vendor/laravel/framework/src/Illuminate/Container/BoundMethod.php(35): Illuminate/Container/BoundMethod::callBoundMethod(Object(Illuminate/Foundation/Application), Array, Object(Closure))
#65 C:/laragon/www/kurikulum/vendor/laravel/framework/src/Illuminate/Container/Container.php(662): Illuminate/Container/BoundMethod::call(Object(Illuminate/Foundation/Application), Array, Array, NULL)
#66 C:/laragon/www/kurikulum/vendor/laravel/framework/src/Illuminate/Console/Command.php(211): Illuminate/Container/Container->call(Array)
#67 C:/laragon/www/kurikulum/vendor/symfony/console/Command/Command.php(326): Illuminate/Console/Command->execute(Object(Symfony/Component/Console/Input/ArgvInput), Object(Illuminate/Console/OutputStyle))
#68 C:/laragon/www/kurikulum/vendor/laravel/framework/src/Illuminate/Console/Command.php(180): Symfony/Component/Console/Command/Command->run(Object(Symfony/Component/Console/Input/ArgvInput), Object(Illuminate/Console/OutputStyle))
#69 C:/laragon/www/kurikulum/vendor/symfony/console/Application.php(1121): Illuminate/Console/Command->run(Object(Symfony/Component/Console/Input/ArgvInput), Object(Symfony/Component/Console/Output/ConsoleOutput))
#70 C:/laragon/www/kurikulum/vendor/symfony/console/Application.php(324): Symfony/Component/Console/Application->doRunCommand(Object(Laravel/Tinker/Console/TinkerCommand), Object(Symfony/Component/Console/Input/ArgvInput), Object(Symfony/Component/Console/Output/ConsoleOutput))
#71 C:/laragon/www/kurikulum/vendor/symfony/console/Application.php(175): Symfony/Component/Console/Application->doRun(Object(Symfony/Component/Console/Input/ArgvInput), Object(Symfony/Component/Console/Output/ConsoleOutput))
#72 C:/laragon/www/kurikulum/vendor/laravel/framework/src/Illuminate/Foundation/Console/Kernel.php(201): Symfony/Component/Console/Application->run(Object(Symfony/Component/Console/Input/ArgvInput), Object(Symfony/Component/Console/Output/ConsoleOutput))
#73 C:/laragon/www/kurikulum/artisan(14): Illuminate/Foundation/Console/Kernel->handle(Object(Symfony/Component/Console/Input/ArgvInput), Object(Symfony/Component/Console/Output/ConsoleOutput))
#74 {main}

[previous exception] [object] (ParseError(code: 0): syntax error, unexpected token \"endif\", expecting end of file at C:/laragon/www/kurikulum/storage/framework/views/dc0e3943d06065270ff26c9048b16a07.php:73)
[stacktrace]
#0 C:/laragon/www/kurikulum/vendor/laravel/framework/src/Illuminate/Filesystem/Filesystem.php(124): Illuminate/Filesystem/Filesystem::Illuminate/Filesystem/{closure}()
#1 C:/laragon/www/kurikulum/vendor/laravel/framework/src/Illuminate/View/Engines/PhpEngine.php(58): Illuminate/Filesystem/Filesystem->getRequire('C://laragon//www//...', Array)
#2 C:/laragon/www/kurikulum/vendor/laravel/framework/src/Illuminate/View/Engines/CompilerEngine.php(72): Illuminate/View/Engines/PhpEngine->evaluatePath('C://laragon//www//...', Array)
#3 C:/laragon/www/kurikulum/vendor/laravel/framework/src/Illuminate/View/View.php(207): Illuminate/View/Engines/CompilerEngine->get('C://laragon//www//...', Array)
#4 C:/laragon/www/kurikulum/vendor/laravel/framework/src/Illuminate/View/View.php(190): Illuminate/View/View->getContents()
#5 C:/laragon/www/kurikulum/vendor/laravel/framework/src/Illuminate/View/View.php(159): Illuminate/View/View->renderContents()
#6 C:/laragon/www/kurikulum/vendor/laravel/framework/src/Illuminate/Http/Response.php(69): Illuminate/View/View->render()
#7 C:/laragon/www/kurikulum/vendor/laravel/framework/src/Illuminate/Http/Response.php(35): Illuminate/Http/Response->setContent(Object(Illuminate/View/View))
#8 C:/laragon/www/kurikulum/vendor/laravel/framework/src/Illuminate/Routing/Router.php(918): Illuminate/Http/Response->__construct(Object(Illuminate/View/View), 200, Array)
#9 C:/laragon/www/kurikulum/vendor/laravel/framework/src/Illuminate/Routing/Router.php(885): Illuminate/Routing/Router::toResponse(Object(Illuminate/Http/Request), Object(Illuminate/View/View))
#10 C:/laragon/www/kurikulum/vendor/laravel/framework/src/Illuminate/Routing/Router.php(805): Illuminate/Routing/Router->prepareResponse(Object(Illuminate/Http/Request), Object(Illuminate/View/View))
#11 C:/laragon/www/kurikulum/vendor/laravel/framework/src/Illuminate/Pipeline/Pipeline.php(144): Illuminate/Routing/Router->Illuminate/Routing/{closure}(Object(Illuminate/Http/Request))
#12 C:/laragon/www/kurikulum/app/Http/Middleware/EnsureUserHasRole.php(23): Illuminate/Pipeline/Pipeline->Illuminate/Pipeline/{closure}(Object(Illuminate/Http/Request))
#13 C:/laragon/www/kurikulum/vendor/laravel/framework/src/Illuminate/Pipeline/Pipeline.php(183): App/Http/Middleware/EnsureUserHasRole->handle(Object(Illuminate/Http/Request), Object(Closure), 'admin', 'guru')
#14 C:/laragon/www/kurikulum/vendor/laravel/framework/src/Illuminate/Routing/Middleware/SubstituteBindings.php(50): Illuminate/Pipeline/Pipeline->Illuminate/Pipeline/{closure}(Object(Illuminate/Http/Request))
#15 C:/laragon/www/kurikulum/vendor/laravel/framework/src/Illuminate/Pipeline/Pipeline.php(183): Illuminate/Routing/Middleware/SubstituteBindings->handle(Object(Illuminate/Http/Request), Object(Closure))
#16 C:/laragon/www/kurikulum/vendor/laravel/framework/src/Illuminate/Auth/Middleware/Authenticate.php(57): Illuminate/Pipeline/Pipeline->Illuminate/Pipeline/{closure}(Object(Illuminate/Http/Request))
#17 C:/laragon/www/kurikulum/vendor/laravel/framework/src/Illuminate/Pipeline/Pipeline.php(183): Illuminate/Auth/Middleware/Authenticate->handle(Object(Illuminate/Http/Request), Object(Closure))
#18 C:/laragon/www/kurikulum/vendor/laravel/framework/src/Illuminate/Foundation/Http/Middleware/VerifyCsrfToken.php(78): Illuminate/Pipeline/Pipeline->Illuminate/Pipeline/{closure}(Object(Illuminate/Http/Request))
#19 C:/laragon/www/kurikulum/vendor/laravel/framework/src/Illuminate/Pipeline/Pipeline.php(183): Illuminate/Foundation/Http/Middleware/VerifyCsrfToken->handle(Object(Illuminate/Http/Request), Object(Closure))
#20 C:/laragon/www/kurikulum/vendor/laravel/framework/src/Illuminate/View/Middleware/ShareErrorsFromSession.php(49): Illuminate/Pipeline/Pipeline->Illuminate/Pipeline/{closure}(Object(Illuminate/Http/Request))
#21 C:/laragon/www/kurikulum/vendor/laravel/framework/src/Illuminate/Pipeline/Pipeline.php(183): Illuminate/View/Middleware/ShareErrorsFromSession->handle(Object(Illuminate/Http/Request), Object(Closure))
#22 C:/laragon/www/kurikulum/vendor/laravel/framework/src/Illuminate/Session/Middleware/StartSession.php(121): Illuminate/Pipeline/Pipeline->Illuminate/Pipeline/{closure}(Object(Illuminate/Http/Request))
#23 C:/laragon/www/kurikulum/vendor/laravel/framework/src/Illuminate/Session/Middleware/StartSession.php(64): Illuminate/Session/Middleware/StartSession->handleStatefulRequest(Object(Illuminate/Http/Request), Object(Illuminate/Session/Store), Object(Closure))
#24 C:/laragon/www/kurikulum/vendor/laravel/framework/src/Illuminate/Pipeline/Pipeline.php(183): Illuminate/Session/Middleware/StartSession->handle(Object(Illuminate/Http/Request), Object(Closure))
#25 C:/laragon/www/kurikulum/vendor/laravel/framework/src/Illuminate/Cookie/Middleware/AddQueuedCookiesToResponse.php(37): Illuminate/Pipeline/Pipeline->Illuminate/Pipeline/{closure}(Object(Illuminate/Http/Request))
#26 C:/laragon/www/kurikulum/vendor/laravel/framework/src/Illuminate/Pipeline/Pipeline.php(183): Illuminate/Cookie/Middleware/AddQueuedCookiesToResponse->handle(Object(Illuminate/Http/Request), Object(Closure))
#27 C:/laragon/www/kurikulum/vendor/laravel/framework/src/Illuminate/Cookie/Middleware/EncryptCookies.php(67): Illuminate/Pipeline/Pipeline->Illuminate/Pipeline/{closure}(Object(Illuminate/Http/Request))
#28 C:/laragon/www/kurikulum/vendor/laravel/framework/src/Illuminate/Pipeline/Pipeline.php(183): Illuminate/Cookie/Middleware/EncryptCookies->handle(Object(Illuminate/Http/Request), Object(Closure))
#29 C:/laragon/www/kurikulum/vendor/laravel/framework/src/Illuminate/Pipeline/Pipeline.php(119): Illuminate/Pipeline/Pipeline->Illuminate/Pipeline/{closure}(Object(Illuminate/Http/Request))
#30 C:/laragon/www/kurikulum/vendor/laravel/framework/src/Illuminate/Routing/Router.php(805): Illuminate/Pipeline/Pipeline->then(Object(Closure))
#31 C:/laragon/www/kurikulum/vendor/laravel/framework/src/Illuminate/Routing/Router.php(784): Illuminate/Routing/Router->runRouteWithinStack(Object(Illuminate/Routing/Route), Object(Illuminate/Http/Request))
#32 C:/laragon/www/kurikulum/vendor/laravel/framework/src/Illuminate/Routing/Router.php(748): Illuminate/Routing/Router->runRoute(Object(Illuminate/Http/Request), Object(Illuminate/Routing/Route))
#33 C:/laragon/www/kurikulum/vendor/laravel/framework/src/Illuminate/Routing/Router.php(737): Illuminate/Routing/Router->dispatchToRoute(Object(Illuminate/Http/Request))
#34 C:/laragon/www/kurikulum/vendor/laravel/framework/src/Illuminate/Foundation/Http/Kernel.php(200): Illuminate/Routing/Router->dispatch(Object(Illuminate/Http/Request))
#35 C:/laragon/www/kurikulum/vendor/laravel/framework/src/Illuminate/Pipeline/Pipeline.php(144): Illuminate/Foundation/Http/Kernel->Illuminate/Foundation/Http/{closure}(Object(Illuminate/Http/Request))
#36 C:/laragon/www/kurikulum/vendor/laravel/framework/src/Illuminate/Foundation/Http/Middleware/TransformsRequest.php(21): Illuminate/Pipeline/Pipeline->Illuminate/Pipeline/{closure}(Object(Illuminate/Http/Request))
#37 C:/laragon/www/kurikulum/vendor/laravel/framework/src/Illuminate/Foundation/Http/Middleware/ConvertEmptyStringsToNull.php(31): Illuminate/Foundation/Http/Middleware/TransformsRequest->handle(Object(Illuminate/Http/Request), Object(Closure))
#38 C:/laragon/www/kurikulum/vendor/laravel/framework/src/Illuminate/Pipeline/Pipeline.php(183): Illuminate/Foundation/Http/Middleware/ConvertEmptyStringsToNull->handle(Object(Illuminate/Http/Request), Object(Closure))
#39 C:/laragon/www/kurikulum/vendor/laravel/framework/src/Illuminate/Foundation/Http/Middleware/TransformsRequest.php(21): Illuminate/Pipeline/Pipeline->Illuminate/Pipeline/{closure}(Object(Illuminate/Http/Request))
#40 C:/laragon/www/kurikulum/vendor/laravel/framework/src/Illuminate/Foundation/Http/Middleware/TrimStrings.php(40): Illuminate/Foundation/Http/Middleware/TransformsRequest->handle(Object(Illuminate/Http/Request), Object(Closure))
#41 C:/laragon/www/kurikulum/vendor/laravel/framework/src/Illuminate/Pipeline/Pipeline.php(183): Illuminate/Foundation/Http/Middleware/TrimStrings->handle(Object(Illuminate/Http/Request), Object(Closure))
#42 C:/laragon/www/kurikulum/vendor/laravel/framework/src/Illuminate/Foundation/Http/Middleware/ValidatePostSize.php(27): Illuminate/Pipeline/Pipeline->Illuminate/Pipeline/{closure}(Object(Illuminate/Http/Request))
#43 C:/laragon/www/kurikulum/vendor/laravel/framework/src/Illuminate/Pipeline/Pipeline.php(183): Illuminate/Foundation/Http/Middleware/ValidatePostSize->handle(Object(Illuminate/Http/Request), Object(Closure))
#44 C:/laragon/www/kurikulum/vendor/laravel/framework/src/Illuminate/Foundation/Http/Middleware/PreventRequestsDuringMaintenance.php(99): Illuminate/Pipeline/Pipeline->Illuminate/Pipeline/{closure}(Object(Illuminate/Http/Request))
#45 C:/laragon/www/kurikulum/vendor/laravel/framework/src/Illuminate/Pipeline/Pipeline.php(183): Illuminate/Foundation/Http/Middleware/PreventRequestsDuringMaintenance->handle(Object(Illuminate/Http/Request), Object(Closure))
#46 C:/laragon/www/kurikulum/vendor/laravel/framework/src/Illuminate/Http/Middleware/HandleCors.php(49): Illuminate/Pipeline/Pipeline->Illuminate/Pipeline/{closure}(Object(Illuminate/Http/Request))
#47 C:/laragon/www/kurikulum/vendor/laravel/framework/src/Illuminate/Pipeline/Pipeline.php(183): Illuminate/Http/Middleware/HandleCors->handle(Object(Illuminate/Http/Request), Object(Closure))
#48 C:/laragon/www/kurikulum/vendor/laravel/framework/src/Illuminate/Http/Middleware/TrustProxies.php(39): Illuminate/Pipeline/Pipeline->Illuminate/Pipeline/{closure}(Object(Illuminate/Http/Request))
#49 C:/laragon/www/kurikulum/vendor/laravel/framework/src/Illuminate/Pipeline/Pipeline.php(183): Illuminate/Http/Middleware/TrustProxies->handle(Object(Illuminate/Http/Request), Object(Closure))
#50 C:/laragon/www/kurikulum/vendor/laravel/framework/src/Illuminate/Pipeline/Pipeline.php(119): Illuminate/Pipeline/Pipeline->Illuminate/Pipeline/{closure}(Object(Illuminate/Http/Request))
#51 C:/laragon/www/kurikulum/vendor/laravel/framework/src/Illuminate/Foundation/Http/Kernel.php(175): Illuminate/Pipeline/Pipeline->then(Object(Closure))
#52 C:/laragon/www/kurikulum/vendor/laravel/framework/src/Illuminate/Foundation/Http/Kernel.php(144): Illuminate/Foundation/Http/Kernel->sendRequestThroughRouter(Object(Illuminate/Http/Request))
#53 C:/Users/deasy/AppData/Local/Temp/claude/C--laragon-www-kurikulum/3da87171-a58e-497f-935f-452a8fdd4d0d/scratchpad/filter_check.php(34): Illuminate/Foundation/Http/Kernel->handle(Object(Illuminate/Http/Request))
#54 C:/Users/deasy/AppData/Local/Temp/claude/C--laragon-www-kurikulum/3da87171-a58e-497f-935f-452a8fdd4d0d/scratchpad/filter_check.php(52): ambil(Object(App/Http/Kernel), 'http://localhos...')
#55 C:/laragon/www/kurikulum/vendor/psy/psysh/src/Shell.php(841): include_once('C://Users//deasy//...')
#56 C:/laragon/www/kurikulum/vendor/psy/psysh/src/Shell.php(856): Psy/Shell->Psy/{closure}(Object(Psy/Shell))
#57 C:/laragon/www/kurikulum/vendor/psy/psysh/src/Shell.php(788): Psy/Shell->loadIncludes()
#58 C:/laragon/www/kurikulum/vendor/psy/psysh/src/Shell.php(716): Psy/Shell->doNonInteractiveRun(false)
#59 C:/laragon/www/kurikulum/vendor/symfony/console/Application.php(175): Psy/Shell->doRun(Object(Symfony/Component/Console/Input/ArrayInput), Object(Psy/Output/ShellOutput))
#60 C:/laragon/www/kurikulum/vendor/psy/psysh/src/Shell.php(684): Symfony/Component/Console/Application->run(Object(Symfony/Component/Console/Input/ArrayInput), Object(Psy/Output/ShellOutput))
#61 C:/laragon/www/kurikulum/vendor/laravel/tinker/src/Console/TinkerCommand.php(86): Psy/Shell->run()
#62 C:/laragon/www/kurikulum/vendor/laravel/framework/src/Illuminate/Container/BoundMethod.php(36): Laravel/Tinker/Console/TinkerCommand->handle()
#63 C:/laragon/www/kurikulum/vendor/laravel/framework/src/Illuminate/Container/Util.php(41): Illuminate/Container/BoundMethod::Illuminate/Container/{closure}()
#64 C:/laragon/www/kurikulum/vendor/laravel/framework/src/Illuminate/Container/BoundMethod.php(93): Illuminate/Container/Util::unwrapIfClosure(Object(Closure))
#65 C:/laragon/www/kurikulum/vendor/laravel/framework/src/Illuminate/Container/BoundMethod.php(35): Illuminate/Container/BoundMethod::callBoundMethod(Object(Illuminate/Foundation/Application), Array, Object(Closure))
#66 C:/laragon/www/kurikulum/vendor/laravel/framework/src/Illuminate/Container/Container.php(662): Illuminate/Container/BoundMethod::call(Object(Illuminate/Foundation/Application), Array, Array, NULL)
#67 C:/laragon/www/kurikulum/vendor/laravel/framework/src/Illuminate/Console/Command.php(211): Illuminate/Container/Container->call(Array)
#68 C:/laragon/www/kurikulum/vendor/symfony/console/Command/Command.php(326): Illuminate/Console/Command->execute(Object(Symfony/Component/Console/Input/ArgvInput), Object(Illuminate/Console/OutputStyle))
#69 C:/laragon/www/kurikulum/vendor/laravel/framework/src/Illuminate/Console/Command.php(180): Symfony/Component/Console/Command/Command->run(Object(Symfony/Component/Console/Input/ArgvInput), Object(Illuminate/Console/OutputStyle))
#70 C:/laragon/www/kurikulum/vendor/symfony/console/Application.php(1121): Illuminate/Console/Command->run(Object(Symfony/Component/Console/Input/ArgvInput), Object(Symfony/Component/Console/Output/ConsoleOutput))
#71 C:/laragon/www/kurikulum/vendor/symfony/console/Application.php(324): Symfony/Component/Console/Application->doRunCommand(Object(Laravel/Tinker/Console/TinkerCommand), Object(Symfony/Component/Console/Input/ArgvInput), Object(Symfony/Component/Console/Output/ConsoleOutput))
#72 C:/laragon/www/kurikulum/vendor/symfony/console/Application.php(175): Symfony/Component/Console/Application->doRun(Object(Symfony/Component/Console/Input/ArgvInput), Object(Symfony/Component/Console/Output/ConsoleOutput))
#73 C:/laragon/www/kurikulum/vendor/laravel/framework/src/Illuminate/Foundation/Console/Kernel.php(201): Symfony/Component/Console/Application->run(Object(Symfony/Component/Console/Input/ArgvInput), Object(Symfony/Component/Console/Output/ConsoleOutput))
#74 C:/laragon/www/kurikulum/artisan(14): Illuminate/Foundation/Console/Kernel->handle(Object(Symfony/Component/Console/Input/ArgvInput), Object(Symfony/Component/Console/Output/ConsoleOutput))
#75 {main}
"} 
[2026-08-17 18:30:51] local.ERROR: syntax error, unexpected token "endif", expecting end of file (View: C:\laragon\www\kurikulum\resources\views\crud\index.blade.php) {"userId":1,"exception":"[object] (Illuminate\\View\\ViewException(code: 0): syntax error, unexpected token \"endif\", expecting end of file (View: C:\\laragon\\www\\kurikulum\\resources\\views\\crud\\index.blade.php) at C:/laragon/www/kurikulum/storage/framework/views/dc0e3943d06065270ff26c9048b16a07.php:73)
[stacktrace]
#0 C:/laragon/www/kurikulum/vendor/laravel/framework/src/Illuminate/View/Engines/PhpEngine.php(60): Illuminate/View/Engines/CompilerEngine->handleViewException(Object(ParseError), 0)
#1 C:/laragon/www/kurikulum/vendor/laravel/framework/src/Illuminate/View/Engines/CompilerEngine.php(72): Illuminate/View/Engines/PhpEngine->evaluatePath('C://laragon//www//...', Array)
#2 C:/laragon/www/kurikulum/vendor/laravel/framework/src/Illuminate/View/View.php(207): Illuminate/View/Engines/CompilerEngine->get('C://laragon//www//...', Array)
#3 C:/laragon/www/kurikulum/vendor/laravel/framework/src/Illuminate/View/View.php(190): Illuminate/View/View->getContents()
#4 C:/laragon/www/kurikulum/vendor/laravel/framework/src/Illuminate/View/View.php(159): Illuminate/View/View->renderContents()
#5 C:/laragon/www/kurikulum/vendor/laravel/framework/src/Illuminate/Http/Response.php(69): Illuminate/View/View->render()
#6 C:/laragon/www/kurikulum/vendor/laravel/framework/src/Illuminate/Http/Response.php(35): Illuminate/Http/Response->setContent(Object(Illuminate/View/View))
#7 C:/laragon/www/kurikulum/vendor/laravel/framework/src/Illuminate/Routing/Router.php(918): Illuminate/Http/Response->__construct(Object(Illuminate/View/View), 200, Array)
#8 C:/laragon/www/kurikulum/vendor/laravel/framework/src/Illuminate/Routing/Router.php(885): Illuminate/Routing/Router::toResponse(Object(Illuminate/Http/Request), Object(Illuminate/View/View))
#9 C:/laragon/www/kurikulum/vendor/laravel/framework/src/Illuminate/Routing/Router.php(805): Illuminate/Routing/Router->prepareResponse(Object(Illuminate/Http/Request), Object(Illuminate/View/View))
#10 C:/laragon/www/kurikulum/vendor/laravel/framework/src/Illuminate/Pipeline/Pipeline.php(144): Illuminate/Routing/Router->Illuminate/Routing/{closure}(Object(Illuminate/Http/Request))
#11 C:/laragon/www/kurikulum/app/Http/Middleware/EnsureUserHasRole.php(23): Illuminate/Pipeline/Pipeline->Illuminate/Pipeline/{closure}(Object(Illuminate/Http/Request))
#12 C:/laragon/www/kurikulum/vendor/laravel/framework/src/Illuminate/Pipeline/Pipeline.php(183): App/Http/Middleware/EnsureUserHasRole->handle(Object(Illuminate/Http/Request), Object(Closure), 'admin', 'guru')
#13 C:/laragon/www/kurikulum/vendor/laravel/framework/src/Illuminate/Routing/Middleware/SubstituteBindings.php(50): Illuminate/Pipeline/Pipeline->Illuminate/Pipeline/{closure}(Object(Illuminate/Http/Request))
#14 C:/laragon/www/kurikulum/vendor/laravel/framework/src/Illuminate/Pipeline/Pipeline.php(183): Illuminate/Routing/Middleware/SubstituteBindings->handle(Object(Illuminate/Http/Request), Object(Closure))
#15 C:/laragon/www/kurikulum/vendor/laravel/framework/src/Illuminate/Auth/Middleware/Authenticate.php(57): Illuminate/Pipeline/Pipeline->Illuminate/Pipeline/{closure}(Object(Illuminate/Http/Request))
#16 C:/laragon/www/kurikulum/vendor/laravel/framework/src/Illuminate/Pipeline/Pipeline.php(183): Illuminate/Auth/Middleware/Authenticate->handle(Object(Illuminate/Http/Request), Object(Closure))
#17 C:/laragon/www/kurikulum/vendor/laravel/framework/src/Illuminate/Foundation/Http/Middleware/VerifyCsrfToken.php(78): Illuminate/Pipeline/Pipeline->Illuminate/Pipeline/{closure}(Object(Illuminate/Http/Request))
#18 C:/laragon/www/kurikulum/vendor/laravel/framework/src/Illuminate/Pipeline/Pipeline.php(183): Illuminate/Foundation/Http/Middleware/VerifyCsrfToken->handle(Object(Illuminate/Http/Request), Object(Closure))
#19 C:/laragon/www/kurikulum/vendor/laravel/framework/src/Illuminate/View/Middleware/ShareErrorsFromSession.php(49): Illuminate/Pipeline/Pipeline->Illuminate/Pipeline/{closure}(Object(Illuminate/Http/Request))
#20 C:/laragon/www/kurikulum/vendor/laravel/framework/src/Illuminate/Pipeline/Pipeline.php(183): Illuminate/View/Middleware/ShareErrorsFromSession->handle(Object(Illuminate/Http/Request), Object(Closure))
#21 C:/laragon/www/kurikulum/vendor/laravel/framework/src/Illuminate/Session/Middleware/StartSession.php(121): Illuminate/Pipeline/Pipeline->Illuminate/Pipeline/{closure}(Object(Illuminate/Http/Request))
#22 C:/laragon/www/kurikulum/vendor/laravel/framework/src/Illuminate/Session/Middleware/StartSession.php(64): Illuminate/Session/Middleware/StartSession->handleStatefulRequest(Object(Illuminate/Http/Request), Object(Illuminate/Session/Store), Object(Closure))
#23 C:/laragon/www/kurikulum/vendor/laravel/framework/src/Illuminate/Pipeline/Pipeline.php(183): Illuminate/Session/Middleware/StartSession->handle(Object(Illuminate/Http/Request), Object(Closure))
#24 C:/laragon/www/kurikulum/vendor/laravel/framework/src/Illuminate/Cookie/Middleware/AddQueuedCookiesToResponse.php(37): Illuminate/Pipeline/Pipeline->Illuminate/Pipeline/{closure}(Object(Illuminate/Http/Request))
#25 C:/laragon/www/kurikulum/vendor/laravel/framework/src/Illuminate/Pipeline/Pipeline.php(183): Illuminate/Cookie/Middleware/AddQueuedCookiesToResponse->handle(Object(Illuminate/Http/Request), Object(Closure))
#26 C:/laragon/www/kurikulum/vendor/laravel/framework/src/Illuminate/Cookie/Middleware/EncryptCookies.php(67): Illuminate/Pipeline/Pipeline->Illuminate/Pipeline/{closure}(Object(Illuminate/Http/Request))
#27 C:/laragon/www/kurikulum/vendor/laravel/framework/src/Illuminate/Pipeline/Pipeline.php(183): Illuminate/Cookie/Middleware/EncryptCookies->handle(Object(Illuminate/Http/Request), Object(Closure))
#28 C:/laragon/www/kurikulum/vendor/laravel/framework/src/Illuminate/Pipeline/Pipeline.php(119): Illuminate/Pipeline/Pipeline->Illuminate/Pipeline/{closure}(Object(Illuminate/Http/Request))
#29 C:/laragon/www/kurikulum/vendor/laravel/framework/src/Illuminate/Routing/Router.php(805): Illuminate/Pipeline/Pipeline->then(Object(Closure))
#30 C:/laragon/www/kurikulum/vendor/laravel/framework/src/Illuminate/Routing/Router.php(784): Illuminate/Routing/Router->runRouteWithinStack(Object(Illuminate/Routing/Route), Object(Illuminate/Http/Request))
#31 C:/laragon/www/kurikulum/vendor/laravel/framework/src/Illuminate/Routing/Router.php(748): Illuminate/Routing/Router->runRoute(Object(Illuminate/Http/Request), Object(Illuminate/Routing/Route))
#32 C:/laragon/www/kurikulum/vendor/laravel/framework/src/Illuminate/Routing/Router.php(737): Illuminate/Routing/Router->dispatchToRoute(Object(Illuminate/Http/Request))
#33 C:/laragon/www/kurikulum/vendor/laravel/framework/src/Illuminate/Foundation/Http/Kernel.php(200): Illuminate/Routing/Router->dispatch(Object(Illuminate/Http/Request))
#34 C:/laragon/www/kurikulum/vendor/laravel/framework/src/Illuminate/Pipeline/Pipeline.php(144): Illuminate/Foundation/Http/Kernel->Illuminate/Foundation/Http/{closure}(Object(Illuminate/Http/Request))
#35 C:/laragon/www/kurikulum/vendor/laravel/framework/src/Illuminate/Foundation/Http/Middleware/TransformsRequest.php(21): Illuminate/Pipeline/Pipeline->Illuminate/Pipeline/{closure}(Object(Illuminate/Http/Request))
#36 C:/laragon/www/kurikulum/vendor/laravel/framework/src/Illuminate/Foundation/Http/Middleware/ConvertEmptyStringsToNull.php(31): Illuminate/Foundation/Http/Middleware/TransformsRequest->handle(Object(Illuminate/Http/Request), Object(Closure))
#37 C:/laragon/www/kurikulum/vendor/laravel/framework/src/Illuminate/Pipeline/Pipeline.php(183): Illuminate/Foundation/Http/Middleware/ConvertEmptyStringsToNull->handle(Object(Illuminate/Http/Request), Object(Closure))
#38 C:/laragon/www/kurikulum/vendor/laravel/framework/src/Illuminate/Foundation/Http/Middleware/TransformsRequest.php(21): Illuminate/Pipeline/Pipeline->Illuminate/Pipeline/{closure}(Object(Illuminate/Http/Request))
#39 C:/laragon/www/kurikulum/vendor/laravel/framework/src/Illuminate/Foundation/Http/Middleware/TrimStrings.php(40): Illuminate/Foundation/Http/Middleware/TransformsRequest->handle(Object(Illuminate/Http/Request), Object(Closure))
#40 C:/laragon/www/kurikulum/vendor/laravel/framework/src/Illuminate/Pipeline/Pipeline.php(183): Illuminate/Foundation/Http/Middleware/TrimStrings->handle(Object(Illuminate/Http/Request), Object(Closure))
#41 C:/laragon/www/kurikulum/vendor/laravel/framework/src/Illuminate/Foundation/Http/Middleware/ValidatePostSize.php(27): Illuminate/Pipeline/Pipeline->Illuminate/Pipeline/{closure}(Object(Illuminate/Http/Request))
#42 C:/laragon/www/kurikulum/vendor/laravel/framework/src/Illuminate/Pipeline/Pipeline.php(183): Illuminate/Foundation/Http/Middleware/ValidatePostSize->handle(Object(Illuminate/Http/Request), Object(Closure))
#43 C:/laragon/www/kurikulum/vendor/laravel/framework/src/Illuminate/Foundation/Http/Middleware/PreventRequestsDuringMaintenance.php(99): Illuminate/Pipeline/Pipeline->Illuminate/Pipeline/{closure}(Object(Illuminate/Http/Request))
#44 C:/laragon/www/kurikulum/vendor/laravel/framework/src/Illuminate/Pipeline/Pipeline.php(183): Illuminate/Foundation/Http/Middleware/PreventRequestsDuringMaintenance->handle(Object(Illuminate/Http/Request), Object(Closure))
#45 C:/laragon/www/kurikulum/vendor/laravel/framework/src/Illuminate/Http/Middleware/HandleCors.php(49): Illuminate/Pipeline/Pipeline->Illuminate/Pipeline/{closure}(Object(Illuminate/Http/Request))
#46 C:/laragon/www/kurikulum/vendor/laravel/framework/src/Illuminate/Pipeline/Pipeline.php(183): Illuminate/Http/Middleware/HandleCors->handle(Object(Illuminate/Http/Request), Object(Closure))
#47 C:/laragon/www/kurikulum/vendor/laravel/framework/src/Illuminate/Http/Middleware/TrustProxies.php(39): Illuminate/Pipeline/Pipeline->Illuminate/Pipeline/{closure}(Object(Illuminate/Http/Request))
#48 C:/laragon/www/kurikulum/vendor/laravel/framework/src/Illuminate/Pipeline/Pipeline.php(183): Illuminate/Http/Middleware/TrustProxies->handle(Object(Illuminate/Http/Request), Object(Closure))
#49 C:/laragon/www/kurikulum/vendor/laravel/framework/src/Illuminate/Pipeline/Pipeline.php(119): Illuminate/Pipeline/Pipeline->Illuminate/Pipeline/{closure}(Object(Illuminate/Http/Request))
#50 C:/laragon/www/kurikulum/vendor/laravel/framework/src/Illuminate/Foundation/Http/Kernel.php(175): Illuminate/Pipeline/Pipeline->then(Object(Closure))
#51 C:/laragon/www/kurikulum/vendor/laravel/framework/src/Illuminate/Foundation/Http/Kernel.php(144): Illuminate/Foundation/Http/Kernel->sendRequestThroughRouter(Object(Illuminate/Http/Request))
#52 C:/Users/deasy/AppData/Local/Temp/claude/C--laragon-www-kurikulum/3da87171-a58e-497f-935f-452a8fdd4d0d/scratchpad/filter_check.php(34): Illuminate/Foundation/Http/Kernel->handle(Object(Illuminate/Http/Request))
#53 C:/Users/deasy/AppData/Local/Temp/claude/C--laragon-www-kurikulum/3da87171-a58e-497f-935f-452a8fdd4d0d/scratchpad/filter_check.php(52): ambil(Object(App/Http/Kernel), 'http://localhos...')
#54 C:/laragon/www/kurikulum/vendor/psy/psysh/src/Shell.php(841): include_once('C://Users//deasy//...')
#55 C:/laragon/www/kurikulum/vendor/psy/psysh/src/Shell.php(856): Psy/Shell->Psy/{closure}(Object(Psy/Shell))
#56 C:/laragon/www/kurikulum/vendor/psy/psysh/src/Shell.php(788): Psy/Shell->loadIncludes()
#57 C:/laragon/www/kurikulum/vendor/psy/psysh/src/Shell.php(716): Psy/Shell->doNonInteractiveRun(false)
#58 C:/laragon/www/kurikulum/vendor/symfony/console/Application.php(175): Psy/Shell->doRun(Object(Symfony/Component/Console/Input/ArrayInput), Object(Psy/Output/ShellOutput))
#59 C:/laragon/www/kurikulum/vendor/psy/psysh/src/Shell.php(684): Symfony/Component/Console/Application->run(Object(Symfony/Component/Console/Input/ArrayInput), Object(Psy/Output/ShellOutput))
#60 C:/laragon/www/kurikulum/vendor/laravel/tinker/src/Console/TinkerCommand.php(86): Psy/Shell->run()
#61 C:/laragon/www/kurikulum/vendor/laravel/framework/src/Illuminate/Container/BoundMethod.php(36): Laravel/Tinker/Console/TinkerCommand->handle()
#62 C:/laragon/www/kurikulum/vendor/laravel/framework/src/Illuminate/Container/Util.php(41): Illuminate/Container/BoundMethod::Illuminate/Container/{closure}()
#63 C:/laragon/www/kurikulum/vendor/laravel/framework/src/Illuminate/Container/BoundMethod.php(93): Illuminate/Container/Util::unwrapIfClosure(Object(Closure))
#64 C:/laragon/www/kurikulum/vendor/laravel/framework/src/Illuminate/Container/BoundMethod.php(35): Illuminate/Container/BoundMethod::callBoundMethod(Object(Illuminate/Foundation/Application), Array, Object(Closure))
#65 C:/laragon/www/kurikulum/vendor/laravel/framework/src/Illuminate/Container/Container.php(662): Illuminate/Container/BoundMethod::call(Object(Illuminate/Foundation/Application), Array, Array, NULL)
#66 C:/laragon/www/kurikulum/vendor/laravel/framework/src/Illuminate/Console/Command.php(211): Illuminate/Container/Container->call(Array)
#67 C:/laragon/www/kurikulum/vendor/symfony/console/Command/Command.php(326): Illuminate/Console/Command->execute(Object(Symfony/Component/Console/Input/ArgvInput), Object(Illuminate/Console/OutputStyle))
#68 C:/laragon/www/kurikulum/vendor/laravel/framework/src/Illuminate/Console/Command.php(180): Symfony/Component/Console/Command/Command->run(Object(Symfony/Component/Console/Input/ArgvInput), Object(Illuminate/Console/OutputStyle))
#69 C:/laragon/www/kurikulum/vendor/symfony/console/Application.php(1121): Illuminate/Console/Command->run(Object(Symfony/Component/Console/Input/ArgvInput), Object(Symfony/Component/Console/Output/ConsoleOutput))
#70 C:/laragon/www/kurikulum/vendor/symfony/console/Application.php(324): Symfony/Component/Console/Application->doRunCommand(Object(Laravel/Tinker/Console/TinkerCommand), Object(Symfony/Component/Console/Input/ArgvInput), Object(Symfony/Component/Console/Output/ConsoleOutput))
#71 C:/laragon/www/kurikulum/vendor/symfony/console/Application.php(175): Symfony/Component/Console/Application->doRun(Object(Symfony/Component/Console/Input/ArgvInput), Object(Symfony/Component/Console/Output/ConsoleOutput))
#72 C:/laragon/www/kurikulum/vendor/laravel/framework/src/Illuminate/Foundation/Console/Kernel.php(201): Symfony/Component/Console/Application->run(Object(Symfony/Component/Console/Input/ArgvInput), Object(Symfony/Component/Console/Output/ConsoleOutput))
#73 C:/laragon/www/kurikulum/artisan(14): Illuminate/Foundation/Console/Kernel->handle(Object(Symfony/Component/Console/Input/ArgvInput), Object(Symfony/Component/Console/Output/ConsoleOutput))
#74 {main}

[previous exception] [object] (ParseError(code: 0): syntax error, unexpected token \"endif\", expecting end of file at C:/laragon/www/kurikulum/storage/framework/views/dc0e3943d06065270ff26c9048b16a07.php:73)
[stacktrace]
#0 C:/laragon/www/kurikulum/vendor/laravel/framework/src/Illuminate/Filesystem/Filesystem.php(124): Illuminate/Filesystem/Filesystem::Illuminate/Filesystem/{closure}()
#1 C:/laragon/www/kurikulum/vendor/laravel/framework/src/Illuminate/View/Engines/PhpEngine.php(58): Illuminate/Filesystem/Filesystem->getRequire('C://laragon//www//...', Array)
#2 C:/laragon/www/kurikulum/vendor/laravel/framework/src/Illuminate/View/Engines/CompilerEngine.php(72): Illuminate/View/Engines/PhpEngine->evaluatePath('C://laragon//www//...', Array)
#3 C:/laragon/www/kurikulum/vendor/laravel/framework/src/Illuminate/View/View.php(207): Illuminate/View/Engines/CompilerEngine->get('C://laragon//www//...', Array)
#4 C:/laragon/www/kurikulum/vendor/laravel/framework/src/Illuminate/View/View.php(190): Illuminate/View/View->getContents()
#5 C:/laragon/www/kurikulum/vendor/laravel/framework/src/Illuminate/View/View.php(159): Illuminate/View/View->renderContents()
#6 C:/laragon/www/kurikulum/vendor/laravel/framework/src/Illuminate/Http/Response.php(69): Illuminate/View/View->render()
#7 C:/laragon/www/kurikulum/vendor/laravel/framework/src/Illuminate/Http/Response.php(35): Illuminate/Http/Response->setContent(Object(Illuminate/View/View))
#8 C:/laragon/www/kurikulum/vendor/laravel/framework/src/Illuminate/Routing/Router.php(918): Illuminate/Http/Response->__construct(Object(Illuminate/View/View), 200, Array)
#9 C:/laragon/www/kurikulum/vendor/laravel/framework/src/Illuminate/Routing/Router.php(885): Illuminate/Routing/Router::toResponse(Object(Illuminate/Http/Request), Object(Illuminate/View/View))
#10 C:/laragon/www/kurikulum/vendor/laravel/framework/src/Illuminate/Routing/Router.php(805): Illuminate/Routing/Router->prepareResponse(Object(Illuminate/Http/Request), Object(Illuminate/View/View))
#11 C:/laragon/www/kurikulum/vendor/laravel/framework/src/Illuminate/Pipeline/Pipeline.php(144): Illuminate/Routing/Router->Illuminate/Routing/{closure}(Object(Illuminate/Http/Request))
#12 C:/laragon/www/kurikulum/app/Http/Middleware/EnsureUserHasRole.php(23): Illuminate/Pipeline/Pipeline->Illuminate/Pipeline/{closure}(Object(Illuminate/Http/Request))
#13 C:/laragon/www/kurikulum/vendor/laravel/framework/src/Illuminate/Pipeline/Pipeline.php(183): App/Http/Middleware/EnsureUserHasRole->handle(Object(Illuminate/Http/Request), Object(Closure), 'admin', 'guru')
#14 C:/laragon/www/kurikulum/vendor/laravel/framework/src/Illuminate/Routing/Middleware/SubstituteBindings.php(50): Illuminate/Pipeline/Pipeline->Illuminate/Pipeline/{closure}(Object(Illuminate/Http/Request))
#15 C:/laragon/www/kurikulum/vendor/laravel/framework/src/Illuminate/Pipeline/Pipeline.php(183): Illuminate/Routing/Middleware/SubstituteBindings->handle(Object(Illuminate/Http/Request), Object(Closure))
#16 C:/laragon/www/kurikulum/vendor/laravel/framework/src/Illuminate/Auth/Middleware/Authenticate.php(57): Illuminate/Pipeline/Pipeline->Illuminate/Pipeline/{closure}(Object(Illuminate/Http/Request))
#17 C:/laragon/www/kurikulum/vendor/laravel/framework/src/Illuminate/Pipeline/Pipeline.php(183): Illuminate/Auth/Middleware/Authenticate->handle(Object(Illuminate/Http/Request), Object(Closure))
#18 C:/laragon/www/kurikulum/vendor/laravel/framework/src/Illuminate/Foundation/Http/Middleware/VerifyCsrfToken.php(78): Illuminate/Pipeline/Pipeline->Illuminate/Pipeline/{closure}(Object(Illuminate/Http/Request))
#19 C:/laragon/www/kurikulum/vendor/laravel/framework/src/Illuminate/Pipeline/Pipeline.php(183): Illuminate/Foundation/Http/Middleware/VerifyCsrfToken->handle(Object(Illuminate/Http/Request), Object(Closure))
#20 C:/laragon/www/kurikulum/vendor/laravel/framework/src/Illuminate/View/Middleware/ShareErrorsFromSession.php(49): Illuminate/Pipeline/Pipeline->Illuminate/Pipeline/{closure}(Object(Illuminate/Http/Request))
#21 C:/laragon/www/kurikulum/vendor/laravel/framework/src/Illuminate/Pipeline/Pipeline.php(183): Illuminate/View/Middleware/ShareErrorsFromSession->handle(Object(Illuminate/Http/Request), Object(Closure))
#22 C:/laragon/www/kurikulum/vendor/laravel/framework/src/Illuminate/Session/Middleware/StartSession.php(121): Illuminate/Pipeline/Pipeline->Illuminate/Pipeline/{closure}(Object(Illuminate/Http/Request))
#23 C:/laragon/www/kurikulum/vendor/laravel/framework/src/Illuminate/Session/Middleware/StartSession.php(64): Illuminate/Session/Middleware/StartSession->handleStatefulRequest(Object(Illuminate/Http/Request), Object(Illuminate/Session/Store), Object(Closure))
#24 C:/laragon/www/kurikulum/vendor/laravel/framework/src/Illuminate/Pipeline/Pipeline.php(183): Illuminate/Session/Middleware/StartSession->handle(Object(Illuminate/Http/Request), Object(Closure))
#25 C:/laragon/www/kurikulum/vendor/laravel/framework/src/Illuminate/Cookie/Middleware/AddQueuedCookiesToResponse.php(37): Illuminate/Pipeline/Pipeline->Illuminate/Pipeline/{closure}(Object(Illuminate/Http/Request))
#26 C:/laragon/www/kurikulum/vendor/laravel/framework/src/Illuminate/Pipeline/Pipeline.php(183): Illuminate/Cookie/Middleware/AddQueuedCookiesToResponse->handle(Object(Illuminate/Http/Request), Object(Closure))
#27 C:/laragon/www/kurikulum/vendor/laravel/framework/src/Illuminate/Cookie/Middleware/EncryptCookies.php(67): Illuminate/Pipeline/Pipeline->Illuminate/Pipeline/{closure}(Object(Illuminate/Http/Request))
#28 C:/laragon/www/kurikulum/vendor/laravel/framework/src/Illuminate/Pipeline/Pipeline.php(183): Illuminate/Cookie/Middleware/EncryptCookies->handle(Object(Illuminate/Http/Request), Object(Closure))
#29 C:/laragon/www/kurikulum/vendor/laravel/framework/src/Illuminate/Pipeline/Pipeline.php(119): Illuminate/Pipeline/Pipeline->Illuminate/Pipeline/{closure}(Object(Illuminate/Http/Request))
#30 C:/laragon/www/kurikulum/vendor/laravel/framework/src/Illuminate/Routing/Router.php(805): Illuminate/Pipeline/Pipeline->then(Object(Closure))
#31 C:/laragon/www/kurikulum/vendor/laravel/framework/src/Illuminate/Routing/Router.php(784): Illuminate/Routing/Router->runRouteWithinStack(Object(Illuminate/Routing/Route), Object(Illuminate/Http/Request))
#32 C:/laragon/www/kurikulum/vendor/laravel/framework/src/Illuminate/Routing/Router.php(748): Illuminate/Routing/Router->runRoute(Object(Illuminate/Http/Request), Object(Illuminate/Routing/Route))
#33 C:/laragon/www/kurikulum/vendor/laravel/framework/src/Illuminate/Routing/Router.php(737): Illuminate/Routing/Router->dispatchToRoute(Object(Illuminate/Http/Request))
#34 C:/laragon/www/kurikulum/vendor/laravel/framework/src/Illuminate/Foundation/Http/Kernel.php(200): Illuminate/Routing/Router->dispatch(Object(Illuminate/Http/Request))
#35 C:/laragon/www/kurikulum/vendor/laravel/framework/src/Illuminate/Pipeline/Pipeline.php(144): Illuminate/Foundation/Http/Kernel->Illuminate/Foundation/Http/{closure}(Object(Illuminate/Http/Request))
#36 C:/laragon/www/kurikulum/vendor/laravel/framework/src/Illuminate/Foundation/Http/Middleware/TransformsRequest.php(21): Illuminate/Pipeline/Pipeline->Illuminate/Pipeline/{closure}(Object(Illuminate/Http/Request))
#37 C:/laragon/www/kurikulum/vendor/laravel/framework/src/Illuminate/Foundation/Http/Middleware/ConvertEmptyStringsToNull.php(31): Illuminate/Foundation/Http/Middleware/TransformsRequest->handle(Object(Illuminate/Http/Request), Object(Closure))
#38 C:/laragon/www/kurikulum/vendor/laravel/framework/src/Illuminate/Pipeline/Pipeline.php(183): Illuminate/Foundation/Http/Middleware/ConvertEmptyStringsToNull->handle(Object(Illuminate/Http/Request), Object(Closure))
#39 C:/laragon/www/kurikulum/vendor/laravel/framework/src/Illuminate/Foundation/Http/Middleware/TransformsRequest.php(21): Illuminate/Pipeline/Pipeline->Illuminate/Pipeline/{closure}(Object(Illuminate/Http/Request))
#40 C:/laragon/www/kurikulum/vendor/laravel/framework/src/Illuminate/Foundation/Http/Middleware/TrimStrings.php(40): Illuminate/Foundation/Http/Middleware/TransformsRequest->handle(Object(Illuminate/Http/Request), Object(Closure))
#41 C:/laragon/www/kurikulum/vendor/laravel/framework/src/Illuminate/Pipeline/Pipeline.php(183): Illuminate/Foundation/Http/Middleware/TrimStrings->handle(Object(Illuminate/Http/Request), Object(Closure))
#42 C:/laragon/www/kurikulum/vendor/laravel/framework/src/Illuminate/Foundation/Http/Middleware/ValidatePostSize.php(27): Illuminate/Pipeline/Pipeline->Illuminate/Pipeline/{closure}(Object(Illuminate/Http/Request))
#43 C:/laragon/www/kurikulum/vendor/laravel/framework/src/Illuminate/Pipeline/Pipeline.php(183): Illuminate/Foundation/Http/Middleware/ValidatePostSize->handle(Object(Illuminate/Http/Request), Object(Closure))
#44 C:/laragon/www/kurikulum/vendor/laravel/framework/src/Illuminate/Foundation/Http/Middleware/PreventRequestsDuringMaintenance.php(99): Illuminate/Pipeline/Pipeline->Illuminate/Pipeline/{closure}(Object(Illuminate/Http/Request))
#45 C:/laragon/www/kurikulum/vendor/laravel/framework/src/Illuminate/Pipeline/Pipeline.php(183): Illuminate/Foundation/Http/Middleware/PreventRequestsDuringMaintenance->handle(Object(Illuminate/Http/Request), Object(Closure))
#46 C:/laragon/www/kurikulum/vendor/laravel/framework/src/Illuminate/Http/Middleware/HandleCors.php(49): Illuminate/Pipeline/Pipeline->Illuminate/Pipeline/{closure}(Object(Illuminate/Http/Request))
#47 C:/laragon/www/kurikulum/vendor/laravel/framework/src/Illuminate/Pipeline/Pipeline.php(183): Illuminate/Http/Middleware/HandleCors->handle(Object(Illuminate/Http/Request), Object(Closure))
#48 C:/laragon/www/kurikulum/vendor/laravel/framework/src/Illuminate/Http/Middleware/TrustProxies.php(39): Illuminate/Pipeline/Pipeline->Illuminate/Pipeline/{closure}(Object(Illuminate/Http/Request))
#49 C:/laragon/www/kurikulum/vendor/laravel/framework/src/Illuminate/Pipeline/Pipeline.php(183): Illuminate/Http/Middleware/TrustProxies->handle(Object(Illuminate/Http/Request), Object(Closure))
#50 C:/laragon/www/kurikulum/vendor/laravel/framework/src/Illuminate/Pipeline/Pipeline.php(119): Illuminate/Pipeline/Pipeline->Illuminate/Pipeline/{closure}(Object(Illuminate/Http/Request))
#51 C:/laragon/www/kurikulum/vendor/laravel/framework/src/Illuminate/Foundation/Http/Kernel.php(175): Illuminate/Pipeline/Pipeline->then(Object(Closure))
#52 C:/laragon/www/kurikulum/vendor/laravel/framework/src/Illuminate/Foundation/Http/Kernel.php(144): Illuminate/Foundation/Http/Kernel->sendRequestThroughRouter(Object(Illuminate/Http/Request))
#53 C:/Users/deasy/AppData/Local/Temp/claude/C--laragon-www-kurikulum/3da87171-a58e-497f-935f-452a8fdd4d0d/scratchpad/filter_check.php(34): Illuminate/Foundation/Http/Kernel->handle(Object(Illuminate/Http/Request))
#54 C:/Users/deasy/AppData/Local/Temp/claude/C--laragon-www-kurikulum/3da87171-a58e-497f-935f-452a8fdd4d0d/scratchpad/filter_check.php(52): ambil(Object(App/Http/Kernel), 'http://localhos...')
#55 C:/laragon/www/kurikulum/vendor/psy/psysh/src/Shell.php(841): include_once('C://Users//deasy//...')
#56 C:/laragon/www/kurikulum/vendor/psy/psysh/src/Shell.php(856): Psy/Shell->Psy/{closure}(Object(Psy/Shell))
#57 C:/laragon/www/kurikulum/vendor/psy/psysh/src/Shell.php(788): Psy/Shell->loadIncludes()
#58 C:/laragon/www/kurikulum/vendor/psy/psysh/src/Shell.php(716): Psy/Shell->doNonInteractiveRun(false)
#59 C:/laragon/www/kurikulum/vendor/symfony/console/Application.php(175): Psy/Shell->doRun(Object(Symfony/Component/Console/Input/ArrayInput), Object(Psy/Output/ShellOutput))
#60 C:/laragon/www/kurikulum/vendor/psy/psysh/src/Shell.php(684): Symfony/Component/Console/Application->run(Object(Symfony/Component/Console/Input/ArrayInput), Object(Psy/Output/ShellOutput))
#61 C:/laragon/www/kurikulum/vendor/laravel/tinker/src/Console/TinkerCommand.php(86): Psy/Shell->run()
#62 C:/laragon/www/kurikulum/vendor/laravel/framework/src/Illuminate/Container/BoundMethod.php(36): Laravel/Tinker/Console/TinkerCommand->handle()
#63 C:/laragon/www/kurikulum/vendor/laravel/framework/src/Illuminate/Container/Util.php(41): Illuminate/Container/BoundMethod::Illuminate/Container/{closure}()
#64 C:/laragon/www/kurikulum/vendor/laravel/framework/src/Illuminate/Container/BoundMethod.php(93): Illuminate/Container/Util::unwrapIfClosure(Object(Closure))
#65 C:/laragon/www/kurikulum/vendor/laravel/framework/src/Illuminate/Container/BoundMethod.php(35): Illuminate/Container/BoundMethod::callBoundMethod(Object(Illuminate/Foundation/Application), Array, Object(Closure))
#66 C:/laragon/www/kurikulum/vendor/laravel/framework/src/Illuminate/Container/Container.php(662): Illuminate/Container/BoundMethod::call(Object(Illuminate/Foundation/Application), Array, Array, NULL)
#67 C:/laragon/www/kurikulum/vendor/laravel/framework/src/Illuminate/Console/Command.php(211): Illuminate/Container/Container->call(Array)
#68 C:/laragon/www/kurikulum/vendor/symfony/console/Command/Command.php(326): Illuminate/Console/Command->execute(Object(Symfony/Component/Console/Input/ArgvInput), Object(Illuminate/Console/OutputStyle))
#69 C:/laragon/www/kurikulum/vendor/laravel/framework/src/Illuminate/Console/Command.php(180): Symfony/Component/Console/Command/Command->run(Object(Symfony/Component/Console/Input/ArgvInput), Object(Illuminate/Console/OutputStyle))
#70 C:/laragon/www/kurikulum/vendor/symfony/console/Application.php(1121): Illuminate/Console/Command->run(Object(Symfony/Component/Console/Input/ArgvInput), Object(Symfony/Component/Console/Output/ConsoleOutput))
#71 C:/laragon/www/kurikulum/vendor/symfony/console/Application.php(324): Symfony/Component/Console/Application->doRunCommand(Object(Laravel/Tinker/Console/TinkerCommand), Object(Symfony/Component/Console/Input/ArgvInput), Object(Symfony/Component/Console/Output/ConsoleOutput))
#72 C:/laragon/www/kurikulum/vendor/symfony/console/Application.php(175): Symfony/Component/Console/Application->doRun(Object(Symfony/Component/Console/Input/ArgvInput), Object(Symfony/Component/Console/Output/ConsoleOutput))
#73 C:/laragon/www/kurikulum/vendor/laravel/framework/src/Illuminate/Foundation/Console/Kernel.php(201): Symfony/Component/Console/Application->run(Object(Symfony/Component/Console/Input/ArgvInput), Object(Symfony/Component/Console/Output/ConsoleOutput))
#74 C:/laragon/www/kurikulum/artisan(14): Illuminate/Foundation/Console/Kernel->handle(Object(Symfony/Component/Console/Input/ArgvInput), Object(Symfony/Component/Console/Output/ConsoleOutput))
#75 {main}
"} 
[2026-08-17 18:30:52] local.ERROR: syntax error, unexpected token "endif", expecting end of file (View: C:\laragon\www\kurikulum\resources\views\crud\index.blade.php) {"userId":1,"exception":"[object] (Illuminate\\View\\ViewException(code: 0): syntax error, unexpected token \"endif\", expecting end of file (View: C:\\laragon\\www\\kurikulum\\resources\\views\\crud\\index.blade.php) at C:/laragon/www/kurikulum/storage/framework/views/dc0e3943d06065270ff26c9048b16a07.php:73)
[stacktrace]
#0 C:/laragon/www/kurikulum/vendor/laravel/framework/src/Illuminate/View/Engines/PhpEngine.php(60): Illuminate/View/Engines/CompilerEngine->handleViewException(Object(ParseError), 0)
#1 C:/laragon/www/kurikulum/vendor/laravel/framework/src/Illuminate/View/Engines/CompilerEngine.php(72): Illuminate/View/Engines/PhpEngine->evaluatePath('C://laragon//www//...', Array)
#2 C:/laragon/www/kurikulum/vendor/laravel/framework/src/Illuminate/View/View.php(207): Illuminate/View/Engines/CompilerEngine->get('C://laragon//www//...', Array)
#3 C:/laragon/www/kurikulum/vendor/laravel/framework/src/Illuminate/View/View.php(190): Illuminate/View/View->getContents()
#4 C:/laragon/www/kurikulum/vendor/laravel/framework/src/Illuminate/View/View.php(159): Illuminate/View/View->renderContents()
#5 C:/laragon/www/kurikulum/vendor/laravel/framework/src/Illuminate/Http/Response.php(69): Illuminate/View/View->render()
#6 C:/laragon/www/kurikulum/vendor/laravel/framework/src/Illuminate/Http/Response.php(35): Illuminate/Http/Response->setContent(Object(Illuminate/View/View))
#7 C:/laragon/www/kurikulum/vendor/laravel/framework/src/Illuminate/Routing/Router.php(918): Illuminate/Http/Response->__construct(Object(Illuminate/View/View), 200, Array)
#8 C:/laragon/www/kurikulum/vendor/laravel/framework/src/Illuminate/Routing/Router.php(885): Illuminate/Routing/Router::toResponse(Object(Illuminate/Http/Request), Object(Illuminate/View/View))
#9 C:/laragon/www/kurikulum/vendor/laravel/framework/src/Illuminate/Routing/Router.php(805): Illuminate/Routing/Router->prepareResponse(Object(Illuminate/Http/Request), Object(Illuminate/View/View))
#10 C:/laragon/www/kurikulum/vendor/laravel/framework/src/Illuminate/Pipeline/Pipeline.php(144): Illuminate/Routing/Router->Illuminate/Routing/{closure}(Object(Illuminate/Http/Request))
#11 C:/laragon/www/kurikulum/app/Http/Middleware/EnsureUserHasRole.php(23): Illuminate/Pipeline/Pipeline->Illuminate/Pipeline/{closure}(Object(Illuminate/Http/Request))
#12 C:/laragon/www/kurikulum/vendor/laravel/framework/src/Illuminate/Pipeline/Pipeline.php(183): App/Http/Middleware/EnsureUserHasRole->handle(Object(Illuminate/Http/Request), Object(Closure), 'admin', 'guru')
#13 C:/laragon/www/kurikulum/vendor/laravel/framework/src/Illuminate/Routing/Middleware/SubstituteBindings.php(50): Illuminate/Pipeline/Pipeline->Illuminate/Pipeline/{closure}(Object(Illuminate/Http/Request))
#14 C:/laragon/www/kurikulum/vendor/laravel/framework/src/Illuminate/Pipeline/Pipeline.php(183): Illuminate/Routing/Middleware/SubstituteBindings->handle(Object(Illuminate/Http/Request), Object(Closure))
#15 C:/laragon/www/kurikulum/vendor/laravel/framework/src/Illuminate/Auth/Middleware/Authenticate.php(57): Illuminate/Pipeline/Pipeline->Illuminate/Pipeline/{closure}(Object(Illuminate/Http/Request))
#16 C:/laragon/www/kurikulum/vendor/laravel/framework/src/Illuminate/Pipeline/Pipeline.php(183): Illuminate/Auth/Middleware/Authenticate->handle(Object(Illuminate/Http/Request), Object(Closure))
#17 C:/laragon/www/kurikulum/vendor/laravel/framework/src/Illuminate/Foundation/Http/Middleware/VerifyCsrfToken.php(78): Illuminate/Pipeline/Pipeline->Illuminate/Pipeline/{closure}(Object(Illuminate/Http/Request))
#18 C:/laragon/www/kurikulum/vendor/laravel/framework/src/Illuminate/Pipeline/Pipeline.php(183): Illuminate/Foundation/Http/Middleware/VerifyCsrfToken->handle(Object(Illuminate/Http/Request), Object(Closure))
#19 C:/laragon/www/kurikulum/vendor/laravel/framework/src/Illuminate/View/Middleware/ShareErrorsFromSession.php(49): Illuminate/Pipeline/Pipeline->Illuminate/Pipeline/{closure}(Object(Illuminate/Http/Request))
#20 C:/laragon/www/kurikulum/vendor/laravel/framework/src/Illuminate/Pipeline/Pipeline.php(183): Illuminate/View/Middleware/ShareErrorsFromSession->handle(Object(Illuminate/Http/Request), Object(Closure))
#21 C:/laragon/www/kurikulum/vendor/laravel/framework/src/Illuminate/Session/Middleware/StartSession.php(121): Illuminate/Pipeline/Pipeline->Illuminate/Pipeline/{closure}(Object(Illuminate/Http/Request))
#22 C:/laragon/www/kurikulum/vendor/laravel/framework/src/Illuminate/Session/Middleware/StartSession.php(64): Illuminate/Session/Middleware/StartSession->handleStatefulRequest(Object(Illuminate/Http/Request), Object(Illuminate/Session/Store), Object(Closure))
#23 C:/laragon/www/kurikulum/vendor/laravel/framework/src/Illuminate/Pipeline/Pipeline.php(183): Illuminate/Session/Middleware/StartSession->handle(Object(Illuminate/Http/Request), Object(Closure))
#24 C:/laragon/www/kurikulum/vendor/laravel/framework/src/Illuminate/Cookie/Middleware/AddQueuedCookiesToResponse.php(37): Illuminate/Pipeline/Pipeline->Illuminate/Pipeline/{closure}(Object(Illuminate/Http/Request))
#25 C:/laragon/www/kurikulum/vendor/laravel/framework/src/Illuminate/Pipeline/Pipeline.php(183): Illuminate/Cookie/Middleware/AddQueuedCookiesToResponse->handle(Object(Illuminate/Http/Request), Object(Closure))
#26 C:/laragon/www/kurikulum/vendor/laravel/framework/src/Illuminate/Cookie/Middleware/EncryptCookies.php(67): Illuminate/Pipeline/Pipeline->Illuminate/Pipeline/{closure}(Object(Illuminate/Http/Request))
#27 C:/laragon/www/kurikulum/vendor/laravel/framework/src/Illuminate/Pipeline/Pipeline.php(183): Illuminate/Cookie/Middleware/EncryptCookies->handle(Object(Illuminate/Http/Request), Object(Closure))
#28 C:/laragon/www/kurikulum/vendor/laravel/framework/src/Illuminate/Pipeline/Pipeline.php(119): Illuminate/Pipeline/Pipeline->Illuminate/Pipeline/{closure}(Object(Illuminate/Http/Request))
#29 C:/laragon/www/kurikulum/vendor/laravel/framework/src/Illuminate/Routing/Router.php(805): Illuminate/Pipeline/Pipeline->then(Object(Closure))
#30 C:/laragon/www/kurikulum/vendor/laravel/framework/src/Illuminate/Routing/Router.php(784): Illuminate/Routing/Router->runRouteWithinStack(Object(Illuminate/Routing/Route), Object(Illuminate/Http/Request))
#31 C:/laragon/www/kurikulum/vendor/laravel/framework/src/Illuminate/Routing/Router.php(748): Illuminate/Routing/Router->runRoute(Object(Illuminate/Http/Request), Object(Illuminate/Routing/Route))
#32 C:/laragon/www/kurikulum/vendor/laravel/framework/src/Illuminate/Routing/Router.php(737): Illuminate/Routing/Router->dispatchToRoute(Object(Illuminate/Http/Request))
#33 C:/laragon/www/kurikulum/vendor/laravel/framework/src/Illuminate/Foundation/Http/Kernel.php(200): Illuminate/Routing/Router->dispatch(Object(Illuminate/Http/Request))
#34 C:/laragon/www/kurikulum/vendor/laravel/framework/src/Illuminate/Pipeline/Pipeline.php(144): Illuminate/Foundation/Http/Kernel->Illuminate/Foundation/Http/{closure}(Object(Illuminate/Http/Request))
#35 C:/laragon/www/kurikulum/vendor/laravel/framework/src/Illuminate/Foundation/Http/Middleware/TransformsRequest.php(21): Illuminate/Pipeline/Pipeline->Illuminate/Pipeline/{closure}(Object(Illuminate/Http/Request))
#36 C:/laragon/www/kurikulum/vendor/laravel/framework/src/Illuminate/Foundation/Http/Middleware/ConvertEmptyStringsToNull.php(31): Illuminate/Foundation/Http/Middleware/TransformsRequest->handle(Object(Illuminate/Http/Request), Object(Closure))
#37 C:/laragon/www/kurikulum/vendor/laravel/framework/src/Illuminate/Pipeline/Pipeline.php(183): Illuminate/Foundation/Http/Middleware/ConvertEmptyStringsToNull->handle(Object(Illuminate/Http/Request), Object(Closure))
#38 C:/laragon/www/kurikulum/vendor/laravel/framework/src/Illuminate/Foundation/Http/Middleware/TransformsRequest.php(21): Illuminate/Pipeline/Pipeline->Illuminate/Pipeline/{closure}(Object(Illuminate/Http/Request))
#39 C:/laragon/www/kurikulum/vendor/laravel/framework/src/Illuminate/Foundation/Http/Middleware/TrimStrings.php(40): Illuminate/Foundation/Http/Middleware/TransformsRequest->handle(Object(Illuminate/Http/Request), Object(Closure))
#40 C:/laragon/www/kurikulum/vendor/laravel/framework/src/Illuminate/Pipeline/Pipeline.php(183): Illuminate/Foundation/Http/Middleware/TrimStrings->handle(Object(Illuminate/Http/Request), Object(Closure))
#41 C:/laragon/www/kurikulum/vendor/laravel/framework/src/Illuminate/Foundation/Http/Middleware/ValidatePostSize.php(27): Illuminate/Pipeline/Pipeline->Illuminate/Pipeline/{closure}(Object(Illuminate/Http/Request))
#42 C:/laragon/www/kurikulum/vendor/laravel/framework/src/Illuminate/Pipeline/Pipeline.php(183): Illuminate/Foundation/Http/Middleware/ValidatePostSize->handle(Object(Illuminate/Http/Request), Object(Closure))
#43 C:/laragon/www/kurikulum/vendor/laravel/framework/src/Illuminate/Foundation/Http/Middleware/PreventRequestsDuringMaintenance.php(99): Illuminate/Pipeline/Pipeline->Illuminate/Pipeline/{closure}(Object(Illuminate/Http/Request))
#44 C:/laragon/www/kurikulum/vendor/laravel/framework/src/Illuminate/Pipeline/Pipeline.php(183): Illuminate/Foundation/Http/Middleware/PreventRequestsDuringMaintenance->handle(Object(Illuminate/Http/Request), Object(Closure))
#45 C:/laragon/www/kurikulum/vendor/laravel/framework/src/Illuminate/Http/Middleware/HandleCors.php(49): Illuminate/Pipeline/Pipeline->Illuminate/Pipeline/{closure}(Object(Illuminate/Http/Request))
#46 C:/laragon/www/kurikulum/vendor/laravel/framework/src/Illuminate/Pipeline/Pipeline.php(183): Illuminate/Http/Middleware/HandleCors->handle(Object(Illuminate/Http/Request), Object(Closure))
#47 C:/laragon/www/kurikulum/vendor/laravel/framework/src/Illuminate/Http/Middleware/TrustProxies.php(39): Illuminate/Pipeline/Pipeline->Illuminate/Pipeline/{closure}(Object(Illuminate/Http/Request))
#48 C:/laragon/www/kurikulum/vendor/laravel/framework/src/Illuminate/Pipeline/Pipeline.php(183): Illuminate/Http/Middleware/TrustProxies->handle(Object(Illuminate/Http/Request), Object(Closure))
#49 C:/laragon/www/kurikulum/vendor/laravel/framework/src/Illuminate/Pipeline/Pipeline.php(119): Illuminate/Pipeline/Pipeline->Illuminate/Pipeline/{closure}(Object(Illuminate/Http/Request))
#50 C:/laragon/www/kurikulum/vendor/laravel/framework/src/Illuminate/Foundation/Http/Kernel.php(175): Illuminate/Pipeline/Pipeline->then(Object(Closure))
#51 C:/laragon/www/kurikulum/vendor/laravel/framework/src/Illuminate/Foundation/Http/Kernel.php(144): Illuminate/Foundation/Http/Kernel->sendRequestThroughRouter(Object(Illuminate/Http/Request))
#52 C:/Users/deasy/AppData/Local/Temp/claude/C--laragon-www-kurikulum/3da87171-a58e-497f-935f-452a8fdd4d0d/scratchpad/filter_check.php(34): Illuminate/Foundation/Http/Kernel->handle(Object(Illuminate/Http/Request))
#53 C:/Users/deasy/AppData/Local/Temp/claude/C--laragon-www-kurikulum/3da87171-a58e-497f-935f-452a8fdd4d0d/scratchpad/filter_check.php(52): ambil(Object(App/Http/Kernel), 'http://localhos...')
#54 C:/laragon/www/kurikulum/vendor/psy/psysh/src/Shell.php(841): include_once('C://Users//deasy//...')
#55 C:/laragon/www/kurikulum/vendor/psy/psysh/src/Shell.php(856): Psy/Shell->Psy/{closure}(Object(Psy/Shell))
#56 C:/laragon/www/kurikulum/vendor/psy/psysh/src/Shell.php(788): Psy/Shell->loadIncludes()
#57 C:/laragon/www/kurikulum/vendor/psy/psysh/src/Shell.php(716): Psy/Shell->doNonInteractiveRun(false)
#58 C:/laragon/www/kurikulum/vendor/symfony/console/Application.php(175): Psy/Shell->doRun(Object(Symfony/Component/Console/Input/ArrayInput), Object(Psy/Output/ShellOutput))
#59 C:/laragon/www/kurikulum/vendor/psy/psysh/src/Shell.php(684): Symfony/Component/Console/Application->run(Object(Symfony/Component/Console/Input/ArrayInput), Object(Psy/Output/ShellOutput))
#60 C:/laragon/www/kurikulum/vendor/laravel/tinker/src/Console/TinkerCommand.php(86): Psy/Shell->run()
#61 C:/laragon/www/kurikulum/vendor/laravel/framework/src/Illuminate/Container/BoundMethod.php(36): Laravel/Tinker/Console/TinkerCommand->handle()
#62 C:/laragon/www/kurikulum/vendor/laravel/framework/src/Illuminate/Container/Util.php(41): Illuminate/Container/BoundMethod::Illuminate/Container/{closure}()
#63 C:/laragon/www/kurikulum/vendor/laravel/framework/src/Illuminate/Container/BoundMethod.php(93): Illuminate/Container/Util::unwrapIfClosure(Object(Closure))
#64 C:/laragon/www/kurikulum/vendor/laravel/framework/src/Illuminate/Container/BoundMethod.php(35): Illuminate/Container/BoundMethod::callBoundMethod(Object(Illuminate/Foundation/Application), Array, Object(Closure))
#65 C:/laragon/www/kurikulum/vendor/laravel/framework/src/Illuminate/Container/Container.php(662): Illuminate/Container/BoundMethod::call(Object(Illuminate/Foundation/Application), Array, Array, NULL)
#66 C:/laragon/www/kurikulum/vendor/laravel/framework/src/Illuminate/Console/Command.php(211): Illuminate/Container/Container->call(Array)
#67 C:/laragon/www/kurikulum/vendor/symfony/console/Command/Command.php(326): Illuminate/Console/Command->execute(Object(Symfony/Component/Console/Input/ArgvInput), Object(Illuminate/Console/OutputStyle))
#68 C:/laragon/www/kurikulum/vendor/laravel/framework/src/Illuminate/Console/Command.php(180): Symfony/Component/Console/Command/Command->run(Object(Symfony/Component/Console/Input/ArgvInput), Object(Illuminate/Console/OutputStyle))
#69 C:/laragon/www/kurikulum/vendor/symfony/console/Application.php(1121): Illuminate/Console/Command->run(Object(Symfony/Component/Console/Input/ArgvInput), Object(Symfony/Component/Console/Output/ConsoleOutput))
#70 C:/laragon/www/kurikulum/vendor/symfony/console/Application.php(324): Symfony/Component/Console/Application->doRunCommand(Object(Laravel/Tinker/Console/TinkerCommand), Object(Symfony/Component/Console/Input/ArgvInput), Object(Symfony/Component/Console/Output/ConsoleOutput))
#71 C:/laragon/www/kurikulum/vendor/symfony/console/Application.php(175): Symfony/Component/Console/Application->doRun(Object(Symfony/Component/Console/Input/ArgvInput), Object(Symfony/Component/Console/Output/ConsoleOutput))
#72 C:/laragon/www/kurikulum/vendor/laravel/framework/src/Illuminate/Foundation/Console/Kernel.php(201): Symfony/Component/Console/Application->run(Object(Symfony/Component/Console/Input/ArgvInput), Object(Symfony/Component/Console/Output/ConsoleOutput))
#73 C:/laragon/www/kurikulum/artisan(14): Illuminate/Foundation/Console/Kernel->handle(Object(Symfony/Component/Console/Input/ArgvInput), Object(Symfony/Component/Console/Output/ConsoleOutput))
#74 {main}

[previous exception] [object] (ParseError(code: 0): syntax error, unexpected token \"endif\", expecting end of file at C:/laragon/www/kurikulum/storage/framework/views/dc0e3943d06065270ff26c9048b16a07.php:73)
[stacktrace]
#0 C:/laragon/www/kurikulum/vendor/laravel/framework/src/Illuminate/Filesystem/Filesystem.php(124): Illuminate/Filesystem/Filesystem::Illuminate/Filesystem/{closure}()
#1 C:/laragon/www/kurikulum/vendor/laravel/framework/src/Illuminate/View/Engines/PhpEngine.php(58): Illuminate/Filesystem/Filesystem->getRequire('C://laragon//www//...', Array)
#2 C:/laragon/www/kurikulum/vendor/laravel/framework/src/Illuminate/View/Engines/CompilerEngine.php(72): Illuminate/View/Engines/PhpEngine->evaluatePath('C://laragon//www//...', Array)
#3 C:/laragon/www/kurikulum/vendor/laravel/framework/src/Illuminate/View/View.php(207): Illuminate/View/Engines/CompilerEngine->get('C://laragon//www//...', Array)
#4 C:/laragon/www/kurikulum/vendor/laravel/framework/src/Illuminate/View/View.php(190): Illuminate/View/View->getContents()
#5 C:/laragon/www/kurikulum/vendor/laravel/framework/src/Illuminate/View/View.php(159): Illuminate/View/View->renderContents()
#6 C:/laragon/www/kurikulum/vendor/laravel/framework/src/Illuminate/Http/Response.php(69): Illuminate/View/View->render()
#7 C:/laragon/www/kurikulum/vendor/laravel/framework/src/Illuminate/Http/Response.php(35): Illuminate/Http/Response->setContent(Object(Illuminate/View/View))
#8 C:/laragon/www/kurikulum/vendor/laravel/framework/src/Illuminate/Routing/Router.php(918): Illuminate/Http/Response->__construct(Object(Illuminate/View/View), 200, Array)
#9 C:/laragon/www/kurikulum/vendor/laravel/framework/src/Illuminate/Routing/Router.php(885): Illuminate/Routing/Router::toResponse(Object(Illuminate/Http/Request), Object(Illuminate/View/View))
#10 C:/laragon/www/kurikulum/vendor/laravel/framework/src/Illuminate/Routing/Router.php(805): Illuminate/Routing/Router->prepareResponse(Object(Illuminate/Http/Request), Object(Illuminate/View/View))
#11 C:/laragon/www/kurikulum/vendor/laravel/framework/src/Illuminate/Pipeline/Pipeline.php(144): Illuminate/Routing/Router->Illuminate/Routing/{closure}(Object(Illuminate/Http/Request))
#12 C:/laragon/www/kurikulum/app/Http/Middleware/EnsureUserHasRole.php(23): Illuminate/Pipeline/Pipeline->Illuminate/Pipeline/{closure}(Object(Illuminate/Http/Request))
#13 C:/laragon/www/kurikulum/vendor/laravel/framework/src/Illuminate/Pipeline/Pipeline.php(183): App/Http/Middleware/EnsureUserHasRole->handle(Object(Illuminate/Http/Request), Object(Closure), 'admin', 'guru')
#14 C:/laragon/www/kurikulum/vendor/laravel/framework/src/Illuminate/Routing/Middleware/SubstituteBindings.php(50): Illuminate/Pipeline/Pipeline->Illuminate/Pipeline/{closure}(Object(Illuminate/Http/Request))
#15 C:/laragon/www/kurikulum/vendor/laravel/framework/src/Illuminate/Pipeline/Pipeline.php(183): Illuminate/Routing/Middleware/SubstituteBindings->handle(Object(Illuminate/Http/Request), Object(Closure))
#16 C:/laragon/www/kurikulum/vendor/laravel/framework/src/Illuminate/Auth/Middleware/Authenticate.php(57): Illuminate/Pipeline/Pipeline->Illuminate/Pipeline/{closure}(Object(Illuminate/Http/Request))
#17 C:/laragon/www/kurikulum/vendor/laravel/framework/src/Illuminate/Pipeline/Pipeline.php(183): Illuminate/Auth/Middleware/Authenticate->handle(Object(Illuminate/Http/Request), Object(Closure))
#18 C:/laragon/www/kurikulum/vendor/laravel/framework/src/Illuminate/Foundation/Http/Middleware/VerifyCsrfToken.php(78): Illuminate/Pipeline/Pipeline->Illuminate/Pipeline/{closure}(Object(Illuminate/Http/Request))
#19 C:/laragon/www/kurikulum/vendor/laravel/framework/src/Illuminate/Pipeline/Pipeline.php(183): Illuminate/Foundation/Http/Middleware/VerifyCsrfToken->handle(Object(Illuminate/Http/Request), Object(Closure))
#20 C:/laragon/www/kurikulum/vendor/laravel/framework/src/Illuminate/View/Middleware/ShareErrorsFromSession.php(49): Illuminate/Pipeline/Pipeline->Illuminate/Pipeline/{closure}(Object(Illuminate/Http/Request))
#21 C:/laragon/www/kurikulum/vendor/laravel/framework/src/Illuminate/Pipeline/Pipeline.php(183): Illuminate/View/Middleware/ShareErrorsFromSession->handle(Object(Illuminate/Http/Request), Object(Closure))
#22 C:/laragon/www/kurikulum/vendor/laravel/framework/src/Illuminate/Session/Middleware/StartSession.php(121): Illuminate/Pipeline/Pipeline->Illuminate/Pipeline/{closure}(Object(Illuminate/Http/Request))
#23 C:/laragon/www/kurikulum/vendor/laravel/framework/src/Illuminate/Session/Middleware/StartSession.php(64): Illuminate/Session/Middleware/StartSession->handleStatefulRequest(Object(Illuminate/Http/Request), Object(Illuminate/Session/Store), Object(Closure))
#24 C:/laragon/www/kurikulum/vendor/laravel/framework/src/Illuminate/Pipeline/Pipeline.php(183): Illuminate/Session/Middleware/StartSession->handle(Object(Illuminate/Http/Request), Object(Closure))
#25 C:/laragon/www/kurikulum/vendor/laravel/framework/src/Illuminate/Cookie/Middleware/AddQueuedCookiesToResponse.php(37): Illuminate/Pipeline/Pipeline->Illuminate/Pipeline/{closure}(Object(Illuminate/Http/Request))
#26 C:/laragon/www/kurikulum/vendor/laravel/framework/src/Illuminate/Pipeline/Pipeline.php(183): Illuminate/Cookie/Middleware/AddQueuedCookiesToResponse->handle(Object(Illuminate/Http/Request), Object(Closure))
#27 C:/laragon/www/kurikulum/vendor/laravel/framework/src/Illuminate/Cookie/Middleware/EncryptCookies.php(67): Illuminate/Pipeline/Pipeline->Illuminate/Pipeline/{closure}(Object(Illuminate/Http/Request))
#28 C:/laragon/www/kurikulum/vendor/laravel/framework/src/Illuminate/Pipeline/Pipeline.php(183): Illuminate/Cookie/Middleware/EncryptCookies->handle(Object(Illuminate/Http/Request), Object(Closure))
#29 C:/laragon/www/kurikulum/vendor/laravel/framework/src/Illuminate/Pipeline/Pipeline.php(119): Illuminate/Pipeline/Pipeline->Illuminate/Pipeline/{closure}(Object(Illuminate/Http/Request))
#30 C:/laragon/www/kurikulum/vendor/laravel/framework/src/Illuminate/Routing/Router.php(805): Illuminate/Pipeline/Pipeline->then(Object(Closure))
#31 C:/laragon/www/kurikulum/vendor/laravel/framework/src/Illuminate/Routing/Router.php(784): Illuminate/Routing/Router->runRouteWithinStack(Object(Illuminate/Routing/Route), Object(Illuminate/Http/Request))
#32 C:/laragon/www/kurikulum/vendor/laravel/framework/src/Illuminate/Routing/Router.php(748): Illuminate/Routing/Router->runRoute(Object(Illuminate/Http/Request), Object(Illuminate/Routing/Route))
#33 C:/laragon/www/kurikulum/vendor/laravel/framework/src/Illuminate/Routing/Router.php(737): Illuminate/Routing/Router->dispatchToRoute(Object(Illuminate/Http/Request))
#34 C:/laragon/www/kurikulum/vendor/laravel/framework/src/Illuminate/Foundation/Http/Kernel.php(200): Illuminate/Routing/Router->dispatch(Object(Illuminate/Http/Request))
#35 C:/laragon/www/kurikulum/vendor/laravel/framework/src/Illuminate/Pipeline/Pipeline.php(144): Illuminate/Foundation/Http/Kernel->Illuminate/Foundation/Http/{closure}(Object(Illuminate/Http/Request))
#36 C:/laragon/www/kurikulum/vendor/laravel/framework/src/Illuminate/Foundation/Http/Middleware/TransformsRequest.php(21): Illuminate/Pipeline/Pipeline->Illuminate/Pipeline/{closure}(Object(Illuminate/Http/Request))
#37 C:/laragon/www/kurikulum/vendor/laravel/framework/src/Illuminate/Foundation/Http/Middleware/ConvertEmptyStringsToNull.php(31): Illuminate/Foundation/Http/Middleware/TransformsRequest->handle(Object(Illuminate/Http/Request), Object(Closure))
#38 C:/laragon/www/kurikulum/vendor/laravel/framework/src/Illuminate/Pipeline/Pipeline.php(183): Illuminate/Foundation/Http/Middleware/ConvertEmptyStringsToNull->handle(Object(Illuminate/Http/Request), Object(Closure))
#39 C:/laragon/www/kurikulum/vendor/laravel/framework/src/Illuminate/Foundation/Http/Middleware/TransformsRequest.php(21): Illuminate/Pipeline/Pipeline->Illuminate/Pipeline/{closure}(Object(Illuminate/Http/Request))
#40 C:/laragon/www/kurikulum/vendor/laravel/framework/src/Illuminate/Foundation/Http/Middleware/TrimStrings.php(40): Illuminate/Foundation/Http/Middleware/TransformsRequest->handle(Object(Illuminate/Http/Request), Object(Closure))
#41 C:/laragon/www/kurikulum/vendor/laravel/framework/src/Illuminate/Pipeline/Pipeline.php(183): Illuminate/Foundation/Http/Middleware/TrimStrings->handle(Object(Illuminate/Http/Request), Object(Closure))
#42 C:/laragon/www/kurikulum/vendor/laravel/framework/src/Illuminate/Foundation/Http/Middleware/ValidatePostSize.php(27): Illuminate/Pipeline/Pipeline->Illuminate/Pipeline/{closure}(Object(Illuminate/Http/Request))
#43 C:/laragon/www/kurikulum/vendor/laravel/framework/src/Illuminate/Pipeline/Pipeline.php(183): Illuminate/Foundation/Http/Middleware/ValidatePostSize->handle(Object(Illuminate/Http/Request), Object(Closure))
#44 C:/laragon/www/kurikulum/vendor/laravel/framework/src/Illuminate/Foundation/Http/Middleware/PreventRequestsDuringMaintenance.php(99): Illuminate/Pipeline/Pipeline->Illuminate/Pipeline/{closure}(Object(Illuminate/Http/Request))
#45 C:/laragon/www/kurikulum/vendor/laravel/framework/src/Illuminate/Pipeline/Pipeline.php(183): Illuminate/Foundation/Http/Middleware/PreventRequestsDuringMaintenance->handle(Object(Illuminate/Http/Request), Object(Closure))
#46 C:/laragon/www/kurikulum/vendor/laravel/framework/src/Illuminate/Http/Middleware/HandleCors.php(49): Illuminate/Pipeline/Pipeline->Illuminate/Pipeline/{closure}(Object(Illuminate/Http/Request))
#47 C:/laragon/www/kurikulum/vendor/laravel/framework/src/Illuminate/Pipeline/Pipeline.php(183): Illuminate/Http/Middleware/HandleCors->handle(Object(Illuminate/Http/Request), Object(Closure))
#48 C:/laragon/www/kurikulum/vendor/laravel/framework/src/Illuminate/Http/Middleware/TrustProxies.php(39): Illuminate/Pipeline/Pipeline->Illuminate/Pipeline/{closure}(Object(Illuminate/Http/Request))
#49 C:/laragon/www/kurikulum/vendor/laravel/framework/src/Illuminate/Pipeline/Pipeline.php(183): Illuminate/Http/Middleware/TrustProxies->handle(Object(Illuminate/Http/Request), Object(Closure))
#50 C:/laragon/www/kurikulum/vendor/laravel/framework/src/Illuminate/Pipeline/Pipeline.php(119): Illuminate/Pipeline/Pipeline->Illuminate/Pipeline/{closure}(Object(Illuminate/Http/Request))
#51 C:/laragon/www/kurikulum/vendor/laravel/framework/src/Illuminate/Foundation/Http/Kernel.php(175): Illuminate/Pipeline/Pipeline->then(Object(Closure))
#52 C:/laragon/www/kurikulum/vendor/laravel/framework/src/Illuminate/Foundation/Http/Kernel.php(144): Illuminate/Foundation/Http/Kernel->sendRequestThroughRouter(Object(Illuminate/Http/Request))
#53 C:/Users/deasy/AppData/Local/Temp/claude/C--laragon-www-kurikulum/3da87171-a58e-497f-935f-452a8fdd4d0d/scratchpad/filter_check.php(34): Illuminate/Foundation/Http/Kernel->handle(Object(Illuminate/Http/Request))
#54 C:/Users/deasy/AppData/Local/Temp/claude/C--laragon-www-kurikulum/3da87171-a58e-497f-935f-452a8fdd4d0d/scratchpad/filter_check.php(52): ambil(Object(App/Http/Kernel), 'http://localhos...')
#55 C:/laragon/www/kurikulum/vendor/psy/psysh/src/Shell.php(841): include_once('C://Users//deasy//...')
#56 C:/laragon/www/kurikulum/vendor/psy/psysh/src/Shell.php(856): Psy/Shell->Psy/{closure}(Object(Psy/Shell))
#57 C:/laragon/www/kurikulum/vendor/psy/psysh/src/Shell.php(788): Psy/Shell->loadIncludes()
#58 C:/laragon/www/kurikulum/vendor/psy/psysh/src/Shell.php(716): Psy/Shell->doNonInteractiveRun(false)
#59 C:/laragon/www/kurikulum/vendor/symfony/console/Application.php(175): Psy/Shell->doRun(Object(Symfony/Component/Console/Input/ArrayInput), Object(Psy/Output/ShellOutput))
#60 C:/laragon/www/kurikulum/vendor/psy/psysh/src/Shell.php(684): Symfony/Component/Console/Application->run(Object(Symfony/Component/Console/Input/ArrayInput), Object(Psy/Output/ShellOutput))
#61 C:/laragon/www/kurikulum/vendor/laravel/tinker/src/Console/TinkerCommand.php(86): Psy/Shell->run()
#62 C:/laragon/www/kurikulum/vendor/laravel/framework/src/Illuminate/Container/BoundMethod.php(36): Laravel/Tinker/Console/TinkerCommand->handle()
#63 C:/laragon/www/kurikulum/vendor/laravel/framework/src/Illuminate/Container/Util.php(41): Illuminate/Container/BoundMethod::Illuminate/Container/{closure}()
#64 C:/laragon/www/kurikulum/vendor/laravel/framework/src/Illuminate/Container/BoundMethod.php(93): Illuminate/Container/Util::unwrapIfClosure(Object(Closure))
#65 C:/laragon/www/kurikulum/vendor/laravel/framework/src/Illuminate/Container/BoundMethod.php(35): Illuminate/Container/BoundMethod::callBoundMethod(Object(Illuminate/Foundation/Application), Array, Object(Closure))
#66 C:/laragon/www/kurikulum/vendor/laravel/framework/src/Illuminate/Container/Container.php(662): Illuminate/Container/BoundMethod::call(Object(Illuminate/Foundation/Application), Array, Array, NULL)
#67 C:/laragon/www/kurikulum/vendor/laravel/framework/src/Illuminate/Console/Command.php(211): Illuminate/Container/Container->call(Array)
#68 C:/laragon/www/kurikulum/vendor/symfony/console/Command/Command.php(326): Illuminate/Console/Command->execute(Object(Symfony/Component/Console/Input/ArgvInput), Object(Illuminate/Console/OutputStyle))
#69 C:/laragon/www/kurikulum/vendor/laravel/framework/src/Illuminate/Console/Command.php(180): Symfony/Component/Console/Command/Command->run(Object(Symfony/Component/Console/Input/ArgvInput), Object(Illuminate/Console/OutputStyle))
#70 C:/laragon/www/kurikulum/vendor/symfony/console/Application.php(1121): Illuminate/Console/Command->run(Object(Symfony/Component/Console/Input/ArgvInput), Object(Symfony/Component/Console/Output/ConsoleOutput))
#71 C:/laragon/www/kurikulum/vendor/symfony/console/Application.php(324): Symfony/Component/Console/Application->doRunCommand(Object(Laravel/Tinker/Console/TinkerCommand), Object(Symfony/Component/Console/Input/ArgvInput), Object(Symfony/Component/Console/Output/ConsoleOutput))
#72 C:/laragon/www/kurikulum/vendor/symfony/console/Application.php(175): Symfony/Component/Console/Application->doRun(Object(Symfony/Component/Console/Input/ArgvInput), Object(Symfony/Component/Console/Output/ConsoleOutput))
#73 C:/laragon/www/kurikulum/vendor/laravel/framework/src/Illuminate/Foundation/Console/Kernel.php(201): Symfony/Component/Console/Application->run(Object(Symfony/Component/Console/Input/ArgvInput), Object(Symfony/Component/Console/Output/ConsoleOutput))
#74 C:/laragon/www/kurikulum/artisan(14): Illuminate/Foundation/Console/Kernel->handle(Object(Symfony/Component/Console/Input/ArgvInput), Object(Symfony/Component/Console/Output/ConsoleOutput))
#75 {main}
"} 
[2026-08-17 18:30:52] local.ERROR: syntax error, unexpected token "endif", expecting end of file (View: C:\laragon\www\kurikulum\resources\views\crud\index.blade.php) {"userId":1,"exception":"[object] (Illuminate\\View\\ViewException(code: 0): syntax error, unexpected token \"endif\", expecting end of file (View: C:\\laragon\\www\\kurikulum\\resources\\views\\crud\\index.blade.php) at C:/laragon/www/kurikulum/storage/framework/views/dc0e3943d06065270ff26c9048b16a07.php:73)
[stacktrace]
#0 C:/laragon/www/kurikulum/vendor/laravel/framework/src/Illuminate/View/Engines/PhpEngine.php(60): Illuminate/View/Engines/CompilerEngine->handleViewException(Object(ParseError), 0)
#1 C:/laragon/www/kurikulum/vendor/laravel/framework/src/Illuminate/View/Engines/CompilerEngine.php(72): Illuminate/View/Engines/PhpEngine->evaluatePath('C://laragon//www//...', Array)
#2 C:/laragon/www/kurikulum/vendor/laravel/framework/src/Illuminate/View/View.php(207): Illuminate/View/Engines/CompilerEngine->get('C://laragon//www//...', Array)
#3 C:/laragon/www/kurikulum/vendor/laravel/framework/src/Illuminate/View/View.php(190): Illuminate/View/View->getContents()
#4 C:/laragon/www/kurikulum/vendor/laravel/framework/src/Illuminate/View/View.php(159): Illuminate/View/View->renderContents()
#5 C:/laragon/www/kurikulum/vendor/laravel/framework/src/Illuminate/Http/Response.php(69): Illuminate/View/View->render()
#6 C:/laragon/www/kurikulum/vendor/laravel/framework/src/Illuminate/Http/Response.php(35): Illuminate/Http/Response->setContent(Object(Illuminate/View/View))
#7 C:/laragon/www/kurikulum/vendor/laravel/framework/src/Illuminate/Routing/Router.php(918): Illuminate/Http/Response->__construct(Object(Illuminate/View/View), 200, Array)
#8 C:/laragon/www/kurikulum/vendor/laravel/framework/src/Illuminate/Routing/Router.php(885): Illuminate/Routing/Router::toResponse(Object(Illuminate/Http/Request), Object(Illuminate/View/View))
#9 C:/laragon/www/kurikulum/vendor/laravel/framework/src/Illuminate/Routing/Router.php(805): Illuminate/Routing/Router->prepareResponse(Object(Illuminate/Http/Request), Object(Illuminate/View/View))
#10 C:/laragon/www/kurikulum/vendor/laravel/framework/src/Illuminate/Pipeline/Pipeline.php(144): Illuminate/Routing/Router->Illuminate/Routing/{closure}(Object(Illuminate/Http/Request))
#11 C:/laragon/www/kurikulum/app/Http/Middleware/EnsureUserHasRole.php(23): Illuminate/Pipeline/Pipeline->Illuminate/Pipeline/{closure}(Object(Illuminate/Http/Request))
#12 C:/laragon/www/kurikulum/vendor/laravel/framework/src/Illuminate/Pipeline/Pipeline.php(183): App/Http/Middleware/EnsureUserHasRole->handle(Object(Illuminate/Http/Request), Object(Closure), 'admin', 'guru')
#13 C:/laragon/www/kurikulum/vendor/laravel/framework/src/Illuminate/Routing/Middleware/SubstituteBindings.php(50): Illuminate/Pipeline/Pipeline->Illuminate/Pipeline/{closure}(Object(Illuminate/Http/Request))
#14 C:/laragon/www/kurikulum/vendor/laravel/framework/src/Illuminate/Pipeline/Pipeline.php(183): Illuminate/Routing/Middleware/SubstituteBindings->handle(Object(Illuminate/Http/Request), Object(Closure))
#15 C:/laragon/www/kurikulum/vendor/laravel/framework/src/Illuminate/Auth/Middleware/Authenticate.php(57): Illuminate/Pipeline/Pipeline->Illuminate/Pipeline/{closure}(Object(Illuminate/Http/Request))
#16 C:/laragon/www/kurikulum/vendor/laravel/framework/src/Illuminate/Pipeline/Pipeline.php(183): Illuminate/Auth/Middleware/Authenticate->handle(Object(Illuminate/Http/Request), Object(Closure))
#17 C:/laragon/www/kurikulum/vendor/laravel/framework/src/Illuminate/Foundation/Http/Middleware/VerifyCsrfToken.php(78): Illuminate/Pipeline/Pipeline->Illuminate/Pipeline/{closure}(Object(Illuminate/Http/Request))
#18 C:/laragon/www/kurikulum/vendor/laravel/framework/src/Illuminate/Pipeline/Pipeline.php(183): Illuminate/Foundation/Http/Middleware/VerifyCsrfToken->handle(Object(Illuminate/Http/Request), Object(Closure))
#19 C:/laragon/www/kurikulum/vendor/laravel/framework/src/Illuminate/View/Middleware/ShareErrorsFromSession.php(49): Illuminate/Pipeline/Pipeline->Illuminate/Pipeline/{closure}(Object(Illuminate/Http/Request))
#20 C:/laragon/www/kurikulum/vendor/laravel/framework/src/Illuminate/Pipeline/Pipeline.php(183): Illuminate/View/Middleware/ShareErrorsFromSession->handle(Object(Illuminate/Http/Request), Object(Closure))
#21 C:/laragon/www/kurikulum/vendor/laravel/framework/src/Illuminate/Session/Middleware/StartSession.php(121): Illuminate/Pipeline/Pipeline->Illuminate/Pipeline/{closure}(Object(Illuminate/Http/Request))
#22 C:/laragon/www/kurikulum/vendor/laravel/framework/src/Illuminate/Session/Middleware/StartSession.php(64): Illuminate/Session/Middleware/StartSession->handleStatefulRequest(Object(Illuminate/Http/Request), Object(Illuminate/Session/Store), Object(Closure))
#23 C:/laragon/www/kurikulum/vendor/laravel/framework/src/Illuminate/Pipeline/Pipeline.php(183): Illuminate/Session/Middleware/StartSession->handle(Object(Illuminate/Http/Request), Object(Closure))
#24 C:/laragon/www/kurikulum/vendor/laravel/framework/src/Illuminate/Cookie/Middleware/AddQueuedCookiesToResponse.php(37): Illuminate/Pipeline/Pipeline->Illuminate/Pipeline/{closure}(Object(Illuminate/Http/Request))
#25 C:/laragon/www/kurikulum/vendor/laravel/framework/src/Illuminate/Pipeline/Pipeline.php(183): Illuminate/Cookie/Middleware/AddQueuedCookiesToResponse->handle(Object(Illuminate/Http/Request), Object(Closure))
#26 C:/laragon/www/kurikulum/vendor/laravel/framework/src/Illuminate/Cookie/Middleware/EncryptCookies.php(67): Illuminate/Pipeline/Pipeline->Illuminate/Pipeline/{closure}(Object(Illuminate/Http/Request))
#27 C:/laragon/www/kurikulum/vendor/laravel/framework/src/Illuminate/Pipeline/Pipeline.php(183): Illuminate/Cookie/Middleware/EncryptCookies->handle(Object(Illuminate/Http/Request), Object(Closure))
#28 C:/laragon/www/kurikulum/vendor/laravel/framework/src/Illuminate/Pipeline/Pipeline.php(119): Illuminate/Pipeline/Pipeline->Illuminate/Pipeline/{closure}(Object(Illuminate/Http/Request))
#29 C:/laragon/www/kurikulum/vendor/laravel/framework/src/Illuminate/Routing/Router.php(805): Illuminate/Pipeline/Pipeline->then(Object(Closure))
#30 C:/laragon/www/kurikulum/vendor/laravel/framework/src/Illuminate/Routing/Router.php(784): Illuminate/Routing/Router->runRouteWithinStack(Object(Illuminate/Routing/Route), Object(Illuminate/Http/Request))
#31 C:/laragon/www/kurikulum/vendor/laravel/framework/src/Illuminate/Routing/Router.php(748): Illuminate/Routing/Router->runRoute(Object(Illuminate/Http/Request), Object(Illuminate/Routing/Route))
#32 C:/laragon/www/kurikulum/vendor/laravel/framework/src/Illuminate/Routing/Router.php(737): Illuminate/Routing/Router->dispatchToRoute(Object(Illuminate/Http/Request))
#33 C:/laragon/www/kurikulum/vendor/laravel/framework/src/Illuminate/Foundation/Http/Kernel.php(200): Illuminate/Routing/Router->dispatch(Object(Illuminate/Http/Request))
#34 C:/laragon/www/kurikulum/vendor/laravel/framework/src/Illuminate/Pipeline/Pipeline.php(144): Illuminate/Foundation/Http/Kernel->Illuminate/Foundation/Http/{closure}(Object(Illuminate/Http/Request))
#35 C:/laragon/www/kurikulum/vendor/laravel/framework/src/Illuminate/Foundation/Http/Middleware/TransformsRequest.php(21): Illuminate/Pipeline/Pipeline->Illuminate/Pipeline/{closure}(Object(Illuminate/Http/Request))
#36 C:/laragon/www/kurikulum/vendor/laravel/framework/src/Illuminate/Foundation/Http/Middleware/ConvertEmptyStringsToNull.php(31): Illuminate/Foundation/Http/Middleware/TransformsRequest->handle(Object(Illuminate/Http/Request), Object(Closure))
#37 C:/laragon/www/kurikulum/vendor/laravel/framework/src/Illuminate/Pipeline/Pipeline.php(183): Illuminate/Foundation/Http/Middleware/ConvertEmptyStringsToNull->handle(Object(Illuminate/Http/Request), Object(Closure))
#38 C:/laragon/www/kurikulum/vendor/laravel/framework/src/Illuminate/Foundation/Http/Middleware/TransformsRequest.php(21): Illuminate/Pipeline/Pipeline->Illuminate/Pipeline/{closure}(Object(Illuminate/Http/Request))
#39 C:/laragon/www/kurikulum/vendor/laravel/framework/src/Illuminate/Foundation/Http/Middleware/TrimStrings.php(40): Illuminate/Foundation/Http/Middleware/TransformsRequest->handle(Object(Illuminate/Http/Request), Object(Closure))
#40 C:/laragon/www/kurikulum/vendor/laravel/framework/src/Illuminate/Pipeline/Pipeline.php(183): Illuminate/Foundation/Http/Middleware/TrimStrings->handle(Object(Illuminate/Http/Request), Object(Closure))
#41 C:/laragon/www/kurikulum/vendor/laravel/framework/src/Illuminate/Foundation/Http/Middleware/ValidatePostSize.php(27): Illuminate/Pipeline/Pipeline->Illuminate/Pipeline/{closure}(Object(Illuminate/Http/Request))
#42 C:/laragon/www/kurikulum/vendor/laravel/framework/src/Illuminate/Pipeline/Pipeline.php(183): Illuminate/Foundation/Http/Middleware/ValidatePostSize->handle(Object(Illuminate/Http/Request), Object(Closure))
#43 C:/laragon/www/kurikulum/vendor/laravel/framework/src/Illuminate/Foundation/Http/Middleware/PreventRequestsDuringMaintenance.php(99): Illuminate/Pipeline/Pipeline->Illuminate/Pipeline/{closure}(Object(Illuminate/Http/Request))
#44 C:/laragon/www/kurikulum/vendor/laravel/framework/src/Illuminate/Pipeline/Pipeline.php(183): Illuminate/Foundation/Http/Middleware/PreventRequestsDuringMaintenance->handle(Object(Illuminate/Http/Request), Object(Closure))
#45 C:/laragon/www/kurikulum/vendor/laravel/framework/src/Illuminate/Http/Middleware/HandleCors.php(49): Illuminate/Pipeline/Pipeline->Illuminate/Pipeline/{closure}(Object(Illuminate/Http/Request))
#46 C:/laragon/www/kurikulum/vendor/laravel/framework/src/Illuminate/Pipeline/Pipeline.php(183): Illuminate/Http/Middleware/HandleCors->handle(Object(Illuminate/Http/Request), Object(Closure))
#47 C:/laragon/www/kurikulum/vendor/laravel/framework/src/Illuminate/Http/Middleware/TrustProxies.php(39): Illuminate/Pipeline/Pipeline->Illuminate/Pipeline/{closure}(Object(Illuminate/Http/Request))
#48 C:/laragon/www/kurikulum/vendor/laravel/framework/src/Illuminate/Pipeline/Pipeline.php(183): Illuminate/Http/Middleware/TrustProxies->handle(Object(Illuminate/Http/Request), Object(Closure))
#49 C:/laragon/www/kurikulum/vendor/laravel/framework/src/Illuminate/Pipeline/Pipeline.php(119): Illuminate/Pipeline/Pipeline->Illuminate/Pipeline/{closure}(Object(Illuminate/Http/Request))
#50 C:/laragon/www/kurikulum/vendor/laravel/framework/src/Illuminate/Foundation/Http/Kernel.php(175): Illuminate/Pipeline/Pipeline->then(Object(Closure))
#51 C:/laragon/www/kurikulum/vendor/laravel/framework/src/Illuminate/Foundation/Http/Kernel.php(144): Illuminate/Foundation/Http/Kernel->sendRequestThroughRouter(Object(Illuminate/Http/Request))
#52 C:/Users/deasy/AppData/Local/Temp/claude/C--laragon-www-kurikulum/3da87171-a58e-497f-935f-452a8fdd4d0d/scratchpad/filter_check.php(34): Illuminate/Foundation/Http/Kernel->handle(Object(Illuminate/Http/Request))
#53 C:/Users/deasy/AppData/Local/Temp/claude/C--laragon-www-kurikulum/3da87171-a58e-497f-935f-452a8fdd4d0d/scratchpad/filter_check.php(52): ambil(Object(App/Http/Kernel), 'http://localhos...')
#54 C:/laragon/www/kurikulum/vendor/psy/psysh/src/Shell.php(841): include_once('C://Users//deasy//...')
#55 C:/laragon/www/kurikulum/vendor/psy/psysh/src/Shell.php(856): Psy/Shell->Psy/{closure}(Object(Psy/Shell))
#56 C:/laragon/www/kurikulum/vendor/psy/psysh/src/Shell.php(788): Psy/Shell->loadIncludes()
#57 C:/laragon/www/kurikulum/vendor/psy/psysh/src/Shell.php(716): Psy/Shell->doNonInteractiveRun(false)
#58 C:/laragon/www/kurikulum/vendor/symfony/console/Application.php(175): Psy/Shell->doRun(Object(Symfony/Component/Console/Input/ArrayInput), Object(Psy/Output/ShellOutput))
#59 C:/laragon/www/kurikulum/vendor/psy/psysh/src/Shell.php(684): Symfony/Component/Console/Application->run(Object(Symfony/Component/Console/Input/ArrayInput), Object(Psy/Output/ShellOutput))
#60 C:/laragon/www/kurikulum/vendor/laravel/tinker/src/Console/TinkerCommand.php(86): Psy/Shell->run()
#61 C:/laragon/www/kurikulum/vendor/laravel/framework/src/Illuminate/Container/BoundMethod.php(36): Laravel/Tinker/Console/TinkerCommand->handle()
#62 C:/laragon/www/kurikulum/vendor/laravel/framework/src/Illuminate/Container/Util.php(41): Illuminate/Container/BoundMethod::Illuminate/Container/{closure}()
#63 C:/laragon/www/kurikulum/vendor/laravel/framework/src/Illuminate/Container/BoundMethod.php(93): Illuminate/Container/Util::unwrapIfClosure(Object(Closure))
#64 C:/laragon/www/kurikulum/vendor/laravel/framework/src/Illuminate/Container/BoundMethod.php(35): Illuminate/Container/BoundMethod::callBoundMethod(Object(Illuminate/Foundation/Application), Array, Object(Closure))
#65 C:/laragon/www/kurikulum/vendor/laravel/framework/src/Illuminate/Container/Container.php(662): Illuminate/Container/BoundMethod::call(Object(Illuminate/Foundation/Application), Array, Array, NULL)
#66 C:/laragon/www/kurikulum/vendor/laravel/framework/src/Illuminate/Console/Command.php(211): Illuminate/Container/Container->call(Array)
#67 C:/laragon/www/kurikulum/vendor/symfony/console/Command/Command.php(326): Illuminate/Console/Command->execute(Object(Symfony/Component/Console/Input/ArgvInput), Object(Illuminate/Console/OutputStyle))
#68 C:/laragon/www/kurikulum/vendor/laravel/framework/src/Illuminate/Console/Command.php(180): Symfony/Component/Console/Command/Command->run(Object(Symfony/Component/Console/Input/ArgvInput), Object(Illuminate/Console/OutputStyle))
#69 C:/laragon/www/kurikulum/vendor/symfony/console/Application.php(1121): Illuminate/Console/Command->run(Object(Symfony/Component/Console/Input/ArgvInput), Object(Symfony/Component/Console/Output/ConsoleOutput))
#70 C:/laragon/www/kurikulum/vendor/symfony/console/Application.php(324): Symfony/Component/Console/Application->doRunCommand(Object(Laravel/Tinker/Console/TinkerCommand), Object(Symfony/Component/Console/Input/ArgvInput), Object(Symfony/Component/Console/Output/ConsoleOutput))
#71 C:/laragon/www/kurikulum/vendor/symfony/console/Application.php(175): Symfony/Component/Console/Application->doRun(Object(Symfony/Component/Console/Input/ArgvInput), Object(Symfony/Component/Console/Output/ConsoleOutput))
#72 C:/laragon/www/kurikulum/vendor/laravel/framework/src/Illuminate/Foundation/Console/Kernel.php(201): Symfony/Component/Console/Application->run(Object(Symfony/Component/Console/Input/ArgvInput), Object(Symfony/Component/Console/Output/ConsoleOutput))
#73 C:/laragon/www/kurikulum/artisan(14): Illuminate/Foundation/Console/Kernel->handle(Object(Symfony/Component/Console/Input/ArgvInput), Object(Symfony/Component/Console/Output/ConsoleOutput))
#74 {main}

[previous exception] [object] (ParseError(code: 0): syntax error, unexpected token \"endif\", expecting end of file at C:/laragon/www/kurikulum/storage/framework/views/dc0e3943d06065270ff26c9048b16a07.php:73)
[stacktrace]
#0 C:/laragon/www/kurikulum/vendor/laravel/framework/src/Illuminate/Filesystem/Filesystem.php(124): Illuminate/Filesystem/Filesystem::Illuminate/Filesystem/{closure}()
#1 C:/laragon/www/kurikulum/vendor/laravel/framework/src/Illuminate/View/Engines/PhpEngine.php(58): Illuminate/Filesystem/Filesystem->getRequire('C://laragon//www//...', Array)
#2 C:/laragon/www/kurikulum/vendor/laravel/framework/src/Illuminate/View/Engines/CompilerEngine.php(72): Illuminate/View/Engines/PhpEngine->evaluatePath('C://laragon//www//...', Array)
#3 C:/laragon/www/kurikulum/vendor/laravel/framework/src/Illuminate/View/View.php(207): Illuminate/View/Engines/CompilerEngine->get('C://laragon//www//...', Array)
#4 C:/laragon/www/kurikulum/vendor/laravel/framework/src/Illuminate/View/View.php(190): Illuminate/View/View->getContents()
#5 C:/laragon/www/kurikulum/vendor/laravel/framework/src/Illuminate/View/View.php(159): Illuminate/View/View->renderContents()
#6 C:/laragon/www/kurikulum/vendor/laravel/framework/src/Illuminate/Http/Response.php(69): Illuminate/View/View->render()
#7 C:/laragon/www/kurikulum/vendor/laravel/framework/src/Illuminate/Http/Response.php(35): Illuminate/Http/Response->setContent(Object(Illuminate/View/View))
#8 C:/laragon/www/kurikulum/vendor/laravel/framework/src/Illuminate/Routing/Router.php(918): Illuminate/Http/Response->__construct(Object(Illuminate/View/View), 200, Array)
#9 C:/laragon/www/kurikulum/vendor/laravel/framework/src/Illuminate/Routing/Router.php(885): Illuminate/Routing/Router::toResponse(Object(Illuminate/Http/Request), Object(Illuminate/View/View))
#10 C:/laragon/www/kurikulum/vendor/laravel/framework/src/Illuminate/Routing/Router.php(805): Illuminate/Routing/Router->prepareResponse(Object(Illuminate/Http/Request), Object(Illuminate/View/View))
#11 C:/laragon/www/kurikulum/vendor/laravel/framework/src/Illuminate/Pipeline/Pipeline.php(144): Illuminate/Routing/Router->Illuminate/Routing/{closure}(Object(Illuminate/Http/Request))
#12 C:/laragon/www/kurikulum/app/Http/Middleware/EnsureUserHasRole.php(23): Illuminate/Pipeline/Pipeline->Illuminate/Pipeline/{closure}(Object(Illuminate/Http/Request))
#13 C:/laragon/www/kurikulum/vendor/laravel/framework/src/Illuminate/Pipeline/Pipeline.php(183): App/Http/Middleware/EnsureUserHasRole->handle(Object(Illuminate/Http/Request), Object(Closure), 'admin', 'guru')
#14 C:/laragon/www/kurikulum/vendor/laravel/framework/src/Illuminate/Routing/Middleware/SubstituteBindings.php(50): Illuminate/Pipeline/Pipeline->Illuminate/Pipeline/{closure}(Object(Illuminate/Http/Request))
#15 C:/laragon/www/kurikulum/vendor/laravel/framework/src/Illuminate/Pipeline/Pipeline.php(183): Illuminate/Routing/Middleware/SubstituteBindings->handle(Object(Illuminate/Http/Request), Object(Closure))
#16 C:/laragon/www/kurikulum/vendor/laravel/framework/src/Illuminate/Auth/Middleware/Authenticate.php(57): Illuminate/Pipeline/Pipeline->Illuminate/Pipeline/{closure}(Object(Illuminate/Http/Request))
#17 C:/laragon/www/kurikulum/vendor/laravel/framework/src/Illuminate/Pipeline/Pipeline.php(183): Illuminate/Auth/Middleware/Authenticate->handle(Object(Illuminate/Http/Request), Object(Closure))
#18 C:/laragon/www/kurikulum/vendor/laravel/framework/src/Illuminate/Foundation/Http/Middleware/VerifyCsrfToken.php(78): Illuminate/Pipeline/Pipeline->Illuminate/Pipeline/{closure}(Object(Illuminate/Http/Request))
#19 C:/laragon/www/kurikulum/vendor/laravel/framework/src/Illuminate/Pipeline/Pipeline.php(183): Illuminate/Foundation/Http/Middleware/VerifyCsrfToken->handle(Object(Illuminate/Http/Request), Object(Closure))
#20 C:/laragon/www/kurikulum/vendor/laravel/framework/src/Illuminate/View/Middleware/ShareErrorsFromSession.php(49): Illuminate/Pipeline/Pipeline->Illuminate/Pipeline/{closure}(Object(Illuminate/Http/Request))
#21 C:/laragon/www/kurikulum/vendor/laravel/framework/src/Illuminate/Pipeline/Pipeline.php(183): Illuminate/View/Middleware/ShareErrorsFromSession->handle(Object(Illuminate/Http/Request), Object(Closure))
#22 C:/laragon/www/kurikulum/vendor/laravel/framework/src/Illuminate/Session/Middleware/StartSession.php(121): Illuminate/Pipeline/Pipeline->Illuminate/Pipeline/{closure}(Object(Illuminate/Http/Request))
#23 C:/laragon/www/kurikulum/vendor/laravel/framework/src/Illuminate/Session/Middleware/StartSession.php(64): Illuminate/Session/Middleware/StartSession->handleStatefulRequest(Object(Illuminate/Http/Request), Object(Illuminate/Session/Store), Object(Closure))
#24 C:/laragon/www/kurikulum/vendor/laravel/framework/src/Illuminate/Pipeline/Pipeline.php(183): Illuminate/Session/Middleware/StartSession->handle(Object(Illuminate/Http/Request), Object(Closure))
#25 C:/laragon/www/kurikulum/vendor/laravel/framework/src/Illuminate/Cookie/Middleware/AddQueuedCookiesToResponse.php(37): Illuminate/Pipeline/Pipeline->Illuminate/Pipeline/{closure}(Object(Illuminate/Http/Request))
#26 C:/laragon/www/kurikulum/vendor/laravel/framework/src/Illuminate/Pipeline/Pipeline.php(183): Illuminate/Cookie/Middleware/AddQueuedCookiesToResponse->handle(Object(Illuminate/Http/Request), Object(Closure))
#27 C:/laragon/www/kurikulum/vendor/laravel/framework/src/Illuminate/Cookie/Middleware/EncryptCookies.php(67): Illuminate/Pipeline/Pipeline->Illuminate/Pipeline/{closure}(Object(Illuminate/Http/Request))
#28 C:/laragon/www/kurikulum/vendor/laravel/framework/src/Illuminate/Pipeline/Pipeline.php(183): Illuminate/Cookie/Middleware/EncryptCookies->handle(Object(Illuminate/Http/Request), Object(Closure))
#29 C:/laragon/www/kurikulum/vendor/laravel/framework/src/Illuminate/Pipeline/Pipeline.php(119): Illuminate/Pipeline/Pipeline->Illuminate/Pipeline/{closure}(Object(Illuminate/Http/Request))
#30 C:/laragon/www/kurikulum/vendor/laravel/framework/src/Illuminate/Routing/Router.php(805): Illuminate/Pipeline/Pipeline->then(Object(Closure))
#31 C:/laragon/www/kurikulum/vendor/laravel/framework/src/Illuminate/Routing/Router.php(784): Illuminate/Routing/Router->runRouteWithinStack(Object(Illuminate/Routing/Route), Object(Illuminate/Http/Request))
#32 C:/laragon/www/kurikulum/vendor/laravel/framework/src/Illuminate/Routing/Router.php(748): Illuminate/Routing/Router->runRoute(Object(Illuminate/Http/Request), Object(Illuminate/Routing/Route))
#33 C:/laragon/www/kurikulum/vendor/laravel/framework/src/Illuminate/Routing/Router.php(737): Illuminate/Routing/Router->dispatchToRoute(Object(Illuminate/Http/Request))
#34 C:/laragon/www/kurikulum/vendor/laravel/framework/src/Illuminate/Foundation/Http/Kernel.php(200): Illuminate/Routing/Router->dispatch(Object(Illuminate/Http/Request))
#35 C:/laragon/www/kurikulum/vendor/laravel/framework/src/Illuminate/Pipeline/Pipeline.php(144): Illuminate/Foundation/Http/Kernel->Illuminate/Foundation/Http/{closure}(Object(Illuminate/Http/Request))
#36 C:/laragon/www/kurikulum/vendor/laravel/framework/src/Illuminate/Foundation/Http/Middleware/TransformsRequest.php(21): Illuminate/Pipeline/Pipeline->Illuminate/Pipeline/{closure}(Object(Illuminate/Http/Request))
#37 C:/laragon/www/kurikulum/vendor/laravel/framework/src/Illuminate/Foundation/Http/Middleware/ConvertEmptyStringsToNull.php(31): Illuminate/Foundation/Http/Middleware/TransformsRequest->handle(Object(Illuminate/Http/Request), Object(Closure))
#38 C:/laragon/www/kurikulum/vendor/laravel/framework/src/Illuminate/Pipeline/Pipeline.php(183): Illuminate/Foundation/Http/Middleware/ConvertEmptyStringsToNull->handle(Object(Illuminate/Http/Request), Object(Closure))
#39 C:/laragon/www/kurikulum/vendor/laravel/framework/src/Illuminate/Foundation/Http/Middleware/TransformsRequest.php(21): Illuminate/Pipeline/Pipeline->Illuminate/Pipeline/{closure}(Object(Illuminate/Http/Request))
#40 C:/laragon/www/kurikulum/vendor/laravel/framework/src/Illuminate/Foundation/Http/Middleware/TrimStrings.php(40): Illuminate/Foundation/Http/Middleware/TransformsRequest->handle(Object(Illuminate/Http/Request), Object(Closure))
#41 C:/laragon/www/kurikulum/vendor/laravel/framework/src/Illuminate/Pipeline/Pipeline.php(183): Illuminate/Foundation/Http/Middleware/TrimStrings->handle(Object(Illuminate/Http/Request), Object(Closure))
#42 C:/laragon/www/kurikulum/vendor/laravel/framework/src/Illuminate/Foundation/Http/Middleware/ValidatePostSize.php(27): Illuminate/Pipeline/Pipeline->Illuminate/Pipeline/{closure}(Object(Illuminate/Http/Request))
#43 C:/laragon/www/kurikulum/vendor/laravel/framework/src/Illuminate/Pipeline/Pipeline.php(183): Illuminate/Foundation/Http/Middleware/ValidatePostSize->handle(Object(Illuminate/Http/Request), Object(Closure))
#44 C:/laragon/www/kurikulum/vendor/laravel/framework/src/Illuminate/Foundation/Http/Middleware/PreventRequestsDuringMaintenance.php(99): Illuminate/Pipeline/Pipeline->Illuminate/Pipeline/{closure}(Object(Illuminate/Http/Request))
#45 C:/laragon/www/kurikulum/vendor/laravel/framework/src/Illuminate/Pipeline/Pipeline.php(183): Illuminate/Foundation/Http/Middleware/PreventRequestsDuringMaintenance->handle(Object(Illuminate/Http/Request), Object(Closure))
#46 C:/laragon/www/kurikulum/vendor/laravel/framework/src/Illuminate/Http/Middleware/HandleCors.php(49): Illuminate/Pipeline/Pipeline->Illuminate/Pipeline/{closure}(Object(Illuminate/Http/Request))
#47 C:/laragon/www/kurikulum/vendor/laravel/framework/src/Illuminate/Pipeline/Pipeline.php(183): Illuminate/Http/Middleware/HandleCors->handle(Object(Illuminate/Http/Request), Object(Closure))
#48 C:/laragon/www/kurikulum/vendor/laravel/framework/src/Illuminate/Http/Middleware/TrustProxies.php(39): Illuminate/Pipeline/Pipeline->Illuminate/Pipeline/{closure}(Object(Illuminate/Http/Request))
#49 C:/laragon/www/kurikulum/vendor/laravel/framework/src/Illuminate/Pipeline/Pipeline.php(183): Illuminate/Http/Middleware/TrustProxies->handle(Object(Illuminate/Http/Request), Object(Closure))
#50 C:/laragon/www/kurikulum/vendor/laravel/framework/src/Illuminate/Pipeline/Pipeline.php(119): Illuminate/Pipeline/Pipeline->Illuminate/Pipeline/{closure}(Object(Illuminate/Http/Request))
#51 C:/laragon/www/kurikulum/vendor/laravel/framework/src/Illuminate/Foundation/Http/Kernel.php(175): Illuminate/Pipeline/Pipeline->then(Object(Closure))
#52 C:/laragon/www/kurikulum/vendor/laravel/framework/src/Illuminate/Foundation/Http/Kernel.php(144): Illuminate/Foundation/Http/Kernel->sendRequestThroughRouter(Object(Illuminate/Http/Request))
#53 C:/Users/deasy/AppData/Local/Temp/claude/C--laragon-www-kurikulum/3da87171-a58e-497f-935f-452a8fdd4d0d/scratchpad/filter_check.php(34): Illuminate/Foundation/Http/Kernel->handle(Object(Illuminate/Http/Request))
#54 C:/Users/deasy/AppData/Local/Temp/claude/C--laragon-www-kurikulum/3da87171-a58e-497f-935f-452a8fdd4d0d/scratchpad/filter_check.php(52): ambil(Object(App/Http/Kernel), 'http://localhos...')
#55 C:/laragon/www/kurikulum/vendor/psy/psysh/src/Shell.php(841): include_once('C://Users//deasy//...')
#56 C:/laragon/www/kurikulum/vendor/psy/psysh/src/Shell.php(856): Psy/Shell->Psy/{closure}(Object(Psy/Shell))
#57 C:/laragon/www/kurikulum/vendor/psy/psysh/src/Shell.php(788): Psy/Shell->loadIncludes()
#58 C:/laragon/www/kurikulum/vendor/psy/psysh/src/Shell.php(716): Psy/Shell->doNonInteractiveRun(false)
#59 C:/laragon/www/kurikulum/vendor/symfony/console/Application.php(175): Psy/Shell->doRun(Object(Symfony/Component/Console/Input/ArrayInput), Object(Psy/Output/ShellOutput))
#60 C:/laragon/www/kurikulum/vendor/psy/psysh/src/Shell.php(684): Symfony/Component/Console/Application->run(Object(Symfony/Component/Console/Input/ArrayInput), Object(Psy/Output/ShellOutput))
#61 C:/laragon/www/kurikulum/vendor/laravel/tinker/src/Console/TinkerCommand.php(86): Psy/Shell->run()
#62 C:/laragon/www/kurikulum/vendor/laravel/framework/src/Illuminate/Container/BoundMethod.php(36): Laravel/Tinker/Console/TinkerCommand->handle()
#63 C:/laragon/www/kurikulum/vendor/laravel/framework/src/Illuminate/Container/Util.php(41): Illuminate/Container/BoundMethod::Illuminate/Container/{closure}()
#64 C:/laragon/www/kurikulum/vendor/laravel/framework/src/Illuminate/Container/BoundMethod.php(93): Illuminate/Container/Util::unwrapIfClosure(Object(Closure))
#65 C:/laragon/www/kurikulum/vendor/laravel/framework/src/Illuminate/Container/BoundMethod.php(35): Illuminate/Container/BoundMethod::callBoundMethod(Object(Illuminate/Foundation/Application), Array, Object(Closure))
#66 C:/laragon/www/kurikulum/vendor/laravel/framework/src/Illuminate/Container/Container.php(662): Illuminate/Container/BoundMethod::call(Object(Illuminate/Foundation/Application), Array, Array, NULL)
#67 C:/laragon/www/kurikulum/vendor/laravel/framework/src/Illuminate/Console/Command.php(211): Illuminate/Container/Container->call(Array)
#68 C:/laragon/www/kurikulum/vendor/symfony/console/Command/Command.php(326): Illuminate/Console/Command->execute(Object(Symfony/Component/Console/Input/ArgvInput), Object(Illuminate/Console/OutputStyle))
#69 C:/laragon/www/kurikulum/vendor/laravel/framework/src/Illuminate/Console/Command.php(180): Symfony/Component/Console/Command/Command->run(Object(Symfony/Component/Console/Input/ArgvInput), Object(Illuminate/Console/OutputStyle))
#70 C:/laragon/www/kurikulum/vendor/symfony/console/Application.php(1121): Illuminate/Console/Command->run(Object(Symfony/Component/Console/Input/ArgvInput), Object(Symfony/Component/Console/Output/ConsoleOutput))
#71 C:/laragon/www/kurikulum/vendor/symfony/console/Application.php(324): Symfony/Component/Console/Application->doRunCommand(Object(Laravel/Tinker/Console/TinkerCommand), Object(Symfony/Component/Console/Input/ArgvInput), Object(Symfony/Component/Console/Output/ConsoleOutput))
#72 C:/laragon/www/kurikulum/vendor/symfony/console/Application.php(175): Symfony/Component/Console/Application->doRun(Object(Symfony/Component/Console/Input/ArgvInput), Object(Symfony/Component/Console/Output/ConsoleOutput))
#73 C:/laragon/www/kurikulum/vendor/laravel/framework/src/Illuminate/Foundation/Console/Kernel.php(201): Symfony/Component/Console/Application->run(Object(Symfony/Component/Console/Input/ArgvInput), Object(Symfony/Component/Console/Output/ConsoleOutput))
#74 C:/laragon/www/kurikulum/artisan(14): Illuminate/Foundation/Console/Kernel->handle(Object(Symfony/Component/Console/Input/ArgvInput), Object(Symfony/Component/Console/Output/ConsoleOutput))
#75 {main}
"} 
[2026-08-17 18:30:52] local.ERROR: syntax error, unexpected token "endif", expecting end of file (View: C:\laragon\www\kurikulum\resources\views\crud\index.blade.php) {"userId":1,"exception":"[object] (Illuminate\\View\\ViewException(code: 0): syntax error, unexpected token \"endif\", expecting end of file (View: C:\\laragon\\www\\kurikulum\\resources\\views\\crud\\index.blade.php) at C:/laragon/www/kurikulum/storage/framework/views/dc0e3943d06065270ff26c9048b16a07.php:73)
[stacktrace]
#0 C:/laragon/www/kurikulum/vendor/laravel/framework/src/Illuminate/View/Engines/PhpEngine.php(60): Illuminate/View/Engines/CompilerEngine->handleViewException(Object(ParseError), 0)
#1 C:/laragon/www/kurikulum/vendor/laravel/framework/src/Illuminate/View/Engines/CompilerEngine.php(72): Illuminate/View/Engines/PhpEngine->evaluatePath('C://laragon//www//...', Array)
#2 C:/laragon/www/kurikulum/vendor/laravel/framework/src/Illuminate/View/View.php(207): Illuminate/View/Engines/CompilerEngine->get('C://laragon//www//...', Array)
#3 C:/laragon/www/kurikulum/vendor/laravel/framework/src/Illuminate/View/View.php(190): Illuminate/View/View->getContents()
#4 C:/laragon/www/kurikulum/vendor/laravel/framework/src/Illuminate/View/View.php(159): Illuminate/View/View->renderContents()
#5 C:/laragon/www/kurikulum/vendor/laravel/framework/src/Illuminate/Http/Response.php(69): Illuminate/View/View->render()
#6 C:/laragon/www/kurikulum/vendor/laravel/framework/src/Illuminate/Http/Response.php(35): Illuminate/Http/Response->setContent(Object(Illuminate/View/View))
#7 C:/laragon/www/kurikulum/vendor/laravel/framework/src/Illuminate/Routing/Router.php(918): Illuminate/Http/Response->__construct(Object(Illuminate/View/View), 200, Array)
#8 C:/laragon/www/kurikulum/vendor/laravel/framework/src/Illuminate/Routing/Router.php(885): Illuminate/Routing/Router::toResponse(Object(Illuminate/Http/Request), Object(Illuminate/View/View))
#9 C:/laragon/www/kurikulum/vendor/laravel/framework/src/Illuminate/Routing/Router.php(805): Illuminate/Routing/Router->prepareResponse(Object(Illuminate/Http/Request), Object(Illuminate/View/View))
#10 C:/laragon/www/kurikulum/vendor/laravel/framework/src/Illuminate/Pipeline/Pipeline.php(144): Illuminate/Routing/Router->Illuminate/Routing/{closure}(Object(Illuminate/Http/Request))
#11 C:/laragon/www/kurikulum/app/Http/Middleware/EnsureUserHasRole.php(23): Illuminate/Pipeline/Pipeline->Illuminate/Pipeline/{closure}(Object(Illuminate/Http/Request))
#12 C:/laragon/www/kurikulum/vendor/laravel/framework/src/Illuminate/Pipeline/Pipeline.php(183): App/Http/Middleware/EnsureUserHasRole->handle(Object(Illuminate/Http/Request), Object(Closure), 'admin', 'guru')
#13 C:/laragon/www/kurikulum/vendor/laravel/framework/src/Illuminate/Routing/Middleware/SubstituteBindings.php(50): Illuminate/Pipeline/Pipeline->Illuminate/Pipeline/{closure}(Object(Illuminate/Http/Request))
#14 C:/laragon/www/kurikulum/vendor/laravel/framework/src/Illuminate/Pipeline/Pipeline.php(183): Illuminate/Routing/Middleware/SubstituteBindings->handle(Object(Illuminate/Http/Request), Object(Closure))
#15 C:/laragon/www/kurikulum/vendor/laravel/framework/src/Illuminate/Auth/Middleware/Authenticate.php(57): Illuminate/Pipeline/Pipeline->Illuminate/Pipeline/{closure}(Object(Illuminate/Http/Request))
#16 C:/laragon/www/kurikulum/vendor/laravel/framework/src/Illuminate/Pipeline/Pipeline.php(183): Illuminate/Auth/Middleware/Authenticate->handle(Object(Illuminate/Http/Request), Object(Closure))
#17 C:/laragon/www/kurikulum/vendor/laravel/framework/src/Illuminate/Foundation/Http/Middleware/VerifyCsrfToken.php(78): Illuminate/Pipeline/Pipeline->Illuminate/Pipeline/{closure}(Object(Illuminate/Http/Request))
#18 C:/laragon/www/kurikulum/vendor/laravel/framework/src/Illuminate/Pipeline/Pipeline.php(183): Illuminate/Foundation/Http/Middleware/VerifyCsrfToken->handle(Object(Illuminate/Http/Request), Object(Closure))
#19 C:/laragon/www/kurikulum/vendor/laravel/framework/src/Illuminate/View/Middleware/ShareErrorsFromSession.php(49): Illuminate/Pipeline/Pipeline->Illuminate/Pipeline/{closure}(Object(Illuminate/Http/Request))
#20 C:/laragon/www/kurikulum/vendor/laravel/framework/src/Illuminate/Pipeline/Pipeline.php(183): Illuminate/View/Middleware/ShareErrorsFromSession->handle(Object(Illuminate/Http/Request), Object(Closure))
#21 C:/laragon/www/kurikulum/vendor/laravel/framework/src/Illuminate/Session/Middleware/StartSession.php(121): Illuminate/Pipeline/Pipeline->Illuminate/Pipeline/{closure}(Object(Illuminate/Http/Request))
#22 C:/laragon/www/kurikulum/vendor/laravel/framework/src/Illuminate/Session/Middleware/StartSession.php(64): Illuminate/Session/Middleware/StartSession->handleStatefulRequest(Object(Illuminate/Http/Request), Object(Illuminate/Session/Store), Object(Closure))
#23 C:/laragon/www/kurikulum/vendor/laravel/framework/src/Illuminate/Pipeline/Pipeline.php(183): Illuminate/Session/Middleware/StartSession->handle(Object(Illuminate/Http/Request), Object(Closure))
#24 C:/laragon/www/kurikulum/vendor/laravel/framework/src/Illuminate/Cookie/Middleware/AddQueuedCookiesToResponse.php(37): Illuminate/Pipeline/Pipeline->Illuminate/Pipeline/{closure}(Object(Illuminate/Http/Request))
#25 C:/laragon/www/kurikulum/vendor/laravel/framework/src/Illuminate/Pipeline/Pipeline.php(183): Illuminate/Cookie/Middleware/AddQueuedCookiesToResponse->handle(Object(Illuminate/Http/Request), Object(Closure))
#26 C:/laragon/www/kurikulum/vendor/laravel/framework/src/Illuminate/Cookie/Middleware/EncryptCookies.php(67): Illuminate/Pipeline/Pipeline->Illuminate/Pipeline/{closure}(Object(Illuminate/Http/Request))
#27 C:/laragon/www/kurikulum/vendor/laravel/framework/src/Illuminate/Pipeline/Pipeline.php(183): Illuminate/Cookie/Middleware/EncryptCookies->handle(Object(Illuminate/Http/Request), Object(Closure))
#28 C:/laragon/www/kurikulum/vendor/laravel/framework/src/Illuminate/Pipeline/Pipeline.php(119): Illuminate/Pipeline/Pipeline->Illuminate/Pipeline/{closure}(Object(Illuminate/Http/Request))
#29 C:/laragon/www/kurikulum/vendor/laravel/framework/src/Illuminate/Routing/Router.php(805): Illuminate/Pipeline/Pipeline->then(Object(Closure))
#30 C:/laragon/www/kurikulum/vendor/laravel/framework/src/Illuminate/Routing/Router.php(784): Illuminate/Routing/Router->runRouteWithinStack(Object(Illuminate/Routing/Route), Object(Illuminate/Http/Request))
#31 C:/laragon/www/kurikulum/vendor/laravel/framework/src/Illuminate/Routing/Router.php(748): Illuminate/Routing/Router->runRoute(Object(Illuminate/Http/Request), Object(Illuminate/Routing/Route))
#32 C:/laragon/www/kurikulum/vendor/laravel/framework/src/Illuminate/Routing/Router.php(737): Illuminate/Routing/Router->dispatchToRoute(Object(Illuminate/Http/Request))
#33 C:/laragon/www/kurikulum/vendor/laravel/framework/src/Illuminate/Foundation/Http/Kernel.php(200): Illuminate/Routing/Router->dispatch(Object(Illuminate/Http/Request))
#34 C:/laragon/www/kurikulum/vendor/laravel/framework/src/Illuminate/Pipeline/Pipeline.php(144): Illuminate/Foundation/Http/Kernel->Illuminate/Foundation/Http/{closure}(Object(Illuminate/Http/Request))
#35 C:/laragon/www/kurikulum/vendor/laravel/framework/src/Illuminate/Foundation/Http/Middleware/TransformsRequest.php(21): Illuminate/Pipeline/Pipeline->Illuminate/Pipeline/{closure}(Object(Illuminate/Http/Request))
#36 C:/laragon/www/kurikulum/vendor/laravel/framework/src/Illuminate/Foundation/Http/Middleware/ConvertEmptyStringsToNull.php(31): Illuminate/Foundation/Http/Middleware/TransformsRequest->handle(Object(Illuminate/Http/Request), Object(Closure))
#37 C:/laragon/www/kurikulum/vendor/laravel/framework/src/Illuminate/Pipeline/Pipeline.php(183): Illuminate/Foundation/Http/Middleware/ConvertEmptyStringsToNull->handle(Object(Illuminate/Http/Request), Object(Closure))
#38 C:/laragon/www/kurikulum/vendor/laravel/framework/src/Illuminate/Foundation/Http/Middleware/TransformsRequest.php(21): Illuminate/Pipeline/Pipeline->Illuminate/Pipeline/{closure}(Object(Illuminate/Http/Request))
#39 C:/laragon/www/kurikulum/vendor/laravel/framework/src/Illuminate/Foundation/Http/Middleware/TrimStrings.php(40): Illuminate/Foundation/Http/Middleware/TransformsRequest->handle(Object(Illuminate/Http/Request), Object(Closure))
#40 C:/laragon/www/kurikulum/vendor/laravel/framework/src/Illuminate/Pipeline/Pipeline.php(183): Illuminate/Foundation/Http/Middleware/TrimStrings->handle(Object(Illuminate/Http/Request), Object(Closure))
#41 C:/laragon/www/kurikulum/vendor/laravel/framework/src/Illuminate/Foundation/Http/Middleware/ValidatePostSize.php(27): Illuminate/Pipeline/Pipeline->Illuminate/Pipeline/{closure}(Object(Illuminate/Http/Request))
#42 C:/laragon/www/kurikulum/vendor/laravel/framework/src/Illuminate/Pipeline/Pipeline.php(183): Illuminate/Foundation/Http/Middleware/ValidatePostSize->handle(Object(Illuminate/Http/Request), Object(Closure))
#43 C:/laragon/www/kurikulum/vendor/laravel/framework/src/Illuminate/Foundation/Http/Middleware/PreventRequestsDuringMaintenance.php(99): Illuminate/Pipeline/Pipeline->Illuminate/Pipeline/{closure}(Object(Illuminate/Http/Request))
#44 C:/laragon/www/kurikulum/vendor/laravel/framework/src/Illuminate/Pipeline/Pipeline.php(183): Illuminate/Foundation/Http/Middleware/PreventRequestsDuringMaintenance->handle(Object(Illuminate/Http/Request), Object(Closure))
#45 C:/laragon/www/kurikulum/vendor/laravel/framework/src/Illuminate/Http/Middleware/HandleCors.php(49): Illuminate/Pipeline/Pipeline->Illuminate/Pipeline/{closure}(Object(Illuminate/Http/Request))
#46 C:/laragon/www/kurikulum/vendor/laravel/framework/src/Illuminate/Pipeline/Pipeline.php(183): Illuminate/Http/Middleware/HandleCors->handle(Object(Illuminate/Http/Request), Object(Closure))
#47 C:/laragon/www/kurikulum/vendor/laravel/framework/src/Illuminate/Http/Middleware/TrustProxies.php(39): Illuminate/Pipeline/Pipeline->Illuminate/Pipeline/{closure}(Object(Illuminate/Http/Request))
#48 C:/laragon/www/kurikulum/vendor/laravel/framework/src/Illuminate/Pipeline/Pipeline.php(183): Illuminate/Http/Middleware/TrustProxies->handle(Object(Illuminate/Http/Request), Object(Closure))
#49 C:/laragon/www/kurikulum/vendor/laravel/framework/src/Illuminate/Pipeline/Pipeline.php(119): Illuminate/Pipeline/Pipeline->Illuminate/Pipeline/{closure}(Object(Illuminate/Http/Request))
#50 C:/laragon/www/kurikulum/vendor/laravel/framework/src/Illuminate/Foundation/Http/Kernel.php(175): Illuminate/Pipeline/Pipeline->then(Object(Closure))
#51 C:/laragon/www/kurikulum/vendor/laravel/framework/src/Illuminate/Foundation/Http/Kernel.php(144): Illuminate/Foundation/Http/Kernel->sendRequestThroughRouter(Object(Illuminate/Http/Request))
#52 C:/Users/deasy/AppData/Local/Temp/claude/C--laragon-www-kurikulum/3da87171-a58e-497f-935f-452a8fdd4d0d/scratchpad/filter_check.php(34): Illuminate/Foundation/Http/Kernel->handle(Object(Illuminate/Http/Request))
#53 C:/Users/deasy/AppData/Local/Temp/claude/C--laragon-www-kurikulum/3da87171-a58e-497f-935f-452a8fdd4d0d/scratchpad/filter_check.php(62): ambil(Object(App/Http/Kernel), 'http://localhos...')
#54 C:/laragon/www/kurikulum/vendor/psy/psysh/src/Shell.php(841): include_once('C://Users//deasy//...')
#55 C:/laragon/www/kurikulum/vendor/psy/psysh/src/Shell.php(856): Psy/Shell->Psy/{closure}(Object(Psy/Shell))
#56 C:/laragon/www/kurikulum/vendor/psy/psysh/src/Shell.php(788): Psy/Shell->loadIncludes()
#57 C:/laragon/www/kurikulum/vendor/psy/psysh/src/Shell.php(716): Psy/Shell->doNonInteractiveRun(false)
#58 C:/laragon/www/kurikulum/vendor/symfony/console/Application.php(175): Psy/Shell->doRun(Object(Symfony/Component/Console/Input/ArrayInput), Object(Psy/Output/ShellOutput))
#59 C:/laragon/www/kurikulum/vendor/psy/psysh/src/Shell.php(684): Symfony/Component/Console/Application->run(Object(Symfony/Component/Console/Input/ArrayInput), Object(Psy/Output/ShellOutput))
#60 C:/laragon/www/kurikulum/vendor/laravel/tinker/src/Console/TinkerCommand.php(86): Psy/Shell->run()
#61 C:/laragon/www/kurikulum/vendor/laravel/framework/src/Illuminate/Container/BoundMethod.php(36): Laravel/Tinker/Console/TinkerCommand->handle()
#62 C:/laragon/www/kurikulum/vendor/laravel/framework/src/Illuminate/Container/Util.php(41): Illuminate/Container/BoundMethod::Illuminate/Container/{closure}()
#63 C:/laragon/www/kurikulum/vendor/laravel/framework/src/Illuminate/Container/BoundMethod.php(93): Illuminate/Container/Util::unwrapIfClosure(Object(Closure))
#64 C:/laragon/www/kurikulum/vendor/laravel/framework/src/Illuminate/Container/BoundMethod.php(35): Illuminate/Container/BoundMethod::callBoundMethod(Object(Illuminate/Foundation/Application), Array, Object(Closure))
#65 C:/laragon/www/kurikulum/vendor/laravel/framework/src/Illuminate/Container/Container.php(662): Illuminate/Container/BoundMethod::call(Object(Illuminate/Foundation/Application), Array, Array, NULL)
#66 C:/laragon/www/kurikulum/vendor/laravel/framework/src/Illuminate/Console/Command.php(211): Illuminate/Container/Container->call(Array)
#67 C:/laragon/www/kurikulum/vendor/symfony/console/Command/Command.php(326): Illuminate/Console/Command->execute(Object(Symfony/Component/Console/Input/ArgvInput), Object(Illuminate/Console/OutputStyle))
#68 C:/laragon/www/kurikulum/vendor/laravel/framework/src/Illuminate/Console/Command.php(180): Symfony/Component/Console/Command/Command->run(Object(Symfony/Component/Console/Input/ArgvInput), Object(Illuminate/Console/OutputStyle))
#69 C:/laragon/www/kurikulum/vendor/symfony/console/Application.php(1121): Illuminate/Console/Command->run(Object(Symfony/Component/Console/Input/ArgvInput), Object(Symfony/Component/Console/Output/ConsoleOutput))
#70 C:/laragon/www/kurikulum/vendor/symfony/console/Application.php(324): Symfony/Component/Console/Application->doRunCommand(Object(Laravel/Tinker/Console/TinkerCommand), Object(Symfony/Component/Console/Input/ArgvInput), Object(Symfony/Component/Console/Output/ConsoleOutput))
#71 C:/laragon/www/kurikulum/vendor/symfony/console/Application.php(175): Symfony/Component/Console/Application->doRun(Object(Symfony/Component/Console/Input/ArgvInput), Object(Symfony/Component/Console/Output/ConsoleOutput))
#72 C:/laragon/www/kurikulum/vendor/laravel/framework/src/Illuminate/Foundation/Console/Kernel.php(201): Symfony/Component/Console/Application->run(Object(Symfony/Component/Console/Input/ArgvInput), Object(Symfony/Component/Console/Output/ConsoleOutput))
#73 C:/laragon/www/kurikulum/artisan(14): Illuminate/Foundation/Console/Kernel->handle(Object(Symfony/Component/Console/Input/ArgvInput), Object(Symfony/Component/Console/Output/ConsoleOutput))
#74 {main}

[previous exception] [object] (ParseError(code: 0): syntax error, unexpected token \"endif\", expecting end of file at C:/laragon/www/kurikulum/storage/framework/views/dc0e3943d06065270ff26c9048b16a07.php:73)
[stacktrace]
#0 C:/laragon/www/kurikulum/vendor/laravel/framework/src/Illuminate/Filesystem/Filesystem.php(124): Illuminate/Filesystem/Filesystem::Illuminate/Filesystem/{closure}()
#1 C:/laragon/www/kurikulum/vendor/laravel/framework/src/Illuminate/View/Engines/PhpEngine.php(58): Illuminate/Filesystem/Filesystem->getRequire('C://laragon//www//...', Array)
#2 C:/laragon/www/kurikulum/vendor/laravel/framework/src/Illuminate/View/Engines/CompilerEngine.php(72): Illuminate/View/Engines/PhpEngine->evaluatePath('C://laragon//www//...', Array)
#3 C:/laragon/www/kurikulum/vendor/laravel/framework/src/Illuminate/View/View.php(207): Illuminate/View/Engines/CompilerEngine->get('C://laragon//www//...', Array)
#4 C:/laragon/www/kurikulum/vendor/laravel/framework/src/Illuminate/View/View.php(190): Illuminate/View/View->getContents()
#5 C:/laragon/www/kurikulum/vendor/laravel/framework/src/Illuminate/View/View.php(159): Illuminate/View/View->renderContents()
#6 C:/laragon/www/kurikulum/vendor/laravel/framework/src/Illuminate/Http/Response.php(69): Illuminate/View/View->render()
#7 C:/laragon/www/kurikulum/vendor/laravel/framework/src/Illuminate/Http/Response.php(35): Illuminate/Http/Response->setContent(Object(Illuminate/View/View))
#8 C:/laragon/www/kurikulum/vendor/laravel/framework/src/Illuminate/Routing/Router.php(918): Illuminate/Http/Response->__construct(Object(Illuminate/View/View), 200, Array)
#9 C:/laragon/www/kurikulum/vendor/laravel/framework/src/Illuminate/Routing/Router.php(885): Illuminate/Routing/Router::toResponse(Object(Illuminate/Http/Request), Object(Illuminate/View/View))
#10 C:/laragon/www/kurikulum/vendor/laravel/framework/src/Illuminate/Routing/Router.php(805): Illuminate/Routing/Router->prepareResponse(Object(Illuminate/Http/Request), Object(Illuminate/View/View))
#11 C:/laragon/www/kurikulum/vendor/laravel/framework/src/Illuminate/Pipeline/Pipeline.php(144): Illuminate/Routing/Router->Illuminate/Routing/{closure}(Object(Illuminate/Http/Request))
#12 C:/laragon/www/kurikulum/app/Http/Middleware/EnsureUserHasRole.php(23): Illuminate/Pipeline/Pipeline->Illuminate/Pipeline/{closure}(Object(Illuminate/Http/Request))
#13 C:/laragon/www/kurikulum/vendor/laravel/framework/src/Illuminate/Pipeline/Pipeline.php(183): App/Http/Middleware/EnsureUserHasRole->handle(Object(Illuminate/Http/Request), Object(Closure), 'admin', 'guru')
#14 C:/laragon/www/kurikulum/vendor/laravel/framework/src/Illuminate/Routing/Middleware/SubstituteBindings.php(50): Illuminate/Pipeline/Pipeline->Illuminate/Pipeline/{closure}(Object(Illuminate/Http/Request))
#15 C:/laragon/www/kurikulum/vendor/laravel/framework/src/Illuminate/Pipeline/Pipeline.php(183): Illuminate/Routing/Middleware/SubstituteBindings->handle(Object(Illuminate/Http/Request), Object(Closure))
#16 C:/laragon/www/kurikulum/vendor/laravel/framework/src/Illuminate/Auth/Middleware/Authenticate.php(57): Illuminate/Pipeline/Pipeline->Illuminate/Pipeline/{closure}(Object(Illuminate/Http/Request))
#17 C:/laragon/www/kurikulum/vendor/laravel/framework/src/Illuminate/Pipeline/Pipeline.php(183): Illuminate/Auth/Middleware/Authenticate->handle(Object(Illuminate/Http/Request), Object(Closure))
#18 C:/laragon/www/kurikulum/vendor/laravel/framework/src/Illuminate/Foundation/Http/Middleware/VerifyCsrfToken.php(78): Illuminate/Pipeline/Pipeline->Illuminate/Pipeline/{closure}(Object(Illuminate/Http/Request))
#19 C:/laragon/www/kurikulum/vendor/laravel/framework/src/Illuminate/Pipeline/Pipeline.php(183): Illuminate/Foundation/Http/Middleware/VerifyCsrfToken->handle(Object(Illuminate/Http/Request), Object(Closure))
#20 C:/laragon/www/kurikulum/vendor/laravel/framework/src/Illuminate/View/Middleware/ShareErrorsFromSession.php(49): Illuminate/Pipeline/Pipeline->Illuminate/Pipeline/{closure}(Object(Illuminate/Http/Request))
#21 C:/laragon/www/kurikulum/vendor/laravel/framework/src/Illuminate/Pipeline/Pipeline.php(183): Illuminate/View/Middleware/ShareErrorsFromSession->handle(Object(Illuminate/Http/Request), Object(Closure))
#22 C:/laragon/www/kurikulum/vendor/laravel/framework/src/Illuminate/Session/Middleware/StartSession.php(121): Illuminate/Pipeline/Pipeline->Illuminate/Pipeline/{closure}(Object(Illuminate/Http/Request))
#23 C:/laragon/www/kurikulum/vendor/laravel/framework/src/Illuminate/Session/Middleware/StartSession.php(64): Illuminate/Session/Middleware/StartSession->handleStatefulRequest(Object(Illuminate/Http/Request), Object(Illuminate/Session/Store), Object(Closure))
#24 C:/laragon/www/kurikulum/vendor/laravel/framework/src/Illuminate/Pipeline/Pipeline.php(183): Illuminate/Session/Middleware/StartSession->handle(Object(Illuminate/Http/Request), Object(Closure))
#25 C:/laragon/www/kurikulum/vendor/laravel/framework/src/Illuminate/Cookie/Middleware/AddQueuedCookiesToResponse.php(37): Illuminate/Pipeline/Pipeline->Illuminate/Pipeline/{closure}(Object(Illuminate/Http/Request))
#26 C:/laragon/www/kurikulum/vendor/laravel/framework/src/Illuminate/Pipeline/Pipeline.php(183): Illuminate/Cookie/Middleware/AddQueuedCookiesToResponse->handle(Object(Illuminate/Http/Request), Object(Closure))
#27 C:/laragon/www/kurikulum/vendor/laravel/framework/src/Illuminate/Cookie/Middleware/EncryptCookies.php(67): Illuminate/Pipeline/Pipeline->Illuminate/Pipeline/{closure}(Object(Illuminate/Http/Request))
#28 C:/laragon/www/kurikulum/vendor/laravel/framework/src/Illuminate/Pipeline/Pipeline.php(183): Illuminate/Cookie/Middleware/EncryptCookies->handle(Object(Illuminate/Http/Request), Object(Closure))
#29 C:/laragon/www/kurikulum/vendor/laravel/framework/src/Illuminate/Pipeline/Pipeline.php(119): Illuminate/Pipeline/Pipeline->Illuminate/Pipeline/{closure}(Object(Illuminate/Http/Request))
#30 C:/laragon/www/kurikulum/vendor/laravel/framework/src/Illuminate/Routing/Router.php(805): Illuminate/Pipeline/Pipeline->then(Object(Closure))
#31 C:/laragon/www/kurikulum/vendor/laravel/framework/src/Illuminate/Routing/Router.php(784): Illuminate/Routing/Router->runRouteWithinStack(Object(Illuminate/Routing/Route), Object(Illuminate/Http/Request))
#32 C:/laragon/www/kurikulum/vendor/laravel/framework/src/Illuminate/Routing/Router.php(748): Illuminate/Routing/Router->runRoute(Object(Illuminate/Http/Request), Object(Illuminate/Routing/Route))
#33 C:/laragon/www/kurikulum/vendor/laravel/framework/src/Illuminate/Routing/Router.php(737): Illuminate/Routing/Router->dispatchToRoute(Object(Illuminate/Http/Request))
#34 C:/laragon/www/kurikulum/vendor/laravel/framework/src/Illuminate/Foundation/Http/Kernel.php(200): Illuminate/Routing/Router->dispatch(Object(Illuminate/Http/Request))
#35 C:/laragon/www/kurikulum/vendor/laravel/framework/src/Illuminate/Pipeline/Pipeline.php(144): Illuminate/Foundation/Http/Kernel->Illuminate/Foundation/Http/{closure}(Object(Illuminate/Http/Request))
#36 C:/laragon/www/kurikulum/vendor/laravel/framework/src/Illuminate/Foundation/Http/Middleware/TransformsRequest.php(21): Illuminate/Pipeline/Pipeline->Illuminate/Pipeline/{closure}(Object(Illuminate/Http/Request))
#37 C:/laragon/www/kurikulum/vendor/laravel/framework/src/Illuminate/Foundation/Http/Middleware/ConvertEmptyStringsToNull.php(31): Illuminate/Foundation/Http/Middleware/TransformsRequest->handle(Object(Illuminate/Http/Request), Object(Closure))
#38 C:/laragon/www/kurikulum/vendor/laravel/framework/src/Illuminate/Pipeline/Pipeline.php(183): Illuminate/Foundation/Http/Middleware/ConvertEmptyStringsToNull->handle(Object(Illuminate/Http/Request), Object(Closure))
#39 C:/laragon/www/kurikulum/vendor/laravel/framework/src/Illuminate/Foundation/Http/Middleware/TransformsRequest.php(21): Illuminate/Pipeline/Pipeline->Illuminate/Pipeline/{closure}(Object(Illuminate/Http/Request))
#40 C:/laragon/www/kurikulum/vendor/laravel/framework/src/Illuminate/Foundation/Http/Middleware/TrimStrings.php(40): Illuminate/Foundation/Http/Middleware/TransformsRequest->handle(Object(Illuminate/Http/Request), Object(Closure))
#41 C:/laragon/www/kurikulum/vendor/laravel/framework/src/Illuminate/Pipeline/Pipeline.php(183): Illuminate/Foundation/Http/Middleware/TrimStrings->handle(Object(Illuminate/Http/Request), Object(Closure))
#42 C:/laragon/www/kurikulum/vendor/laravel/framework/src/Illuminate/Foundation/Http/Middleware/ValidatePostSize.php(27): Illuminate/Pipeline/Pipeline->Illuminate/Pipeline/{closure}(Object(Illuminate/Http/Request))
#43 C:/laragon/www/kurikulum/vendor/laravel/framework/src/Illuminate/Pipeline/Pipeline.php(183): Illuminate/Foundation/Http/Middleware/ValidatePostSize->handle(Object(Illuminate/Http/Request), Object(Closure))
#44 C:/laragon/www/kurikulum/vendor/laravel/framework/src/Illuminate/Foundation/Http/Middleware/PreventRequestsDuringMaintenance.php(99): Illuminate/Pipeline/Pipeline->Illuminate/Pipeline/{closure}(Object(Illuminate/Http/Request))
#45 C:/laragon/www/kurikulum/vendor/laravel/framework/src/Illuminate/Pipeline/Pipeline.php(183): Illuminate/Foundation/Http/Middleware/PreventRequestsDuringMaintenance->handle(Object(Illuminate/Http/Request), Object(Closure))
#46 C:/laragon/www/kurikulum/vendor/laravel/framework/src/Illuminate/Http/Middleware/HandleCors.php(49): Illuminate/Pipeline/Pipeline->Illuminate/Pipeline/{closure}(Object(Illuminate/Http/Request))
#47 C:/laragon/www/kurikulum/vendor/laravel/framework/src/Illuminate/Pipeline/Pipeline.php(183): Illuminate/Http/Middleware/HandleCors->handle(Object(Illuminate/Http/Request), Object(Closure))
#48 C:/laragon/www/kurikulum/vendor/laravel/framework/src/Illuminate/Http/Middleware/TrustProxies.php(39): Illuminate/Pipeline/Pipeline->Illuminate/Pipeline/{closure}(Object(Illuminate/Http/Request))
#49 C:/laragon/www/kurikulum/vendor/laravel/framework/src/Illuminate/Pipeline/Pipeline.php(183): Illuminate/Http/Middleware/TrustProxies->handle(Object(Illuminate/Http/Request), Object(Closure))
#50 C:/laragon/www/kurikulum/vendor/laravel/framework/src/Illuminate/Pipeline/Pipeline.php(119): Illuminate/Pipeline/Pipeline->Illuminate/Pipeline/{closure}(Object(Illuminate/Http/Request))
#51 C:/laragon/www/kurikulum/vendor/laravel/framework/src/Illuminate/Foundation/Http/Kernel.php(175): Illuminate/Pipeline/Pipeline->then(Object(Closure))
#52 C:/laragon/www/kurikulum/vendor/laravel/framework/src/Illuminate/Foundation/Http/Kernel.php(144): Illuminate/Foundation/Http/Kernel->sendRequestThroughRouter(Object(Illuminate/Http/Request))
#53 C:/Users/deasy/AppData/Local/Temp/claude/C--laragon-www-kurikulum/3da87171-a58e-497f-935f-452a8fdd4d0d/scratchpad/filter_check.php(34): Illuminate/Foundation/Http/Kernel->handle(Object(Illuminate/Http/Request))
#54 C:/Users/deasy/AppData/Local/Temp/claude/C--laragon-www-kurikulum/3da87171-a58e-497f-935f-452a8fdd4d0d/scratchpad/filter_check.php(62): ambil(Object(App/Http/Kernel), 'http://localhos...')
#55 C:/laragon/www/kurikulum/vendor/psy/psysh/src/Shell.php(841): include_once('C://Users//deasy//...')
#56 C:/laragon/www/kurikulum/vendor/psy/psysh/src/Shell.php(856): Psy/Shell->Psy/{closure}(Object(Psy/Shell))
#57 C:/laragon/www/kurikulum/vendor/psy/psysh/src/Shell.php(788): Psy/Shell->loadIncludes()
#58 C:/laragon/www/kurikulum/vendor/psy/psysh/src/Shell.php(716): Psy/Shell->doNonInteractiveRun(false)
#59 C:/laragon/www/kurikulum/vendor/symfony/console/Application.php(175): Psy/Shell->doRun(Object(Symfony/Component/Console/Input/ArrayInput), Object(Psy/Output/ShellOutput))
#60 C:/laragon/www/kurikulum/vendor/psy/psysh/src/Shell.php(684): Symfony/Component/Console/Application->run(Object(Symfony/Component/Console/Input/ArrayInput), Object(Psy/Output/ShellOutput))
#61 C:/laragon/www/kurikulum/vendor/laravel/tinker/src/Console/TinkerCommand.php(86): Psy/Shell->run()
#62 C:/laragon/www/kurikulum/vendor/laravel/framework/src/Illuminate/Container/BoundMethod.php(36): Laravel/Tinker/Console/TinkerCommand->handle()
#63 C:/laragon/www/kurikulum/vendor/laravel/framework/src/Illuminate/Container/Util.php(41): Illuminate/Container/BoundMethod::Illuminate/Container/{closure}()
#64 C:/laragon/www/kurikulum/vendor/laravel/framework/src/Illuminate/Container/BoundMethod.php(93): Illuminate/Container/Util::unwrapIfClosure(Object(Closure))
#65 C:/laragon/www/kurikulum/vendor/laravel/framework/src/Illuminate/Container/BoundMethod.php(35): Illuminate/Container/BoundMethod::callBoundMethod(Object(Illuminate/Foundation/Application), Array, Object(Closure))
#66 C:/laragon/www/kurikulum/vendor/laravel/framework/src/Illuminate/Container/Container.php(662): Illuminate/Container/BoundMethod::call(Object(Illuminate/Foundation/Application), Array, Array, NULL)
#67 C:/laragon/www/kurikulum/vendor/laravel/framework/src/Illuminate/Console/Command.php(211): Illuminate/Container/Container->call(Array)
#68 C:/laragon/www/kurikulum/vendor/symfony/console/Command/Command.php(326): Illuminate/Console/Command->execute(Object(Symfony/Component/Console/Input/ArgvInput), Object(Illuminate/Console/OutputStyle))
#69 C:/laragon/www/kurikulum/vendor/laravel/framework/src/Illuminate/Console/Command.php(180): Symfony/Component/Console/Command/Command->run(Object(Symfony/Component/Console/Input/ArgvInput), Object(Illuminate/Console/OutputStyle))
#70 C:/laragon/www/kurikulum/vendor/symfony/console/Application.php(1121): Illuminate/Console/Command->run(Object(Symfony/Component/Console/Input/ArgvInput), Object(Symfony/Component/Console/Output/ConsoleOutput))
#71 C:/laragon/www/kurikulum/vendor/symfony/console/Application.php(324): Symfony/Component/Console/Application->doRunCommand(Object(Laravel/Tinker/Console/TinkerCommand), Object(Symfony/Component/Console/Input/ArgvInput), Object(Symfony/Component/Console/Output/ConsoleOutput))
#72 C:/laragon/www/kurikulum/vendor/symfony/console/Application.php(175): Symfony/Component/Console/Application->doRun(Object(Symfony/Component/Console/Input/ArgvInput), Object(Symfony/Component/Console/Output/ConsoleOutput))
#73 C:/laragon/www/kurikulum/vendor/laravel/framework/src/Illuminate/Foundation/Console/Kernel.php(201): Symfony/Component/Console/Application->run(Object(Symfony/Component/Console/Input/ArgvInput), Object(Symfony/Component/Console/Output/ConsoleOutput))
#74 C:/laragon/www/kurikulum/artisan(14): Illuminate/Foundation/Console/Kernel->handle(Object(Symfony/Component/Console/Input/ArgvInput), Object(Symfony/Component/Console/Output/ConsoleOutput))
#75 {main}
"} 
[2026-08-17 18:31:14] local.ERROR: syntax error, unexpected token "endif", expecting end of file (View: C:\laragon\www\kurikulum\resources\views\crud\index.blade.php) {"userId":1,"exception":"[object] (Illuminate\\View\\ViewException(code: 0): syntax error, unexpected token \"endif\", expecting end of file (View: C:\\laragon\\www\\kurikulum\\resources\\views\\crud\\index.blade.php) at C:/laragon/www/kurikulum/storage/framework/views/dc0e3943d06065270ff26c9048b16a07.php:73)
[stacktrace]
#0 C:/laragon/www/kurikulum/vendor/laravel/framework/src/Illuminate/View/Engines/PhpEngine.php(60): Illuminate/View/Engines/CompilerEngine->handleViewException(Object(ParseError), 0)
#1 C:/laragon/www/kurikulum/vendor/laravel/framework/src/Illuminate/View/Engines/CompilerEngine.php(72): Illuminate/View/Engines/PhpEngine->evaluatePath('C://laragon//www//...', Array)
#2 C:/laragon/www/kurikulum/vendor/laravel/framework/src/Illuminate/View/View.php(207): Illuminate/View/Engines/CompilerEngine->get('C://laragon//www//...', Array)
#3 C:/laragon/www/kurikulum/vendor/laravel/framework/src/Illuminate/View/View.php(190): Illuminate/View/View->getContents()
#4 C:/laragon/www/kurikulum/vendor/laravel/framework/src/Illuminate/View/View.php(159): Illuminate/View/View->renderContents()
#5 C:/laragon/www/kurikulum/vendor/laravel/framework/src/Illuminate/Http/Response.php(69): Illuminate/View/View->render()
#6 C:/laragon/www/kurikulum/vendor/laravel/framework/src/Illuminate/Http/Response.php(35): Illuminate/Http/Response->setContent(Object(Illuminate/View/View))
#7 C:/laragon/www/kurikulum/vendor/laravel/framework/src/Illuminate/Routing/Router.php(918): Illuminate/Http/Response->__construct(Object(Illuminate/View/View), 200, Array)
#8 C:/laragon/www/kurikulum/vendor/laravel/framework/src/Illuminate/Routing/Router.php(885): Illuminate/Routing/Router::toResponse(Object(Illuminate/Http/Request), Object(Illuminate/View/View))
#9 C:/laragon/www/kurikulum/vendor/laravel/framework/src/Illuminate/Routing/Router.php(805): Illuminate/Routing/Router->prepareResponse(Object(Illuminate/Http/Request), Object(Illuminate/View/View))
#10 C:/laragon/www/kurikulum/vendor/laravel/framework/src/Illuminate/Pipeline/Pipeline.php(144): Illuminate/Routing/Router->Illuminate/Routing/{closure}(Object(Illuminate/Http/Request))
#11 C:/laragon/www/kurikulum/app/Http/Middleware/EnsureUserHasRole.php(23): Illuminate/Pipeline/Pipeline->Illuminate/Pipeline/{closure}(Object(Illuminate/Http/Request))
#12 C:/laragon/www/kurikulum/vendor/laravel/framework/src/Illuminate/Pipeline/Pipeline.php(183): App/Http/Middleware/EnsureUserHasRole->handle(Object(Illuminate/Http/Request), Object(Closure), 'admin', 'guru')
#13 C:/laragon/www/kurikulum/vendor/laravel/framework/src/Illuminate/Routing/Middleware/SubstituteBindings.php(50): Illuminate/Pipeline/Pipeline->Illuminate/Pipeline/{closure}(Object(Illuminate/Http/Request))
#14 C:/laragon/www/kurikulum/vendor/laravel/framework/src/Illuminate/Pipeline/Pipeline.php(183): Illuminate/Routing/Middleware/SubstituteBindings->handle(Object(Illuminate/Http/Request), Object(Closure))
#15 C:/laragon/www/kurikulum/vendor/laravel/framework/src/Illuminate/Auth/Middleware/Authenticate.php(57): Illuminate/Pipeline/Pipeline->Illuminate/Pipeline/{closure}(Object(Illuminate/Http/Request))
#16 C:/laragon/www/kurikulum/vendor/laravel/framework/src/Illuminate/Pipeline/Pipeline.php(183): Illuminate/Auth/Middleware/Authenticate->handle(Object(Illuminate/Http/Request), Object(Closure))
#17 C:/laragon/www/kurikulum/vendor/laravel/framework/src/Illuminate/Foundation/Http/Middleware/VerifyCsrfToken.php(78): Illuminate/Pipeline/Pipeline->Illuminate/Pipeline/{closure}(Object(Illuminate/Http/Request))
#18 C:/laragon/www/kurikulum/vendor/laravel/framework/src/Illuminate/Pipeline/Pipeline.php(183): Illuminate/Foundation/Http/Middleware/VerifyCsrfToken->handle(Object(Illuminate/Http/Request), Object(Closure))
#19 C:/laragon/www/kurikulum/vendor/laravel/framework/src/Illuminate/View/Middleware/ShareErrorsFromSession.php(49): Illuminate/Pipeline/Pipeline->Illuminate/Pipeline/{closure}(Object(Illuminate/Http/Request))
#20 C:/laragon/www/kurikulum/vendor/laravel/framework/src/Illuminate/Pipeline/Pipeline.php(183): Illuminate/View/Middleware/ShareErrorsFromSession->handle(Object(Illuminate/Http/Request), Object(Closure))
#21 C:/laragon/www/kurikulum/vendor/laravel/framework/src/Illuminate/Session/Middleware/StartSession.php(121): Illuminate/Pipeline/Pipeline->Illuminate/Pipeline/{closure}(Object(Illuminate/Http/Request))
#22 C:/laragon/www/kurikulum/vendor/laravel/framework/src/Illuminate/Session/Middleware/StartSession.php(64): Illuminate/Session/Middleware/StartSession->handleStatefulRequest(Object(Illuminate/Http/Request), Object(Illuminate/Session/Store), Object(Closure))
#23 C:/laragon/www/kurikulum/vendor/laravel/framework/src/Illuminate/Pipeline/Pipeline.php(183): Illuminate/Session/Middleware/StartSession->handle(Object(Illuminate/Http/Request), Object(Closure))
#24 C:/laragon/www/kurikulum/vendor/laravel/framework/src/Illuminate/Cookie/Middleware/AddQueuedCookiesToResponse.php(37): Illuminate/Pipeline/Pipeline->Illuminate/Pipeline/{closure}(Object(Illuminate/Http/Request))
#25 C:/laragon/www/kurikulum/vendor/laravel/framework/src/Illuminate/Pipeline/Pipeline.php(183): Illuminate/Cookie/Middleware/AddQueuedCookiesToResponse->handle(Object(Illuminate/Http/Request), Object(Closure))
#26 C:/laragon/www/kurikulum/vendor/laravel/framework/src/Illuminate/Cookie/Middleware/EncryptCookies.php(67): Illuminate/Pipeline/Pipeline->Illuminate/Pipeline/{closure}(Object(Illuminate/Http/Request))
#27 C:/laragon/www/kurikulum/vendor/laravel/framework/src/Illuminate/Pipeline/Pipeline.php(183): Illuminate/Cookie/Middleware/EncryptCookies->handle(Object(Illuminate/Http/Request), Object(Closure))
#28 C:/laragon/www/kurikulum/vendor/laravel/framework/src/Illuminate/Pipeline/Pipeline.php(119): Illuminate/Pipeline/Pipeline->Illuminate/Pipeline/{closure}(Object(Illuminate/Http/Request))
#29 C:/laragon/www/kurikulum/vendor/laravel/framework/src/Illuminate/Routing/Router.php(805): Illuminate/Pipeline/Pipeline->then(Object(Closure))
#30 C:/laragon/www/kurikulum/vendor/laravel/framework/src/Illuminate/Routing/Router.php(784): Illuminate/Routing/Router->runRouteWithinStack(Object(Illuminate/Routing/Route), Object(Illuminate/Http/Request))
#31 C:/laragon/www/kurikulum/vendor/laravel/framework/src/Illuminate/Routing/Router.php(748): Illuminate/Routing/Router->runRoute(Object(Illuminate/Http/Request), Object(Illuminate/Routing/Route))
#32 C:/laragon/www/kurikulum/vendor/laravel/framework/src/Illuminate/Routing/Router.php(737): Illuminate/Routing/Router->dispatchToRoute(Object(Illuminate/Http/Request))
#33 C:/laragon/www/kurikulum/vendor/laravel/framework/src/Illuminate/Foundation/Http/Kernel.php(200): Illuminate/Routing/Router->dispatch(Object(Illuminate/Http/Request))
#34 C:/laragon/www/kurikulum/vendor/laravel/framework/src/Illuminate/Pipeline/Pipeline.php(144): Illuminate/Foundation/Http/Kernel->Illuminate/Foundation/Http/{closure}(Object(Illuminate/Http/Request))
#35 C:/laragon/www/kurikulum/vendor/laravel/framework/src/Illuminate/Foundation/Http/Middleware/TransformsRequest.php(21): Illuminate/Pipeline/Pipeline->Illuminate/Pipeline/{closure}(Object(Illuminate/Http/Request))
#36 C:/laragon/www/kurikulum/vendor/laravel/framework/src/Illuminate/Foundation/Http/Middleware/ConvertEmptyStringsToNull.php(31): Illuminate/Foundation/Http/Middleware/TransformsRequest->handle(Object(Illuminate/Http/Request), Object(Closure))
#37 C:/laragon/www/kurikulum/vendor/laravel/framework/src/Illuminate/Pipeline/Pipeline.php(183): Illuminate/Foundation/Http/Middleware/ConvertEmptyStringsToNull->handle(Object(Illuminate/Http/Request), Object(Closure))
#38 C:/laragon/www/kurikulum/vendor/laravel/framework/src/Illuminate/Foundation/Http/Middleware/TransformsRequest.php(21): Illuminate/Pipeline/Pipeline->Illuminate/Pipeline/{closure}(Object(Illuminate/Http/Request))
#39 C:/laragon/www/kurikulum/vendor/laravel/framework/src/Illuminate/Foundation/Http/Middleware/TrimStrings.php(40): Illuminate/Foundation/Http/Middleware/TransformsRequest->handle(Object(Illuminate/Http/Request), Object(Closure))
#40 C:/laragon/www/kurikulum/vendor/laravel/framework/src/Illuminate/Pipeline/Pipeline.php(183): Illuminate/Foundation/Http/Middleware/TrimStrings->handle(Object(Illuminate/Http/Request), Object(Closure))
#41 C:/laragon/www/kurikulum/vendor/laravel/framework/src/Illuminate/Foundation/Http/Middleware/ValidatePostSize.php(27): Illuminate/Pipeline/Pipeline->Illuminate/Pipeline/{closure}(Object(Illuminate/Http/Request))
#42 C:/laragon/www/kurikulum/vendor/laravel/framework/src/Illuminate/Pipeline/Pipeline.php(183): Illuminate/Foundation/Http/Middleware/ValidatePostSize->handle(Object(Illuminate/Http/Request), Object(Closure))
#43 C:/laragon/www/kurikulum/vendor/laravel/framework/src/Illuminate/Foundation/Http/Middleware/PreventRequestsDuringMaintenance.php(99): Illuminate/Pipeline/Pipeline->Illuminate/Pipeline/{closure}(Object(Illuminate/Http/Request))
#44 C:/laragon/www/kurikulum/vendor/laravel/framework/src/Illuminate/Pipeline/Pipeline.php(183): Illuminate/Foundation/Http/Middleware/PreventRequestsDuringMaintenance->handle(Object(Illuminate/Http/Request), Object(Closure))
#45 C:/laragon/www/kurikulum/vendor/laravel/framework/src/Illuminate/Http/Middleware/HandleCors.php(49): Illuminate/Pipeline/Pipeline->Illuminate/Pipeline/{closure}(Object(Illuminate/Http/Request))
#46 C:/laragon/www/kurikulum/vendor/laravel/framework/src/Illuminate/Pipeline/Pipeline.php(183): Illuminate/Http/Middleware/HandleCors->handle(Object(Illuminate/Http/Request), Object(Closure))
#47 C:/laragon/www/kurikulum/vendor/laravel/framework/src/Illuminate/Http/Middleware/TrustProxies.php(39): Illuminate/Pipeline/Pipeline->Illuminate/Pipeline/{closure}(Object(Illuminate/Http/Request))
#48 C:/laragon/www/kurikulum/vendor/laravel/framework/src/Illuminate/Pipeline/Pipeline.php(183): Illuminate/Http/Middleware/TrustProxies->handle(Object(Illuminate/Http/Request), Object(Closure))
#49 C:/laragon/www/kurikulum/vendor/laravel/framework/src/Illuminate/Pipeline/Pipeline.php(119): Illuminate/Pipeline/Pipeline->Illuminate/Pipeline/{closure}(Object(Illuminate/Http/Request))
#50 C:/laragon/www/kurikulum/vendor/laravel/framework/src/Illuminate/Foundation/Http/Kernel.php(175): Illuminate/Pipeline/Pipeline->then(Object(Closure))
#51 C:/laragon/www/kurikulum/vendor/laravel/framework/src/Illuminate/Foundation/Http/Kernel.php(144): Illuminate/Foundation/Http/Kernel->sendRequestThroughRouter(Object(Illuminate/Http/Request))
#52 C:/Users/deasy/AppData/Local/Temp/claude/C--laragon-www-kurikulum/3da87171-a58e-497f-935f-452a8fdd4d0d/scratchpad/err.php(9): Illuminate/Foundation/Http/Kernel->handle(Object(Illuminate/Http/Request))
#53 C:/laragon/www/kurikulum/vendor/psy/psysh/src/Shell.php(841): include_once('C://Users//deasy//...')
#54 C:/laragon/www/kurikulum/vendor/psy/psysh/src/Shell.php(856): Psy/Shell->Psy/{closure}(Object(Psy/Shell))
#55 C:/laragon/www/kurikulum/vendor/psy/psysh/src/Shell.php(788): Psy/Shell->loadIncludes()
#56 C:/laragon/www/kurikulum/vendor/psy/psysh/src/Shell.php(716): Psy/Shell->doNonInteractiveRun(false)
#57 C:/laragon/www/kurikulum/vendor/symfony/console/Application.php(175): Psy/Shell->doRun(Object(Symfony/Component/Console/Input/ArrayInput), Object(Psy/Output/ShellOutput))
#58 C:/laragon/www/kurikulum/vendor/psy/psysh/src/Shell.php(684): Symfony/Component/Console/Application->run(Object(Symfony/Component/Console/Input/ArrayInput), Object(Psy/Output/ShellOutput))
#59 C:/laragon/www/kurikulum/vendor/laravel/tinker/src/Console/TinkerCommand.php(86): Psy/Shell->run()
#60 C:/laragon/www/kurikulum/vendor/laravel/framework/src/Illuminate/Container/BoundMethod.php(36): Laravel/Tinker/Console/TinkerCommand->handle()
#61 C:/laragon/www/kurikulum/vendor/laravel/framework/src/Illuminate/Container/Util.php(41): Illuminate/Container/BoundMethod::Illuminate/Container/{closure}()
#62 C:/laragon/www/kurikulum/vendor/laravel/framework/src/Illuminate/Container/BoundMethod.php(93): Illuminate/Container/Util::unwrapIfClosure(Object(Closure))
#63 C:/laragon/www/kurikulum/vendor/laravel/framework/src/Illuminate/Container/BoundMethod.php(35): Illuminate/Container/BoundMethod::callBoundMethod(Object(Illuminate/Foundation/Application), Array, Object(Closure))
#64 C:/laragon/www/kurikulum/vendor/laravel/framework/src/Illuminate/Container/Container.php(662): Illuminate/Container/BoundMethod::call(Object(Illuminate/Foundation/Application), Array, Array, NULL)
#65 C:/laragon/www/kurikulum/vendor/laravel/framework/src/Illuminate/Console/Command.php(211): Illuminate/Container/Container->call(Array)
#66 C:/laragon/www/kurikulum/vendor/symfony/console/Command/Command.php(326): Illuminate/Console/Command->execute(Object(Symfony/Component/Console/Input/ArgvInput), Object(Illuminate/Console/OutputStyle))
#67 C:/laragon/www/kurikulum/vendor/laravel/framework/src/Illuminate/Console/Command.php(180): Symfony/Component/Console/Command/Command->run(Object(Symfony/Component/Console/Input/ArgvInput), Object(Illuminate/Console/OutputStyle))
#68 C:/laragon/www/kurikulum/vendor/symfony/console/Application.php(1121): Illuminate/Console/Command->run(Object(Symfony/Component/Console/Input/ArgvInput), Object(Symfony/Component/Console/Output/ConsoleOutput))
#69 C:/laragon/www/kurikulum/vendor/symfony/console/Application.php(324): Symfony/Component/Console/Application->doRunCommand(Object(Laravel/Tinker/Console/TinkerCommand), Object(Symfony/Component/Console/Input/ArgvInput), Object(Symfony/Component/Console/Output/ConsoleOutput))
#70 C:/laragon/www/kurikulum/vendor/symfony/console/Application.php(175): Symfony/Component/Console/Application->doRun(Object(Symfony/Component/Console/Input/ArgvInput), Object(Symfony/Component/Console/Output/ConsoleOutput))
#71 C:/laragon/www/kurikulum/vendor/laravel/framework/src/Illuminate/Foundation/Console/Kernel.php(201): Symfony/Component/Console/Application->run(Object(Symfony/Component/Console/Input/ArgvInput), Object(Symfony/Component/Console/Output/ConsoleOutput))
#72 C:/laragon/www/kurikulum/artisan(14): Illuminate/Foundation/Console/Kernel->handle(Object(Symfony/Component/Console/Input/ArgvInput), Object(Symfony/Component/Console/Output/ConsoleOutput))
#73 {main}

[previous exception] [object] (ParseError(code: 0): syntax error, unexpected token \"endif\", expecting end of file at C:/laragon/www/kurikulum/storage/framework/views/dc0e3943d06065270ff26c9048b16a07.php:73)
[stacktrace]
#0 C:/laragon/www/kurikulum/vendor/laravel/framework/src/Illuminate/Filesystem/Filesystem.php(124): Illuminate/Filesystem/Filesystem::Illuminate/Filesystem/{closure}()
#1 C:/laragon/www/kurikulum/vendor/laravel/framework/src/Illuminate/View/Engines/PhpEngine.php(58): Illuminate/Filesystem/Filesystem->getRequire('C://laragon//www//...', Array)
#2 C:/laragon/www/kurikulum/vendor/laravel/framework/src/Illuminate/View/Engines/CompilerEngine.php(72): Illuminate/View/Engines/PhpEngine->evaluatePath('C://laragon//www//...', Array)
#3 C:/laragon/www/kurikulum/vendor/laravel/framework/src/Illuminate/View/View.php(207): Illuminate/View/Engines/CompilerEngine->get('C://laragon//www//...', Array)
#4 C:/laragon/www/kurikulum/vendor/laravel/framework/src/Illuminate/View/View.php(190): Illuminate/View/View->getContents()
#5 C:/laragon/www/kurikulum/vendor/laravel/framework/src/Illuminate/View/View.php(159): Illuminate/View/View->renderContents()
#6 C:/laragon/www/kurikulum/vendor/laravel/framework/src/Illuminate/Http/Response.php(69): Illuminate/View/View->render()
#7 C:/laragon/www/kurikulum/vendor/laravel/framework/src/Illuminate/Http/Response.php(35): Illuminate/Http/Response->setContent(Object(Illuminate/View/View))
#8 C:/laragon/www/kurikulum/vendor/laravel/framework/src/Illuminate/Routing/Router.php(918): Illuminate/Http/Response->__construct(Object(Illuminate/View/View), 200, Array)
#9 C:/laragon/www/kurikulum/vendor/laravel/framework/src/Illuminate/Routing/Router.php(885): Illuminate/Routing/Router::toResponse(Object(Illuminate/Http/Request), Object(Illuminate/View/View))
#10 C:/laragon/www/kurikulum/vendor/laravel/framework/src/Illuminate/Routing/Router.php(805): Illuminate/Routing/Router->prepareResponse(Object(Illuminate/Http/Request), Object(Illuminate/View/View))
#11 C:/laragon/www/kurikulum/vendor/laravel/framework/src/Illuminate/Pipeline/Pipeline.php(144): Illuminate/Routing/Router->Illuminate/Routing/{closure}(Object(Illuminate/Http/Request))
#12 C:/laragon/www/kurikulum/app/Http/Middleware/EnsureUserHasRole.php(23): Illuminate/Pipeline/Pipeline->Illuminate/Pipeline/{closure}(Object(Illuminate/Http/Request))
#13 C:/laragon/www/kurikulum/vendor/laravel/framework/src/Illuminate/Pipeline/Pipeline.php(183): App/Http/Middleware/EnsureUserHasRole->handle(Object(Illuminate/Http/Request), Object(Closure), 'admin', 'guru')
#14 C:/laragon/www/kurikulum/vendor/laravel/framework/src/Illuminate/Routing/Middleware/SubstituteBindings.php(50): Illuminate/Pipeline/Pipeline->Illuminate/Pipeline/{closure}(Object(Illuminate/Http/Request))
#15 C:/laragon/www/kurikulum/vendor/laravel/framework/src/Illuminate/Pipeline/Pipeline.php(183): Illuminate/Routing/Middleware/SubstituteBindings->handle(Object(Illuminate/Http/Request), Object(Closure))
#16 C:/laragon/www/kurikulum/vendor/laravel/framework/src/Illuminate/Auth/Middleware/Authenticate.php(57): Illuminate/Pipeline/Pipeline->Illuminate/Pipeline/{closure}(Object(Illuminate/Http/Request))
#17 C:/laragon/www/kurikulum/vendor/laravel/framework/src/Illuminate/Pipeline/Pipeline.php(183): Illuminate/Auth/Middleware/Authenticate->handle(Object(Illuminate/Http/Request), Object(Closure))
#18 C:/laragon/www/kurikulum/vendor/laravel/framework/src/Illuminate/Foundation/Http/Middleware/VerifyCsrfToken.php(78): Illuminate/Pipeline/Pipeline->Illuminate/Pipeline/{closure}(Object(Illuminate/Http/Request))
#19 C:/laragon/www/kurikulum/vendor/laravel/framework/src/Illuminate/Pipeline/Pipeline.php(183): Illuminate/Foundation/Http/Middleware/VerifyCsrfToken->handle(Object(Illuminate/Http/Request), Object(Closure))
#20 C:/laragon/www/kurikulum/vendor/laravel/framework/src/Illuminate/View/Middleware/ShareErrorsFromSession.php(49): Illuminate/Pipeline/Pipeline->Illuminate/Pipeline/{closure}(Object(Illuminate/Http/Request))
#21 C:/laragon/www/kurikulum/vendor/laravel/framework/src/Illuminate/Pipeline/Pipeline.php(183): Illuminate/View/Middleware/ShareErrorsFromSession->handle(Object(Illuminate/Http/Request), Object(Closure))
#22 C:/laragon/www/kurikulum/vendor/laravel/framework/src/Illuminate/Session/Middleware/StartSession.php(121): Illuminate/Pipeline/Pipeline->Illuminate/Pipeline/{closure}(Object(Illuminate/Http/Request))
#23 C:/laragon/www/kurikulum/vendor/laravel/framework/src/Illuminate/Session/Middleware/StartSession.php(64): Illuminate/Session/Middleware/StartSession->handleStatefulRequest(Object(Illuminate/Http/Request), Object(Illuminate/Session/Store), Object(Closure))
#24 C:/laragon/www/kurikulum/vendor/laravel/framework/src/Illuminate/Pipeline/Pipeline.php(183): Illuminate/Session/Middleware/StartSession->handle(Object(Illuminate/Http/Request), Object(Closure))
#25 C:/laragon/www/kurikulum/vendor/laravel/framework/src/Illuminate/Cookie/Middleware/AddQueuedCookiesToResponse.php(37): Illuminate/Pipeline/Pipeline->Illuminate/Pipeline/{closure}(Object(Illuminate/Http/Request))
#26 C:/laragon/www/kurikulum/vendor/laravel/framework/src/Illuminate/Pipeline/Pipeline.php(183): Illuminate/Cookie/Middleware/AddQueuedCookiesToResponse->handle(Object(Illuminate/Http/Request), Object(Closure))
#27 C:/laragon/www/kurikulum/vendor/laravel/framework/src/Illuminate/Cookie/Middleware/EncryptCookies.php(67): Illuminate/Pipeline/Pipeline->Illuminate/Pipeline/{closure}(Object(Illuminate/Http/Request))
#28 C:/laragon/www/kurikulum/vendor/laravel/framework/src/Illuminate/Pipeline/Pipeline.php(183): Illuminate/Cookie/Middleware/EncryptCookies->handle(Object(Illuminate/Http/Request), Object(Closure))
#29 C:/laragon/www/kurikulum/vendor/laravel/framework/src/Illuminate/Pipeline/Pipeline.php(119): Illuminate/Pipeline/Pipeline->Illuminate/Pipeline/{closure}(Object(Illuminate/Http/Request))
#30 C:/laragon/www/kurikulum/vendor/laravel/framework/src/Illuminate/Routing/Router.php(805): Illuminate/Pipeline/Pipeline->then(Object(Closure))
#31 C:/laragon/www/kurikulum/vendor/laravel/framework/src/Illuminate/Routing/Router.php(784): Illuminate/Routing/Router->runRouteWithinStack(Object(Illuminate/Routing/Route), Object(Illuminate/Http/Request))
#32 C:/laragon/www/kurikulum/vendor/laravel/framework/src/Illuminate/Routing/Router.php(748): Illuminate/Routing/Router->runRoute(Object(Illuminate/Http/Request), Object(Illuminate/Routing/Route))
#33 C:/laragon/www/kurikulum/vendor/laravel/framework/src/Illuminate/Routing/Router.php(737): Illuminate/Routing/Router->dispatchToRoute(Object(Illuminate/Http/Request))
#34 C:/laragon/www/kurikulum/vendor/laravel/framework/src/Illuminate/Foundation/Http/Kernel.php(200): Illuminate/Routing/Router->dispatch(Object(Illuminate/Http/Request))
#35 C:/laragon/www/kurikulum/vendor/laravel/framework/src/Illuminate/Pipeline/Pipeline.php(144): Illuminate/Foundation/Http/Kernel->Illuminate/Foundation/Http/{closure}(Object(Illuminate/Http/Request))
#36 C:/laragon/www/kurikulum/vendor/laravel/framework/src/Illuminate/Foundation/Http/Middleware/TransformsRequest.php(21): Illuminate/Pipeline/Pipeline->Illuminate/Pipeline/{closure}(Object(Illuminate/Http/Request))
#37 C:/laragon/www/kurikulum/vendor/laravel/framework/src/Illuminate/Foundation/Http/Middleware/ConvertEmptyStringsToNull.php(31): Illuminate/Foundation/Http/Middleware/TransformsRequest->handle(Object(Illuminate/Http/Request), Object(Closure))
#38 C:/laragon/www/kurikulum/vendor/laravel/framework/src/Illuminate/Pipeline/Pipeline.php(183): Illuminate/Foundation/Http/Middleware/ConvertEmptyStringsToNull->handle(Object(Illuminate/Http/Request), Object(Closure))
#39 C:/laragon/www/kurikulum/vendor/laravel/framework/src/Illuminate/Foundation/Http/Middleware/TransformsRequest.php(21): Illuminate/Pipeline/Pipeline->Illuminate/Pipeline/{closure}(Object(Illuminate/Http/Request))
#40 C:/laragon/www/kurikulum/vendor/laravel/framework/src/Illuminate/Foundation/Http/Middleware/TrimStrings.php(40): Illuminate/Foundation/Http/Middleware/TransformsRequest->handle(Object(Illuminate/Http/Request), Object(Closure))
#41 C:/laragon/www/kurikulum/vendor/laravel/framework/src/Illuminate/Pipeline/Pipeline.php(183): Illuminate/Foundation/Http/Middleware/TrimStrings->handle(Object(Illuminate/Http/Request), Object(Closure))
#42 C:/laragon/www/kurikulum/vendor/laravel/framework/src/Illuminate/Foundation/Http/Middleware/ValidatePostSize.php(27): Illuminate/Pipeline/Pipeline->Illuminate/Pipeline/{closure}(Object(Illuminate/Http/Request))
#43 C:/laragon/www/kurikulum/vendor/laravel/framework/src/Illuminate/Pipeline/Pipeline.php(183): Illuminate/Foundation/Http/Middleware/ValidatePostSize->handle(Object(Illuminate/Http/Request), Object(Closure))
#44 C:/laragon/www/kurikulum/vendor/laravel/framework/src/Illuminate/Foundation/Http/Middleware/PreventRequestsDuringMaintenance.php(99): Illuminate/Pipeline/Pipeline->Illuminate/Pipeline/{closure}(Object(Illuminate/Http/Request))
#45 C:/laragon/www/kurikulum/vendor/laravel/framework/src/Illuminate/Pipeline/Pipeline.php(183): Illuminate/Foundation/Http/Middleware/PreventRequestsDuringMaintenance->handle(Object(Illuminate/Http/Request), Object(Closure))
#46 C:/laragon/www/kurikulum/vendor/laravel/framework/src/Illuminate/Http/Middleware/HandleCors.php(49): Illuminate/Pipeline/Pipeline->Illuminate/Pipeline/{closure}(Object(Illuminate/Http/Request))
#47 C:/laragon/www/kurikulum/vendor/laravel/framework/src/Illuminate/Pipeline/Pipeline.php(183): Illuminate/Http/Middleware/HandleCors->handle(Object(Illuminate/Http/Request), Object(Closure))
#48 C:/laragon/www/kurikulum/vendor/laravel/framework/src/Illuminate/Http/Middleware/TrustProxies.php(39): Illuminate/Pipeline/Pipeline->Illuminate/Pipeline/{closure}(Object(Illuminate/Http/Request))
#49 C:/laragon/www/kurikulum/vendor/laravel/framework/src/Illuminate/Pipeline/Pipeline.php(183): Illuminate/Http/Middleware/TrustProxies->handle(Object(Illuminate/Http/Request), Object(Closure))
#50 C:/laragon/www/kurikulum/vendor/laravel/framework/src/Illuminate/Pipeline/Pipeline.php(119): Illuminate/Pipeline/Pipeline->Illuminate/Pipeline/{closure}(Object(Illuminate/Http/Request))
#51 C:/laragon/www/kurikulum/vendor/laravel/framework/src/Illuminate/Foundation/Http/Kernel.php(175): Illuminate/Pipeline/Pipeline->then(Object(Closure))
#52 C:/laragon/www/kurikulum/vendor/laravel/framework/src/Illuminate/Foundation/Http/Kernel.php(144): Illuminate/Foundation/Http/Kernel->sendRequestThroughRouter(Object(Illuminate/Http/Request))
#53 C:/Users/deasy/AppData/Local/Temp/claude/C--laragon-www-kurikulum/3da87171-a58e-497f-935f-452a8fdd4d0d/scratchpad/err.php(9): Illuminate/Foundation/Http/Kernel->handle(Object(Illuminate/Http/Request))
#54 C:/laragon/www/kurikulum/vendor/psy/psysh/src/Shell.php(841): include_once('C://Users//deasy//...')
#55 C:/laragon/www/kurikulum/vendor/psy/psysh/src/Shell.php(856): Psy/Shell->Psy/{closure}(Object(Psy/Shell))
#56 C:/laragon/www/kurikulum/vendor/psy/psysh/src/Shell.php(788): Psy/Shell->loadIncludes()
#57 C:/laragon/www/kurikulum/vendor/psy/psysh/src/Shell.php(716): Psy/Shell->doNonInteractiveRun(false)
#58 C:/laragon/www/kurikulum/vendor/symfony/console/Application.php(175): Psy/Shell->doRun(Object(Symfony/Component/Console/Input/ArrayInput), Object(Psy/Output/ShellOutput))
#59 C:/laragon/www/kurikulum/vendor/psy/psysh/src/Shell.php(684): Symfony/Component/Console/Application->run(Object(Symfony/Component/Console/Input/ArrayInput), Object(Psy/Output/ShellOutput))
#60 C:/laragon/www/kurikulum/vendor/laravel/tinker/src/Console/TinkerCommand.php(86): Psy/Shell->run()
#61 C:/laragon/www/kurikulum/vendor/laravel/framework/src/Illuminate/Container/BoundMethod.php(36): Laravel/Tinker/Console/TinkerCommand->handle()
#62 C:/laragon/www/kurikulum/vendor/laravel/framework/src/Illuminate/Container/Util.php(41): Illuminate/Container/BoundMethod::Illuminate/Container/{closure}()
#63 C:/laragon/www/kurikulum/vendor/laravel/framework/src/Illuminate/Container/BoundMethod.php(93): Illuminate/Container/Util::unwrapIfClosure(Object(Closure))
#64 C:/laragon/www/kurikulum/vendor/laravel/framework/src/Illuminate/Container/BoundMethod.php(35): Illuminate/Container/BoundMethod::callBoundMethod(Object(Illuminate/Foundation/Application), Array, Object(Closure))
#65 C:/laragon/www/kurikulum/vendor/laravel/framework/src/Illuminate/Container/Container.php(662): Illuminate/Container/BoundMethod::call(Object(Illuminate/Foundation/Application), Array, Array, NULL)
#66 C:/laragon/www/kurikulum/vendor/laravel/framework/src/Illuminate/Console/Command.php(211): Illuminate/Container/Container->call(Array)
#67 C:/laragon/www/kurikulum/vendor/symfony/console/Command/Command.php(326): Illuminate/Console/Command->execute(Object(Symfony/Component/Console/Input/ArgvInput), Object(Illuminate/Console/OutputStyle))
#68 C:/laragon/www/kurikulum/vendor/laravel/framework/src/Illuminate/Console/Command.php(180): Symfony/Component/Console/Command/Command->run(Object(Symfony/Component/Console/Input/ArgvInput), Object(Illuminate/Console/OutputStyle))
#69 C:/laragon/www/kurikulum/vendor/symfony/console/Application.php(1121): Illuminate/Console/Command->run(Object(Symfony/Component/Console/Input/ArgvInput), Object(Symfony/Component/Console/Output/ConsoleOutput))
#70 C:/laragon/www/kurikulum/vendor/symfony/console/Application.php(324): Symfony/Component/Console/Application->doRunCommand(Object(Laravel/Tinker/Console/TinkerCommand), Object(Symfony/Component/Console/Input/ArgvInput), Object(Symfony/Component/Console/Output/ConsoleOutput))
#71 C:/laragon/www/kurikulum/vendor/symfony/console/Application.php(175): Symfony/Component/Console/Application->doRun(Object(Symfony/Component/Console/Input/ArgvInput), Object(Symfony/Component/Console/Output/ConsoleOutput))
#72 C:/laragon/www/kurikulum/vendor/laravel/framework/src/Illuminate/Foundation/Console/Kernel.php(201): Symfony/Component/Console/Application->run(Object(Symfony/Component/Console/Input/ArgvInput), Object(Symfony/Component/Console/Output/ConsoleOutput))
#73 C:/laragon/www/kurikulum/artisan(14): Illuminate/Foundation/Console/Kernel->handle(Object(Symfony/Component/Console/Input/ArgvInput), Object(Symfony/Component/Console/Output/ConsoleOutput))
#74 {main}
"} 
[2026-08-22 08:05:49] local.ERROR: Gagal menghubungi layanan AI: Anthropic Authentication Exception
{
    "status": 401,
    "body": {
        "type": "error",
        "error": {
            "type": "authentication_error",
            "message": "API key is invalid."
        },
        "request_id": null
    }
} {"userId":1,"exception":"[object] (RuntimeException(code: 0): Gagal menghubungi layanan AI: Anthropic Authentication Exception

{
    \"status\": 401,
    \"body\": {
        \"type\": \"error\",
        \"error\": {
            \"type\": \"authentication_error\",
            \"message\": \"API key is invalid.\"
        },
        \"request_id\": null
    }
} at C:/laragon/www/kurikulum/app/Services/GeneratorModulAjarAi.php:69)
[stacktrace]
#0 C:/laragon/www/kurikulum/app/Http/Controllers/Kurikulum/ModulAjarController.php(156): App/Services/GeneratorModulAjarAi->generate(Array)
#1 C:/laragon/www/kurikulum/vendor/laravel/framework/src/Illuminate/Routing/Controller.php(54): App/Http/Controllers/Kurikulum/ModulAjarController->generate(Object(Illuminate/Http/Request), Object(App/Services/GeneratorModulAjarAi))
#2 C:/laragon/www/kurikulum/vendor/laravel/framework/src/Illuminate/Routing/ControllerDispatcher.php(43): Illuminate/Routing/Controller->callAction('generate', Array)
#3 C:/laragon/www/kurikulum/vendor/laravel/framework/src/Illuminate/Routing/Route.php(259): Illuminate/Routing/ControllerDispatcher->dispatch(Object(Illuminate/Routing/Route), Object(App/Http/Controllers/Kurikulum/ModulAjarController), 'generate')
#4 C:/laragon/www/kurikulum/vendor/laravel/framework/src/Illuminate/Routing/Route.php(205): Illuminate/Routing/Route->runController()
#5 C:/laragon/www/kurikulum/vendor/laravel/framework/src/Illuminate/Routing/Router.php(806): Illuminate/Routing/Route->run()
#6 C:/laragon/www/kurikulum/vendor/laravel/framework/src/Illuminate/Pipeline/Pipeline.php(144): Illuminate/Routing/Router->Illuminate/Routing/{closure}(Object(Illuminate/Http/Request))
#7 C:/laragon/www/kurikulum/app/Http/Middleware/EnsureUserHasRole.php(23): Illuminate/Pipeline/Pipeline->Illuminate/Pipeline/{closure}(Object(Illuminate/Http/Request))
#8 C:/laragon/www/kurikulum/vendor/laravel/framework/src/Illuminate/Pipeline/Pipeline.php(183): App/Http/Middleware/EnsureUserHasRole->handle(Object(Illuminate/Http/Request), Object(Closure), 'admin', 'guru')
#9 C:/laragon/www/kurikulum/vendor/laravel/framework/src/Illuminate/Routing/Middleware/SubstituteBindings.php(50): Illuminate/Pipeline/Pipeline->Illuminate/Pipeline/{closure}(Object(Illuminate/Http/Request))
#10 C:/laragon/www/kurikulum/vendor/laravel/framework/src/Illuminate/Pipeline/Pipeline.php(183): Illuminate/Routing/Middleware/SubstituteBindings->handle(Object(Illuminate/Http/Request), Object(Closure))
#11 C:/laragon/www/kurikulum/vendor/laravel/framework/src/Illuminate/Auth/Middleware/Authenticate.php(57): Illuminate/Pipeline/Pipeline->Illuminate/Pipeline/{closure}(Object(Illuminate/Http/Request))
#12 C:/laragon/www/kurikulum/vendor/laravel/framework/src/Illuminate/Pipeline/Pipeline.php(183): Illuminate/Auth/Middleware/Authenticate->handle(Object(Illuminate/Http/Request), Object(Closure))
#13 C:/laragon/www/kurikulum/vendor/laravel/framework/src/Illuminate/Foundation/Http/Middleware/VerifyCsrfToken.php(78): Illuminate/Pipeline/Pipeline->Illuminate/Pipeline/{closure}(Object(Illuminate/Http/Request))
#14 C:/laragon/www/kurikulum/vendor/laravel/framework/src/Illuminate/Pipeline/Pipeline.php(183): Illuminate/Foundation/Http/Middleware/VerifyCsrfToken->handle(Object(Illuminate/Http/Request), Object(Closure))
#15 C:/laragon/www/kurikulum/vendor/laravel/framework/src/Illuminate/View/Middleware/ShareErrorsFromSession.php(49): Illuminate/Pipeline/Pipeline->Illuminate/Pipeline/{closure}(Object(Illuminate/Http/Request))
#16 C:/laragon/www/kurikulum/vendor/laravel/framework/src/Illuminate/Pipeline/Pipeline.php(183): Illuminate/View/Middleware/ShareErrorsFromSession->handle(Object(Illuminate/Http/Request), Object(Closure))
#17 C:/laragon/www/kurikulum/vendor/laravel/framework/src/Illuminate/Session/Middleware/StartSession.php(121): Illuminate/Pipeline/Pipeline->Illuminate/Pipeline/{closure}(Object(Illuminate/Http/Request))
#18 C:/laragon/www/kurikulum/vendor/laravel/framework/src/Illuminate/Session/Middleware/StartSession.php(64): Illuminate/Session/Middleware/StartSession->handleStatefulRequest(Object(Illuminate/Http/Request), Object(Illuminate/Session/Store), Object(Closure))
#19 C:/laragon/www/kurikulum/vendor/laravel/framework/src/Illuminate/Pipeline/Pipeline.php(183): Illuminate/Session/Middleware/StartSession->handle(Object(Illuminate/Http/Request), Object(Closure))
#20 C:/laragon/www/kurikulum/vendor/laravel/framework/src/Illuminate/Cookie/Middleware/AddQueuedCookiesToResponse.php(37): Illuminate/Pipeline/Pipeline->Illuminate/Pipeline/{closure}(Object(Illuminate/Http/Request))
#21 C:/laragon/www/kurikulum/vendor/laravel/framework/src/Illuminate/Pipeline/Pipeline.php(183): Illuminate/Cookie/Middleware/AddQueuedCookiesToResponse->handle(Object(Illuminate/Http/Request), Object(Closure))
#22 C:/laragon/www/kurikulum/vendor/laravel/framework/src/Illuminate/Cookie/Middleware/EncryptCookies.php(67): Illuminate/Pipeline/Pipeline->Illuminate/Pipeline/{closure}(Object(Illuminate/Http/Request))
#23 C:/laragon/www/kurikulum/vendor/laravel/framework/src/Illuminate/Pipeline/Pipeline.php(183): Illuminate/Cookie/Middleware/EncryptCookies->handle(Object(Illuminate/Http/Request), Object(Closure))
#24 C:/laragon/www/kurikulum/vendor/laravel/framework/src/Illuminate/Pipeline/Pipeline.php(119): Illuminate/Pipeline/Pipeline->Illuminate/Pipeline/{closure}(Object(Illuminate/Http/Request))
#25 C:/laragon/www/kurikulum/vendor/laravel/framework/src/Illuminate/Routing/Router.php(805): Illuminate/Pipeline/Pipeline->then(Object(Closure))
#26 C:/laragon/www/kurikulum/vendor/laravel/framework/src/Illuminate/Routing/Router.php(784): Illuminate/Routing/Router->runRouteWithinStack(Object(Illuminate/Routing/Route), Object(Illuminate/Http/Request))
#27 C:/laragon/www/kurikulum/vendor/laravel/framework/src/Illuminate/Routing/Router.php(748): Illuminate/Routing/Router->runRoute(Object(Illuminate/Http/Request), Object(Illuminate/Routing/Route))
#28 C:/laragon/www/kurikulum/vendor/laravel/framework/src/Illuminate/Routing/Router.php(737): Illuminate/Routing/Router->dispatchToRoute(Object(Illuminate/Http/Request))
#29 C:/laragon/www/kurikulum/vendor/laravel/framework/src/Illuminate/Foundation/Http/Kernel.php(200): Illuminate/Routing/Router->dispatch(Object(Illuminate/Http/Request))
#30 C:/laragon/www/kurikulum/vendor/laravel/framework/src/Illuminate/Pipeline/Pipeline.php(144): Illuminate/Foundation/Http/Kernel->Illuminate/Foundation/Http/{closure}(Object(Illuminate/Http/Request))
#31 C:/laragon/www/kurikulum/vendor/laravel/framework/src/Illuminate/Foundation/Http/Middleware/TransformsRequest.php(21): Illuminate/Pipeline/Pipeline->Illuminate/Pipeline/{closure}(Object(Illuminate/Http/Request))
#32 C:/laragon/www/kurikulum/vendor/laravel/framework/src/Illuminate/Foundation/Http/Middleware/ConvertEmptyStringsToNull.php(31): Illuminate/Foundation/Http/Middleware/TransformsRequest->handle(Object(Illuminate/Http/Request), Object(Closure))
#33 C:/laragon/www/kurikulum/vendor/laravel/framework/src/Illuminate/Pipeline/Pipeline.php(183): Illuminate/Foundation/Http/Middleware/ConvertEmptyStringsToNull->handle(Object(Illuminate/Http/Request), Object(Closure))
#34 C:/laragon/www/kurikulum/vendor/laravel/framework/src/Illuminate/Foundation/Http/Middleware/TransformsRequest.php(21): Illuminate/Pipeline/Pipeline->Illuminate/Pipeline/{closure}(Object(Illuminate/Http/Request))
#35 C:/laragon/www/kurikulum/vendor/laravel/framework/src/Illuminate/Foundation/Http/Middleware/TrimStrings.php(40): Illuminate/Foundation/Http/Middleware/TransformsRequest->handle(Object(Illuminate/Http/Request), Object(Closure))
#36 C:/laragon/www/kurikulum/vendor/laravel/framework/src/Illuminate/Pipeline/Pipeline.php(183): Illuminate/Foundation/Http/Middleware/TrimStrings->handle(Object(Illuminate/Http/Request), Object(Closure))
#37 C:/laragon/www/kurikulum/vendor/laravel/framework/src/Illuminate/Foundation/Http/Middleware/ValidatePostSize.php(27): Illuminate/Pipeline/Pipeline->Illuminate/Pipeline/{closure}(Object(Illuminate/Http/Request))
#38 C:/laragon/www/kurikulum/vendor/laravel/framework/src/Illuminate/Pipeline/Pipeline.php(183): Illuminate/Foundation/Http/Middleware/ValidatePostSize->handle(Object(Illuminate/Http/Request), Object(Closure))
#39 C:/laragon/www/kurikulum/vendor/laravel/framework/src/Illuminate/Foundation/Http/Middleware/PreventRequestsDuringMaintenance.php(99): Illuminate/Pipeline/Pipeline->Illuminate/Pipeline/{closure}(Object(Illuminate/Http/Request))
#40 C:/laragon/www/kurikulum/vendor/laravel/framework/src/Illuminate/Pipeline/Pipeline.php(183): Illuminate/Foundation/Http/Middleware/PreventRequestsDuringMaintenance->handle(Object(Illuminate/Http/Request), Object(Closure))
#41 C:/laragon/www/kurikulum/vendor/laravel/framework/src/Illuminate/Http/Middleware/HandleCors.php(49): Illuminate/Pipeline/Pipeline->Illuminate/Pipeline/{closure}(Object(Illuminate/Http/Request))
#42 C:/laragon/www/kurikulum/vendor/laravel/framework/src/Illuminate/Pipeline/Pipeline.php(183): Illuminate/Http/Middleware/HandleCors->handle(Object(Illuminate/Http/Request), Object(Closure))
#43 C:/laragon/www/kurikulum/vendor/laravel/framework/src/Illuminate/Http/Middleware/TrustProxies.php(39): Illuminate/Pipeline/Pipeline->Illuminate/Pipeline/{closure}(Object(Illuminate/Http/Request))
#44 C:/laragon/www/kurikulum/vendor/laravel/framework/src/Illuminate/Pipeline/Pipeline.php(183): Illuminate/Http/Middleware/TrustProxies->handle(Object(Illuminate/Http/Request), Object(Closure))
#45 C:/laragon/www/kurikulum/vendor/laravel/framework/src/Illuminate/Pipeline/Pipeline.php(119): Illuminate/Pipeline/Pipeline->Illuminate/Pipeline/{closure}(Object(Illuminate/Http/Request))
#46 C:/laragon/www/kurikulum/vendor/laravel/framework/src/Illuminate/Foundation/Http/Kernel.php(175): Illuminate/Pipeline/Pipeline->then(Object(Closure))
#47 C:/laragon/www/kurikulum/vendor/laravel/framework/src/Illuminate/Foundation/Http/Kernel.php(144): Illuminate/Foundation/Http/Kernel->sendRequestThroughRouter(Object(Illuminate/Http/Request))
#48 C:/Users/deasy/AppData/Local/Temp/claude/C--laragon-www-kurikulum/3da87171-a58e-497f-935f-452a8fdd4d0d/scratchpad/uji_generate.php(13): Illuminate/Foundation/Http/Kernel->handle(Object(Illuminate/Http/Request))
#49 C:/Users/deasy/AppData/Local/Temp/claude/C--laragon-www-kurikulum/3da87171-a58e-497f-935f-452a8fdd4d0d/scratchpad/uji_generate.php(44): panggil(Object(App/Http/Kernel), Array)
#50 C:/laragon/www/kurikulum/vendor/psy/psysh/src/Shell.php(841): include_once('C://Users//deasy//...')
#51 C:/laragon/www/kurikulum/vendor/psy/psysh/src/Shell.php(856): Psy/Shell->Psy/{closure}(Object(Psy/Shell))
#52 C:/laragon/www/kurikulum/vendor/psy/psysh/src/Shell.php(788): Psy/Shell->loadIncludes()
#53 C:/laragon/www/kurikulum/vendor/psy/psysh/src/Shell.php(716): Psy/Shell->doNonInteractiveRun(false)
#54 C:/laragon/www/kurikulum/vendor/symfony/console/Application.php(175): Psy/Shell->doRun(Object(Symfony/Component/Console/Input/ArrayInput), Object(Psy/Output/ShellOutput))
#55 C:/laragon/www/kurikulum/vendor/psy/psysh/src/Shell.php(684): Symfony/Component/Console/Application->run(Object(Symfony/Component/Console/Input/ArrayInput), Object(Psy/Output/ShellOutput))
#56 C:/laragon/www/kurikulum/vendor/laravel/tinker/src/Console/TinkerCommand.php(86): Psy/Shell->run()
#57 C:/laragon/www/kurikulum/vendor/laravel/framework/src/Illuminate/Container/BoundMethod.php(36): Laravel/Tinker/Console/TinkerCommand->handle()
#58 C:/laragon/www/kurikulum/vendor/laravel/framework/src/Illuminate/Container/Util.php(41): Illuminate/Container/BoundMethod::Illuminate/Container/{closure}()
#59 C:/laragon/www/kurikulum/vendor/laravel/framework/src/Illuminate/Container/BoundMethod.php(93): Illuminate/Container/Util::unwrapIfClosure(Object(Closure))
#60 C:/laragon/www/kurikulum/vendor/laravel/framework/src/Illuminate/Container/BoundMethod.php(35): Illuminate/Container/BoundMethod::callBoundMethod(Object(Illuminate/Foundation/Application), Array, Object(Closure))
#61 C:/laragon/www/kurikulum/vendor/laravel/framework/src/Illuminate/Container/Container.php(662): Illuminate/Container/BoundMethod::call(Object(Illuminate/Foundation/Application), Array, Array, NULL)
#62 C:/laragon/www/kurikulum/vendor/laravel/framework/src/Illuminate/Console/Command.php(211): Illuminate/Container/Container->call(Array)
#63 C:/laragon/www/kurikulum/vendor/symfony/console/Command/Command.php(326): Illuminate/Console/Command->execute(Object(Symfony/Component/Console/Input/ArgvInput), Object(Illuminate/Console/OutputStyle))
#64 C:/laragon/www/kurikulum/vendor/laravel/framework/src/Illuminate/Console/Command.php(180): Symfony/Component/Console/Command/Command->run(Object(Symfony/Component/Console/Input/ArgvInput), Object(Illuminate/Console/OutputStyle))
#65 C:/laragon/www/kurikulum/vendor/symfony/console/Application.php(1121): Illuminate/Console/Command->run(Object(Symfony/Component/Console/Input/ArgvInput), Object(Symfony/Component/Console/Output/ConsoleOutput))
#66 C:/laragon/www/kurikulum/vendor/symfony/console/Application.php(324): Symfony/Component/Console/Application->doRunCommand(Object(Laravel/Tinker/Console/TinkerCommand), Object(Symfony/Component/Console/Input/ArgvInput), Object(Symfony/Component/Console/Output/ConsoleOutput))
#67 C:/laragon/www/kurikulum/vendor/symfony/console/Application.php(175): Symfony/Component/Console/Application->doRun(Object(Symfony/Component/Console/Input/ArgvInput), Object(Symfony/Component/Console/Output/ConsoleOutput))
#68 C:/laragon/www/kurikulum/vendor/laravel/framework/src/Illuminate/Foundation/Console/Kernel.php(201): Symfony/Component/Console/Application->run(Object(Symfony/Component/Console/Input/ArgvInput), Object(Symfony/Component/Console/Output/ConsoleOutput))
#69 C:/laragon/www/kurikulum/artisan(14): Illuminate/Foundation/Console/Kernel->handle(Object(Symfony/Component/Console/Input/ArgvInput), Object(Symfony/Component/Console/Output/ConsoleOutput))
#70 {main}

[previous exception] [object] (Anthropic\\Core\\Exceptions\\AuthenticationException(code: 0): Anthropic Authentication Exception

{
    \"status\": 401,
    \"body\": {
        \"type\": \"error\",
        \"error\": {
            \"type\": \"authentication_error\",
            \"message\": \"API key is invalid.\"
        },
        \"request_id\": null
    }
} at C:/laragon/www/kurikulum/vendor/anthropic-ai/sdk/src/Core/Exceptions/APIStatusException.php:67)
[stacktrace]
#0 C:/laragon/www/kurikulum/vendor/anthropic-ai/sdk/src/Core/BaseClient.php(367): Anthropic/Core/Exceptions/APIStatusException::from(Object(GuzzleHttp/Psr7/Request), Object(GuzzleHttp/Psr7/Response))
#1 C:/laragon/www/kurikulum/vendor/anthropic-ai/sdk/src/Core/BaseClient.php(93): Anthropic/Core/BaseClient->sendRequest(Object(Anthropic/RequestOptions), Object(GuzzleHttp/Psr7/Request), Object(stdClass), 0, 0)
#2 C:/laragon/www/kurikulum/vendor/anthropic-ai/sdk/src/Services/MessagesRawService.php(101): Anthropic/Core/BaseClient->request('POST', 'v1/messages', Array, Array, Object(stdClass), NULL, 'Anthropic//Messa...', NULL, NULL, Object(Anthropic/RequestOptions))
#3 C:/laragon/www/kurikulum/vendor/anthropic-ai/sdk/src/Services/MessagesService.php(295): Anthropic/Services/MessagesRawService->create(Array, NULL)
#4 C:/laragon/www/kurikulum/app/Services/GeneratorModulAjarAi.php(50): Anthropic/Services/MessagesService->create(16000, Array, 'claude-opus-5', NULL, NULL, NULL, NULL, Array, NULL, NULL, Array, NULL, Array)
#5 C:/laragon/www/kurikulum/app/Http/Controllers/Kurikulum/ModulAjarController.php(156): App/Services/GeneratorModulAjarAi->generate(Array)
#6 C:/laragon/www/kurikulum/vendor/laravel/framework/src/Illuminate/Routing/Controller.php(54): App/Http/Controllers/Kurikulum/ModulAjarController->generate(Object(Illuminate/Http/Request), Object(App/Services/GeneratorModulAjarAi))
#7 C:/laragon/www/kurikulum/vendor/laravel/framework/src/Illuminate/Routing/ControllerDispatcher.php(43): Illuminate/Routing/Controller->callAction('generate', Array)
#8 C:/laragon/www/kurikulum/vendor/laravel/framework/src/Illuminate/Routing/Route.php(259): Illuminate/Routing/ControllerDispatcher->dispatch(Object(Illuminate/Routing/Route), Object(App/Http/Controllers/Kurikulum/ModulAjarController), 'generate')
#9 C:/laragon/www/kurikulum/vendor/laravel/framework/src/Illuminate/Routing/Route.php(205): Illuminate/Routing/Route->runController()
#10 C:/laragon/www/kurikulum/vendor/laravel/framework/src/Illuminate/Routing/Router.php(806): Illuminate/Routing/Route->run()
#11 C:/laragon/www/kurikulum/vendor/laravel/framework/src/Illuminate/Pipeline/Pipeline.php(144): Illuminate/Routing/Router->Illuminate/Routing/{closure}(Object(Illuminate/Http/Request))
#12 C:/laragon/www/kurikulum/app/Http/Middleware/EnsureUserHasRole.php(23): Illuminate/Pipeline/Pipeline->Illuminate/Pipeline/{closure}(Object(Illuminate/Http/Request))
#13 C:/laragon/www/kurikulum/vendor/laravel/framework/src/Illuminate/Pipeline/Pipeline.php(183): App/Http/Middleware/EnsureUserHasRole->handle(Object(Illuminate/Http/Request), Object(Closure), 'admin', 'guru')
#14 C:/laragon/www/kurikulum/vendor/laravel/framework/src/Illuminate/Routing/Middleware/SubstituteBindings.php(50): Illuminate/Pipeline/Pipeline->Illuminate/Pipeline/{closure}(Object(Illuminate/Http/Request))
#15 C:/laragon/www/kurikulum/vendor/laravel/framework/src/Illuminate/Pipeline/Pipeline.php(183): Illuminate/Routing/Middleware/SubstituteBindings->handle(Object(Illuminate/Http/Request), Object(Closure))
#16 C:/laragon/www/kurikulum/vendor/laravel/framework/src/Illuminate/Auth/Middleware/Authenticate.php(57): Illuminate/Pipeline/Pipeline->Illuminate/Pipeline/{closure}(Object(Illuminate/Http/Request))
#17 C:/laragon/www/kurikulum/vendor/laravel/framework/src/Illuminate/Pipeline/Pipeline.php(183): Illuminate/Auth/Middleware/Authenticate->handle(Object(Illuminate/Http/Request), Object(Closure))
#18 C:/laragon/www/kurikulum/vendor/laravel/framework/src/Illuminate/Foundation/Http/Middleware/VerifyCsrfToken.php(78): Illuminate/Pipeline/Pipeline->Illuminate/Pipeline/{closure}(Object(Illuminate/Http/Request))
#19 C:/laragon/www/kurikulum/vendor/laravel/framework/src/Illuminate/Pipeline/Pipeline.php(183): Illuminate/Foundation/Http/Middleware/VerifyCsrfToken->handle(Object(Illuminate/Http/Request), Object(Closure))
#20 C:/laragon/www/kurikulum/vendor/laravel/framework/src/Illuminate/View/Middleware/ShareErrorsFromSession.php(49): Illuminate/Pipeline/Pipeline->Illuminate/Pipeline/{closure}(Object(Illuminate/Http/Request))
#21 C:/laragon/www/kurikulum/vendor/laravel/framework/src/Illuminate/Pipeline/Pipeline.php(183): Illuminate/View/Middleware/ShareErrorsFromSession->handle(Object(Illuminate/Http/Request), Object(Closure))
#22 C:/laragon/www/kurikulum/vendor/laravel/framework/src/Illuminate/Session/Middleware/StartSession.php(121): Illuminate/Pipeline/Pipeline->Illuminate/Pipeline/{closure}(Object(Illuminate/Http/Request))
#23 C:/laragon/www/kurikulum/vendor/laravel/framework/src/Illuminate/Session/Middleware/StartSession.php(64): Illuminate/Session/Middleware/StartSession->handleStatefulRequest(Object(Illuminate/Http/Request), Object(Illuminate/Session/Store), Object(Closure))
#24 C:/laragon/www/kurikulum/vendor/laravel/framework/src/Illuminate/Pipeline/Pipeline.php(183): Illuminate/Session/Middleware/StartSession->handle(Object(Illuminate/Http/Request), Object(Closure))
#25 C:/laragon/www/kurikulum/vendor/laravel/framework/src/Illuminate/Cookie/Middleware/AddQueuedCookiesToResponse.php(37): Illuminate/Pipeline/Pipeline->Illuminate/Pipeline/{closure}(Object(Illuminate/Http/Request))
#26 C:/laragon/www/kurikulum/vendor/laravel/framework/src/Illuminate/Pipeline/Pipeline.php(183): Illuminate/Cookie/Middleware/AddQueuedCookiesToResponse->handle(Object(Illuminate/Http/Request), Object(Closure))
#27 C:/laragon/www/kurikulum/vendor/laravel/framework/src/Illuminate/Cookie/Middleware/EncryptCookies.php(67): Illuminate/Pipeline/Pipeline->Illuminate/Pipeline/{closure}(Object(Illuminate/Http/Request))
#28 C:/laragon/www/kurikulum/vendor/laravel/framework/src/Illuminate/Pipeline/Pipeline.php(183): Illuminate/Cookie/Middleware/EncryptCookies->handle(Object(Illuminate/Http/Request), Object(Closure))
#29 C:/laragon/www/kurikulum/vendor/laravel/framework/src/Illuminate/Pipeline/Pipeline.php(119): Illuminate/Pipeline/Pipeline->Illuminate/Pipeline/{closure}(Object(Illuminate/Http/Request))
#30 C:/laragon/www/kurikulum/vendor/laravel/framework/src/Illuminate/Routing/Router.php(805): Illuminate/Pipeline/Pipeline->then(Object(Closure))
#31 C:/laragon/www/kurikulum/vendor/laravel/framework/src/Illuminate/Routing/Router.php(784): Illuminate/Routing/Router->runRouteWithinStack(Object(Illuminate/Routing/Route), Object(Illuminate/Http/Request))
#32 C:/laragon/www/kurikulum/vendor/laravel/framework/src/Illuminate/Routing/Router.php(748): Illuminate/Routing/Router->runRoute(Object(Illuminate/Http/Request), Object(Illuminate/Routing/Route))
#33 C:/laragon/www/kurikulum/vendor/laravel/framework/src/Illuminate/Routing/Router.php(737): Illuminate/Routing/Router->dispatchToRoute(Object(Illuminate/Http/Request))
#34 C:/laragon/www/kurikulum/vendor/laravel/framework/src/Illuminate/Foundation/Http/Kernel.php(200): Illuminate/Routing/Router->dispatch(Object(Illuminate/Http/Request))
#35 C:/laragon/www/kurikulum/vendor/laravel/framework/src/Illuminate/Pipeline/Pipeline.php(144): Illuminate/Foundation/Http/Kernel->Illuminate/Foundation/Http/{closure}(Object(Illuminate/Http/Request))
#36 C:/laragon/www/kurikulum/vendor/laravel/framework/src/Illuminate/Foundation/Http/Middleware/TransformsRequest.php(21): Illuminate/Pipeline/Pipeline->Illuminate/Pipeline/{closure}(Object(Illuminate/Http/Request))
#37 C:/laragon/www/kurikulum/vendor/laravel/framework/src/Illuminate/Foundation/Http/Middleware/ConvertEmptyStringsToNull.php(31): Illuminate/Foundation/Http/Middleware/TransformsRequest->handle(Object(Illuminate/Http/Request), Object(Closure))
#38 C:/laragon/www/kurikulum/vendor/laravel/framework/src/Illuminate/Pipeline/Pipeline.php(183): Illuminate/Foundation/Http/Middleware/ConvertEmptyStringsToNull->handle(Object(Illuminate/Http/Request), Object(Closure))
#39 C:/laragon/www/kurikulum/vendor/laravel/framework/src/Illuminate/Foundation/Http/Middleware/TransformsRequest.php(21): Illuminate/Pipeline/Pipeline->Illuminate/Pipeline/{closure}(Object(Illuminate/Http/Request))
#40 C:/laragon/www/kurikulum/vendor/laravel/framework/src/Illuminate/Foundation/Http/Middleware/TrimStrings.php(40): Illuminate/Foundation/Http/Middleware/TransformsRequest->handle(Object(Illuminate/Http/Request), Object(Closure))
#41 C:/laragon/www/kurikulum/vendor/laravel/framework/src/Illuminate/Pipeline/Pipeline.php(183): Illuminate/Foundation/Http/Middleware/TrimStrings->handle(Object(Illuminate/Http/Request), Object(Closure))
#42 C:/laragon/www/kurikulum/vendor/laravel/framework/src/Illuminate/Foundation/Http/Middleware/ValidatePostSize.php(27): Illuminate/Pipeline/Pipeline->Illuminate/Pipeline/{closure}(Object(Illuminate/Http/Request))
#43 C:/laragon/www/kurikulum/vendor/laravel/framework/src/Illuminate/Pipeline/Pipeline.php(183): Illuminate/Foundation/Http/Middleware/ValidatePostSize->handle(Object(Illuminate/Http/Request), Object(Closure))
#44 C:/laragon/www/kurikulum/vendor/laravel/framework/src/Illuminate/Foundation/Http/Middleware/PreventRequestsDuringMaintenance.php(99): Illuminate/Pipeline/Pipeline->Illuminate/Pipeline/{closure}(Object(Illuminate/Http/Request))
#45 C:/laragon/www/kurikulum/vendor/laravel/framework/src/Illuminate/Pipeline/Pipeline.php(183): Illuminate/Foundation/Http/Middleware/PreventRequestsDuringMaintenance->handle(Object(Illuminate/Http/Request), Object(Closure))
#46 C:/laragon/www/kurikulum/vendor/laravel/framework/src/Illuminate/Http/Middleware/HandleCors.php(49): Illuminate/Pipeline/Pipeline->Illuminate/Pipeline/{closure}(Object(Illuminate/Http/Request))
#47 C:/laragon/www/kurikulum/vendor/laravel/framework/src/Illuminate/Pipeline/Pipeline.php(183): Illuminate/Http/Middleware/HandleCors->handle(Object(Illuminate/Http/Request), Object(Closure))
#48 C:/laragon/www/kurikulum/vendor/laravel/framework/src/Illuminate/Http/Middleware/TrustProxies.php(39): Illuminate/Pipeline/Pipeline->Illuminate/Pipeline/{closure}(Object(Illuminate/Http/Request))
#49 C:/laragon/www/kurikulum/vendor/laravel/framework/src/Illuminate/Pipeline/Pipeline.php(183): Illuminate/Http/Middleware/TrustProxies->handle(Object(Illuminate/Http/Request), Object(Closure))
#50 C:/laragon/www/kurikulum/vendor/laravel/framework/src/Illuminate/Pipeline/Pipeline.php(119): Illuminate/Pipeline/Pipeline->Illuminate/Pipeline/{closure}(Object(Illuminate/Http/Request))
#51 C:/laragon/www/kurikulum/vendor/laravel/framework/src/Illuminate/Foundation/Http/Kernel.php(175): Illuminate/Pipeline/Pipeline->then(Object(Closure))
#52 C:/laragon/www/kurikulum/vendor/laravel/framework/src/Illuminate/Foundation/Http/Kernel.php(144): Illuminate/Foundation/Http/Kernel->sendRequestThroughRouter(Object(Illuminate/Http/Request))
#53 C:/Users/deasy/AppData/Local/Temp/claude/C--laragon-www-kurikulum/3da87171-a58e-497f-935f-452a8fdd4d0d/scratchpad/uji_generate.php(13): Illuminate/Foundation/Http/Kernel->handle(Object(Illuminate/Http/Request))
#54 C:/Users/deasy/AppData/Local/Temp/claude/C--laragon-www-kurikulum/3da87171-a58e-497f-935f-452a8fdd4d0d/scratchpad/uji_generate.php(44): panggil(Object(App/Http/Kernel), Array)
#55 C:/laragon/www/kurikulum/vendor/psy/psysh/src/Shell.php(841): include_once('C://Users//deasy//...')
#56 C:/laragon/www/kurikulum/vendor/psy/psysh/src/Shell.php(856): Psy/Shell->Psy/{closure}(Object(Psy/Shell))
#57 C:/laragon/www/kurikulum/vendor/psy/psysh/src/Shell.php(788): Psy/Shell->loadIncludes()
#58 C:/laragon/www/kurikulum/vendor/psy/psysh/src/Shell.php(716): Psy/Shell->doNonInteractiveRun(false)
#59 C:/laragon/www/kurikulum/vendor/symfony/console/Application.php(175): Psy/Shell->doRun(Object(Symfony/Component/Console/Input/ArrayInput), Object(Psy/Output/ShellOutput))
#60 C:/laragon/www/kurikulum/vendor/psy/psysh/src/Shell.php(684): Symfony/Component/Console/Application->run(Object(Symfony/Component/Console/Input/ArrayInput), Object(Psy/Output/ShellOutput))
#61 C:/laragon/www/kurikulum/vendor/laravel/tinker/src/Console/TinkerCommand.php(86): Psy/Shell->run()
#62 C:/laragon/www/kurikulum/vendor/laravel/framework/src/Illuminate/Container/BoundMethod.php(36): Laravel/Tinker/Console/TinkerCommand->handle()
#63 C:/laragon/www/kurikulum/vendor/laravel/framework/src/Illuminate/Container/Util.php(41): Illuminate/Container/BoundMethod::Illuminate/Container/{closure}()
#64 C:/laragon/www/kurikulum/vendor/laravel/framework/src/Illuminate/Container/BoundMethod.php(93): Illuminate/Container/Util::unwrapIfClosure(Object(Closure))
#65 C:/laragon/www/kurikulum/vendor/laravel/framework/src/Illuminate/Container/BoundMethod.php(35): Illuminate/Container/BoundMethod::callBoundMethod(Object(Illuminate/Foundation/Application), Array, Object(Closure))
#66 C:/laragon/www/kurikulum/vendor/laravel/framework/src/Illuminate/Container/Container.php(662): Illuminate/Container/BoundMethod::call(Object(Illuminate/Foundation/Application), Array, Array, NULL)
#67 C:/laragon/www/kurikulum/vendor/laravel/framework/src/Illuminate/Console/Command.php(211): Illuminate/Container/Container->call(Array)
#68 C:/laragon/www/kurikulum/vendor/symfony/console/Command/Command.php(326): Illuminate/Console/Command->execute(Object(Symfony/Component/Console/Input/ArgvInput), Object(Illuminate/Console/OutputStyle))
#69 C:/laragon/www/kurikulum/vendor/laravel/framework/src/Illuminate/Console/Command.php(180): Symfony/Component/Console/Command/Command->run(Object(Symfony/Component/Console/Input/ArgvInput), Object(Illuminate/Console/OutputStyle))
#70 C:/laragon/www/kurikulum/vendor/symfony/console/Application.php(1121): Illuminate/Console/Command->run(Object(Symfony/Component/Console/Input/ArgvInput), Object(Symfony/Component/Console/Output/ConsoleOutput))
#71 C:/laragon/www/kurikulum/vendor/symfony/console/Application.php(324): Symfony/Component/Console/Application->doRunCommand(Object(Laravel/Tinker/Console/TinkerCommand), Object(Symfony/Component/Console/Input/ArgvInput), Object(Symfony/Component/Console/Output/ConsoleOutput))
#72 C:/laragon/www/kurikulum/vendor/symfony/console/Application.php(175): Symfony/Component/Console/Application->doRun(Object(Symfony/Component/Console/Input/ArgvInput), Object(Symfony/Component/Console/Output/ConsoleOutput))
#73 C:/laragon/www/kurikulum/vendor/laravel/framework/src/Illuminate/Foundation/Console/Kernel.php(201): Symfony/Component/Console/Application->run(Object(Symfony/Component/Console/Input/ArgvInput), Object(Symfony/Component/Console/Output/ConsoleOutput))
#74 C:/laragon/www/kurikulum/artisan(14): Illuminate/Foundation/Console/Kernel->handle(Object(Symfony/Component/Console/Input/ArgvInput), Object(Symfony/Component/Console/Output/ConsoleOutput))
#75 {main}
"} 
[2026-08-22 08:09:54] local.ERROR: Kunci API Anthropic ditolak. Periksa ANTHROPIC_API_KEY di file .env. {"userId":1,"exception":"[object] (RuntimeException(code: 0): Kunci API Anthropic ditolak. Periksa ANTHROPIC_API_KEY di file .env. at C:/laragon/www/kurikulum/app/Services/GeneratorModulAjarAi.php:74)
[stacktrace]
#0 C:/laragon/www/kurikulum/app/Http/Controllers/Kurikulum/ModulAjarController.php(156): App/Services/GeneratorModulAjarAi->generate(Array)
#1 C:/laragon/www/kurikulum/vendor/laravel/framework/src/Illuminate/Routing/Controller.php(54): App/Http/Controllers/Kurikulum/ModulAjarController->generate(Object(Illuminate/Http/Request), Object(App/Services/GeneratorModulAjarAi))
#2 C:/laragon/www/kurikulum/vendor/laravel/framework/src/Illuminate/Routing/ControllerDispatcher.php(43): Illuminate/Routing/Controller->callAction('generate', Array)
#3 C:/laragon/www/kurikulum/vendor/laravel/framework/src/Illuminate/Routing/Route.php(259): Illuminate/Routing/ControllerDispatcher->dispatch(Object(Illuminate/Routing/Route), Object(App/Http/Controllers/Kurikulum/ModulAjarController), 'generate')
#4 C:/laragon/www/kurikulum/vendor/laravel/framework/src/Illuminate/Routing/Route.php(205): Illuminate/Routing/Route->runController()
#5 C:/laragon/www/kurikulum/vendor/laravel/framework/src/Illuminate/Routing/Router.php(806): Illuminate/Routing/Route->run()
#6 C:/laragon/www/kurikulum/vendor/laravel/framework/src/Illuminate/Pipeline/Pipeline.php(144): Illuminate/Routing/Router->Illuminate/Routing/{closure}(Object(Illuminate/Http/Request))
#7 C:/laragon/www/kurikulum/app/Http/Middleware/EnsureUserHasRole.php(23): Illuminate/Pipeline/Pipeline->Illuminate/Pipeline/{closure}(Object(Illuminate/Http/Request))
#8 C:/laragon/www/kurikulum/vendor/laravel/framework/src/Illuminate/Pipeline/Pipeline.php(183): App/Http/Middleware/EnsureUserHasRole->handle(Object(Illuminate/Http/Request), Object(Closure), 'admin', 'guru')
#9 C:/laragon/www/kurikulum/vendor/laravel/framework/src/Illuminate/Routing/Middleware/SubstituteBindings.php(50): Illuminate/Pipeline/Pipeline->Illuminate/Pipeline/{closure}(Object(Illuminate/Http/Request))
#10 C:/laragon/www/kurikulum/vendor/laravel/framework/src/Illuminate/Pipeline/Pipeline.php(183): Illuminate/Routing/Middleware/SubstituteBindings->handle(Object(Illuminate/Http/Request), Object(Closure))
#11 C:/laragon/www/kurikulum/vendor/laravel/framework/src/Illuminate/Auth/Middleware/Authenticate.php(57): Illuminate/Pipeline/Pipeline->Illuminate/Pipeline/{closure}(Object(Illuminate/Http/Request))
#12 C:/laragon/www/kurikulum/vendor/laravel/framework/src/Illuminate/Pipeline/Pipeline.php(183): Illuminate/Auth/Middleware/Authenticate->handle(Object(Illuminate/Http/Request), Object(Closure))
#13 C:/laragon/www/kurikulum/vendor/laravel/framework/src/Illuminate/Foundation/Http/Middleware/VerifyCsrfToken.php(78): Illuminate/Pipeline/Pipeline->Illuminate/Pipeline/{closure}(Object(Illuminate/Http/Request))
#14 C:/laragon/www/kurikulum/vendor/laravel/framework/src/Illuminate/Pipeline/Pipeline.php(183): Illuminate/Foundation/Http/Middleware/VerifyCsrfToken->handle(Object(Illuminate/Http/Request), Object(Closure))
#15 C:/laragon/www/kurikulum/vendor/laravel/framework/src/Illuminate/View/Middleware/ShareErrorsFromSession.php(49): Illuminate/Pipeline/Pipeline->Illuminate/Pipeline/{closure}(Object(Illuminate/Http/Request))
#16 C:/laragon/www/kurikulum/vendor/laravel/framework/src/Illuminate/Pipeline/Pipeline.php(183): Illuminate/View/Middleware/ShareErrorsFromSession->handle(Object(Illuminate/Http/Request), Object(Closure))
#17 C:/laragon/www/kurikulum/vendor/laravel/framework/src/Illuminate/Session/Middleware/StartSession.php(121): Illuminate/Pipeline/Pipeline->Illuminate/Pipeline/{closure}(Object(Illuminate/Http/Request))
#18 C:/laragon/www/kurikulum/vendor/laravel/framework/src/Illuminate/Session/Middleware/StartSession.php(64): Illuminate/Session/Middleware/StartSession->handleStatefulRequest(Object(Illuminate/Http/Request), Object(Illuminate/Session/Store), Object(Closure))
#19 C:/laragon/www/kurikulum/vendor/laravel/framework/src/Illuminate/Pipeline/Pipeline.php(183): Illuminate/Session/Middleware/StartSession->handle(Object(Illuminate/Http/Request), Object(Closure))
#20 C:/laragon/www/kurikulum/vendor/laravel/framework/src/Illuminate/Cookie/Middleware/AddQueuedCookiesToResponse.php(37): Illuminate/Pipeline/Pipeline->Illuminate/Pipeline/{closure}(Object(Illuminate/Http/Request))
#21 C:/laragon/www/kurikulum/vendor/laravel/framework/src/Illuminate/Pipeline/Pipeline.php(183): Illuminate/Cookie/Middleware/AddQueuedCookiesToResponse->handle(Object(Illuminate/Http/Request), Object(Closure))
#22 C:/laragon/www/kurikulum/vendor/laravel/framework/src/Illuminate/Cookie/Middleware/EncryptCookies.php(67): Illuminate/Pipeline/Pipeline->Illuminate/Pipeline/{closure}(Object(Illuminate/Http/Request))
#23 C:/laragon/www/kurikulum/vendor/laravel/framework/src/Illuminate/Pipeline/Pipeline.php(183): Illuminate/Cookie/Middleware/EncryptCookies->handle(Object(Illuminate/Http/Request), Object(Closure))
#24 C:/laragon/www/kurikulum/vendor/laravel/framework/src/Illuminate/Pipeline/Pipeline.php(119): Illuminate/Pipeline/Pipeline->Illuminate/Pipeline/{closure}(Object(Illuminate/Http/Request))
#25 C:/laragon/www/kurikulum/vendor/laravel/framework/src/Illuminate/Routing/Router.php(805): Illuminate/Pipeline/Pipeline->then(Object(Closure))
#26 C:/laragon/www/kurikulum/vendor/laravel/framework/src/Illuminate/Routing/Router.php(784): Illuminate/Routing/Router->runRouteWithinStack(Object(Illuminate/Routing/Route), Object(Illuminate/Http/Request))
#27 C:/laragon/www/kurikulum/vendor/laravel/framework/src/Illuminate/Routing/Router.php(748): Illuminate/Routing/Router->runRoute(Object(Illuminate/Http/Request), Object(Illuminate/Routing/Route))
#28 C:/laragon/www/kurikulum/vendor/laravel/framework/src/Illuminate/Routing/Router.php(737): Illuminate/Routing/Router->dispatchToRoute(Object(Illuminate/Http/Request))
#29 C:/laragon/www/kurikulum/vendor/laravel/framework/src/Illuminate/Foundation/Http/Kernel.php(200): Illuminate/Routing/Router->dispatch(Object(Illuminate/Http/Request))
#30 C:/laragon/www/kurikulum/vendor/laravel/framework/src/Illuminate/Pipeline/Pipeline.php(144): Illuminate/Foundation/Http/Kernel->Illuminate/Foundation/Http/{closure}(Object(Illuminate/Http/Request))
#31 C:/laragon/www/kurikulum/vendor/laravel/framework/src/Illuminate/Foundation/Http/Middleware/TransformsRequest.php(21): Illuminate/Pipeline/Pipeline->Illuminate/Pipeline/{closure}(Object(Illuminate/Http/Request))
#32 C:/laragon/www/kurikulum/vendor/laravel/framework/src/Illuminate/Foundation/Http/Middleware/ConvertEmptyStringsToNull.php(31): Illuminate/Foundation/Http/Middleware/TransformsRequest->handle(Object(Illuminate/Http/Request), Object(Closure))
#33 C:/laragon/www/kurikulum/vendor/laravel/framework/src/Illuminate/Pipeline/Pipeline.php(183): Illuminate/Foundation/Http/Middleware/ConvertEmptyStringsToNull->handle(Object(Illuminate/Http/Request), Object(Closure))
#34 C:/laragon/www/kurikulum/vendor/laravel/framework/src/Illuminate/Foundation/Http/Middleware/TransformsRequest.php(21): Illuminate/Pipeline/Pipeline->Illuminate/Pipeline/{closure}(Object(Illuminate/Http/Request))
#35 C:/laragon/www/kurikulum/vendor/laravel/framework/src/Illuminate/Foundation/Http/Middleware/TrimStrings.php(40): Illuminate/Foundation/Http/Middleware/TransformsRequest->handle(Object(Illuminate/Http/Request), Object(Closure))
#36 C:/laragon/www/kurikulum/vendor/laravel/framework/src/Illuminate/Pipeline/Pipeline.php(183): Illuminate/Foundation/Http/Middleware/TrimStrings->handle(Object(Illuminate/Http/Request), Object(Closure))
#37 C:/laragon/www/kurikulum/vendor/laravel/framework/src/Illuminate/Foundation/Http/Middleware/ValidatePostSize.php(27): Illuminate/Pipeline/Pipeline->Illuminate/Pipeline/{closure}(Object(Illuminate/Http/Request))
#38 C:/laragon/www/kurikulum/vendor/laravel/framework/src/Illuminate/Pipeline/Pipeline.php(183): Illuminate/Foundation/Http/Middleware/ValidatePostSize->handle(Object(Illuminate/Http/Request), Object(Closure))
#39 C:/laragon/www/kurikulum/vendor/laravel/framework/src/Illuminate/Foundation/Http/Middleware/PreventRequestsDuringMaintenance.php(99): Illuminate/Pipeline/Pipeline->Illuminate/Pipeline/{closure}(Object(Illuminate/Http/Request))
#40 C:/laragon/www/kurikulum/vendor/laravel/framework/src/Illuminate/Pipeline/Pipeline.php(183): Illuminate/Foundation/Http/Middleware/PreventRequestsDuringMaintenance->handle(Object(Illuminate/Http/Request), Object(Closure))
#41 C:/laragon/www/kurikulum/vendor/laravel/framework/src/Illuminate/Http/Middleware/HandleCors.php(49): Illuminate/Pipeline/Pipeline->Illuminate/Pipeline/{closure}(Object(Illuminate/Http/Request))
#42 C:/laragon/www/kurikulum/vendor/laravel/framework/src/Illuminate/Pipeline/Pipeline.php(183): Illuminate/Http/Middleware/HandleCors->handle(Object(Illuminate/Http/Request), Object(Closure))
#43 C:/laragon/www/kurikulum/vendor/laravel/framework/src/Illuminate/Http/Middleware/TrustProxies.php(39): Illuminate/Pipeline/Pipeline->Illuminate/Pipeline/{closure}(Object(Illuminate/Http/Request))
#44 C:/laragon/www/kurikulum/vendor/laravel/framework/src/Illuminate/Pipeline/Pipeline.php(183): Illuminate/Http/Middleware/TrustProxies->handle(Object(Illuminate/Http/Request), Object(Closure))
#45 C:/laragon/www/kurikulum/vendor/laravel/framework/src/Illuminate/Pipeline/Pipeline.php(119): Illuminate/Pipeline/Pipeline->Illuminate/Pipeline/{closure}(Object(Illuminate/Http/Request))
#46 C:/laragon/www/kurikulum/vendor/laravel/framework/src/Illuminate/Foundation/Http/Kernel.php(175): Illuminate/Pipeline/Pipeline->then(Object(Closure))
#47 C:/laragon/www/kurikulum/vendor/laravel/framework/src/Illuminate/Foundation/Http/Kernel.php(144): Illuminate/Foundation/Http/Kernel->sendRequestThroughRouter(Object(Illuminate/Http/Request))
#48 C:/Users/deasy/AppData/Local/Temp/claude/C--laragon-www-kurikulum/3da87171-a58e-497f-935f-452a8fdd4d0d/scratchpad/uji_generate.php(13): Illuminate/Foundation/Http/Kernel->handle(Object(Illuminate/Http/Request))
#49 C:/Users/deasy/AppData/Local/Temp/claude/C--laragon-www-kurikulum/3da87171-a58e-497f-935f-452a8fdd4d0d/scratchpad/uji_generate.php(44): panggil(Object(App/Http/Kernel), Array)
#50 C:/laragon/www/kurikulum/vendor/psy/psysh/src/Shell.php(841): include_once('C://Users//deasy//...')
#51 C:/laragon/www/kurikulum/vendor/psy/psysh/src/Shell.php(856): Psy/Shell->Psy/{closure}(Object(Psy/Shell))
#52 C:/laragon/www/kurikulum/vendor/psy/psysh/src/Shell.php(788): Psy/Shell->loadIncludes()
#53 C:/laragon/www/kurikulum/vendor/psy/psysh/src/Shell.php(716): Psy/Shell->doNonInteractiveRun(false)
#54 C:/laragon/www/kurikulum/vendor/symfony/console/Application.php(175): Psy/Shell->doRun(Object(Symfony/Component/Console/Input/ArrayInput), Object(Psy/Output/ShellOutput))
#55 C:/laragon/www/kurikulum/vendor/psy/psysh/src/Shell.php(684): Symfony/Component/Console/Application->run(Object(Symfony/Component/Console/Input/ArrayInput), Object(Psy/Output/ShellOutput))
#56 C:/laragon/www/kurikulum/vendor/laravel/tinker/src/Console/TinkerCommand.php(86): Psy/Shell->run()
#57 C:/laragon/www/kurikulum/vendor/laravel/framework/src/Illuminate/Container/BoundMethod.php(36): Laravel/Tinker/Console/TinkerCommand->handle()
#58 C:/laragon/www/kurikulum/vendor/laravel/framework/src/Illuminate/Container/Util.php(41): Illuminate/Container/BoundMethod::Illuminate/Container/{closure}()
#59 C:/laragon/www/kurikulum/vendor/laravel/framework/src/Illuminate/Container/BoundMethod.php(93): Illuminate/Container/Util::unwrapIfClosure(Object(Closure))
#60 C:/laragon/www/kurikulum/vendor/laravel/framework/src/Illuminate/Container/BoundMethod.php(35): Illuminate/Container/BoundMethod::callBoundMethod(Object(Illuminate/Foundation/Application), Array, Object(Closure))
#61 C:/laragon/www/kurikulum/vendor/laravel/framework/src/Illuminate/Container/Container.php(662): Illuminate/Container/BoundMethod::call(Object(Illuminate/Foundation/Application), Array, Array, NULL)
#62 C:/laragon/www/kurikulum/vendor/laravel/framework/src/Illuminate/Console/Command.php(211): Illuminate/Container/Container->call(Array)
#63 C:/laragon/www/kurikulum/vendor/symfony/console/Command/Command.php(326): Illuminate/Console/Command->execute(Object(Symfony/Component/Console/Input/ArgvInput), Object(Illuminate/Console/OutputStyle))
#64 C:/laragon/www/kurikulum/vendor/laravel/framework/src/Illuminate/Console/Command.php(180): Symfony/Component/Console/Command/Command->run(Object(Symfony/Component/Console/Input/ArgvInput), Object(Illuminate/Console/OutputStyle))
#65 C:/laragon/www/kurikulum/vendor/symfony/console/Application.php(1121): Illuminate/Console/Command->run(Object(Symfony/Component/Console/Input/ArgvInput), Object(Symfony/Component/Console/Output/ConsoleOutput))
#66 C:/laragon/www/kurikulum/vendor/symfony/console/Application.php(324): Symfony/Component/Console/Application->doRunCommand(Object(Laravel/Tinker/Console/TinkerCommand), Object(Symfony/Component/Console/Input/ArgvInput), Object(Symfony/Component/Console/Output/ConsoleOutput))
#67 C:/laragon/www/kurikulum/vendor/symfony/console/Application.php(175): Symfony/Component/Console/Application->doRun(Object(Symfony/Component/Console/Input/ArgvInput), Object(Symfony/Component/Console/Output/ConsoleOutput))
#68 C:/laragon/www/kurikulum/vendor/laravel/framework/src/Illuminate/Foundation/Console/Kernel.php(201): Symfony/Component/Console/Application->run(Object(Symfony/Component/Console/Input/ArgvInput), Object(Symfony/Component/Console/Output/ConsoleOutput))
#69 C:/laragon/www/kurikulum/artisan(14): Illuminate/Foundation/Console/Kernel->handle(Object(Symfony/Component/Console/Input/ArgvInput), Object(Symfony/Component/Console/Output/ConsoleOutput))
#70 {main}

[previous exception] [object] (Anthropic\\Core\\Exceptions\\AuthenticationException(code: 0): Anthropic Authentication Exception

{
    \"status\": 401,
    \"body\": {
        \"type\": \"error\",
        \"error\": {
            \"type\": \"authentication_error\",
            \"message\": \"API key is invalid.\"
        },
        \"request_id\": null
    }
} at C:/laragon/www/kurikulum/vendor/anthropic-ai/sdk/src/Core/Exceptions/APIStatusException.php:67)
[stacktrace]
#0 C:/laragon/www/kurikulum/vendor/anthropic-ai/sdk/src/Core/BaseClient.php(367): Anthropic/Core/Exceptions/APIStatusException::from(Object(GuzzleHttp/Psr7/Request), Object(GuzzleHttp/Psr7/Response))
#1 C:/laragon/www/kurikulum/vendor/anthropic-ai/sdk/src/Core/BaseClient.php(93): Anthropic/Core/BaseClient->sendRequest(Object(Anthropic/RequestOptions), Object(GuzzleHttp/Psr7/Request), Object(stdClass), 0, 0)
#2 C:/laragon/www/kurikulum/vendor/anthropic-ai/sdk/src/Services/MessagesRawService.php(101): Anthropic/Core/BaseClient->request('POST', 'v1/messages', Array, Array, Object(stdClass), NULL, 'Anthropic//Messa...', NULL, NULL, Object(Anthropic/RequestOptions))
#3 C:/laragon/www/kurikulum/vendor/anthropic-ai/sdk/src/Services/MessagesService.php(295): Anthropic/Services/MessagesRawService->create(Array, NULL)
#4 C:/laragon/www/kurikulum/app/Services/GeneratorModulAjarAi.php(55): Anthropic/Services/MessagesService->create(16000, Array, 'claude-opus-5', NULL, NULL, NULL, NULL, Array, NULL, NULL, Array, NULL, Array)
#5 C:/laragon/www/kurikulum/app/Http/Controllers/Kurikulum/ModulAjarController.php(156): App/Services/GeneratorModulAjarAi->generate(Array)
#6 C:/laragon/www/kurikulum/vendor/laravel/framework/src/Illuminate/Routing/Controller.php(54): App/Http/Controllers/Kurikulum/ModulAjarController->generate(Object(Illuminate/Http/Request), Object(App/Services/GeneratorModulAjarAi))
#7 C:/laragon/www/kurikulum/vendor/laravel/framework/src/Illuminate/Routing/ControllerDispatcher.php(43): Illuminate/Routing/Controller->callAction('generate', Array)
#8 C:/laragon/www/kurikulum/vendor/laravel/framework/src/Illuminate/Routing/Route.php(259): Illuminate/Routing/ControllerDispatcher->dispatch(Object(Illuminate/Routing/Route), Object(App/Http/Controllers/Kurikulum/ModulAjarController), 'generate')
#9 C:/laragon/www/kurikulum/vendor/laravel/framework/src/Illuminate/Routing/Route.php(205): Illuminate/Routing/Route->runController()
#10 C:/laragon/www/kurikulum/vendor/laravel/framework/src/Illuminate/Routing/Router.php(806): Illuminate/Routing/Route->run()
#11 C:/laragon/www/kurikulum/vendor/laravel/framework/src/Illuminate/Pipeline/Pipeline.php(144): Illuminate/Routing/Router->Illuminate/Routing/{closure}(Object(Illuminate/Http/Request))
#12 C:/laragon/www/kurikulum/app/Http/Middleware/EnsureUserHasRole.php(23): Illuminate/Pipeline/Pipeline->Illuminate/Pipeline/{closure}(Object(Illuminate/Http/Request))
#13 C:/laragon/www/kurikulum/vendor/laravel/framework/src/Illuminate/Pipeline/Pipeline.php(183): App/Http/Middleware/EnsureUserHasRole->handle(Object(Illuminate/Http/Request), Object(Closure), 'admin', 'guru')
#14 C:/laragon/www/kurikulum/vendor/laravel/framework/src/Illuminate/Routing/Middleware/SubstituteBindings.php(50): Illuminate/Pipeline/Pipeline->Illuminate/Pipeline/{closure}(Object(Illuminate/Http/Request))
#15 C:/laragon/www/kurikulum/vendor/laravel/framework/src/Illuminate/Pipeline/Pipeline.php(183): Illuminate/Routing/Middleware/SubstituteBindings->handle(Object(Illuminate/Http/Request), Object(Closure))
#16 C:/laragon/www/kurikulum/vendor/laravel/framework/src/Illuminate/Auth/Middleware/Authenticate.php(57): Illuminate/Pipeline/Pipeline->Illuminate/Pipeline/{closure}(Object(Illuminate/Http/Request))
#17 C:/laragon/www/kurikulum/vendor/laravel/framework/src/Illuminate/Pipeline/Pipeline.php(183): Illuminate/Auth/Middleware/Authenticate->handle(Object(Illuminate/Http/Request), Object(Closure))
#18 C:/laragon/www/kurikulum/vendor/laravel/framework/src/Illuminate/Foundation/Http/Middleware/VerifyCsrfToken.php(78): Illuminate/Pipeline/Pipeline->Illuminate/Pipeline/{closure}(Object(Illuminate/Http/Request))
#19 C:/laragon/www/kurikulum/vendor/laravel/framework/src/Illuminate/Pipeline/Pipeline.php(183): Illuminate/Foundation/Http/Middleware/VerifyCsrfToken->handle(Object(Illuminate/Http/Request), Object(Closure))
#20 C:/laragon/www/kurikulum/vendor/laravel/framework/src/Illuminate/View/Middleware/ShareErrorsFromSession.php(49): Illuminate/Pipeline/Pipeline->Illuminate/Pipeline/{closure}(Object(Illuminate/Http/Request))
#21 C:/laragon/www/kurikulum/vendor/laravel/framework/src/Illuminate/Pipeline/Pipeline.php(183): Illuminate/View/Middleware/ShareErrorsFromSession->handle(Object(Illuminate/Http/Request), Object(Closure))
#22 C:/laragon/www/kurikulum/vendor/laravel/framework/src/Illuminate/Session/Middleware/StartSession.php(121): Illuminate/Pipeline/Pipeline->Illuminate/Pipeline/{closure}(Object(Illuminate/Http/Request))
#23 C:/laragon/www/kurikulum/vendor/laravel/framework/src/Illuminate/Session/Middleware/StartSession.php(64): Illuminate/Session/Middleware/StartSession->handleStatefulRequest(Object(Illuminate/Http/Request), Object(Illuminate/Session/Store), Object(Closure))
#24 C:/laragon/www/kurikulum/vendor/laravel/framework/src/Illuminate/Pipeline/Pipeline.php(183): Illuminate/Session/Middleware/StartSession->handle(Object(Illuminate/Http/Request), Object(Closure))
#25 C:/laragon/www/kurikulum/vendor/laravel/framework/src/Illuminate/Cookie/Middleware/AddQueuedCookiesToResponse.php(37): Illuminate/Pipeline/Pipeline->Illuminate/Pipeline/{closure}(Object(Illuminate/Http/Request))
#26 C:/laragon/www/kurikulum/vendor/laravel/framework/src/Illuminate/Pipeline/Pipeline.php(183): Illuminate/Cookie/Middleware/AddQueuedCookiesToResponse->handle(Object(Illuminate/Http/Request), Object(Closure))
#27 C:/laragon/www/kurikulum/vendor/laravel/framework/src/Illuminate/Cookie/Middleware/EncryptCookies.php(67): Illuminate/Pipeline/Pipeline->Illuminate/Pipeline/{closure}(Object(Illuminate/Http/Request))
#28 C:/laragon/www/kurikulum/vendor/laravel/framework/src/Illuminate/Pipeline/Pipeline.php(183): Illuminate/Cookie/Middleware/EncryptCookies->handle(Object(Illuminate/Http/Request), Object(Closure))
#29 C:/laragon/www/kurikulum/vendor/laravel/framework/src/Illuminate/Pipeline/Pipeline.php(119): Illuminate/Pipeline/Pipeline->Illuminate/Pipeline/{closure}(Object(Illuminate/Http/Request))
#30 C:/laragon/www/kurikulum/vendor/laravel/framework/src/Illuminate/Routing/Router.php(805): Illuminate/Pipeline/Pipeline->then(Object(Closure))
#31 C:/laragon/www/kurikulum/vendor/laravel/framework/src/Illuminate/Routing/Router.php(784): Illuminate/Routing/Router->runRouteWithinStack(Object(Illuminate/Routing/Route), Object(Illuminate/Http/Request))
#32 C:/laragon/www/kurikulum/vendor/laravel/framework/src/Illuminate/Routing/Router.php(748): Illuminate/Routing/Router->runRoute(Object(Illuminate/Http/Request), Object(Illuminate/Routing/Route))
#33 C:/laragon/www/kurikulum/vendor/laravel/framework/src/Illuminate/Routing/Router.php(737): Illuminate/Routing/Router->dispatchToRoute(Object(Illuminate/Http/Request))
#34 C:/laragon/www/kurikulum/vendor/laravel/framework/src/Illuminate/Foundation/Http/Kernel.php(200): Illuminate/Routing/Router->dispatch(Object(Illuminate/Http/Request))
#35 C:/laragon/www/kurikulum/vendor/laravel/framework/src/Illuminate/Pipeline/Pipeline.php(144): Illuminate/Foundation/Http/Kernel->Illuminate/Foundation/Http/{closure}(Object(Illuminate/Http/Request))
#36 C:/laragon/www/kurikulum/vendor/laravel/framework/src/Illuminate/Foundation/Http/Middleware/TransformsRequest.php(21): Illuminate/Pipeline/Pipeline->Illuminate/Pipeline/{closure}(Object(Illuminate/Http/Request))
#37 C:/laragon/www/kurikulum/vendor/laravel/framework/src/Illuminate/Foundation/Http/Middleware/ConvertEmptyStringsToNull.php(31): Illuminate/Foundation/Http/Middleware/TransformsRequest->handle(Object(Illuminate/Http/Request), Object(Closure))
#38 C:/laragon/www/kurikulum/vendor/laravel/framework/src/Illuminate/Pipeline/Pipeline.php(183): Illuminate/Foundation/Http/Middleware/ConvertEmptyStringsToNull->handle(Object(Illuminate/Http/Request), Object(Closure))
#39 C:/laragon/www/kurikulum/vendor/laravel/framework/src/Illuminate/Foundation/Http/Middleware/TransformsRequest.php(21): Illuminate/Pipeline/Pipeline->Illuminate/Pipeline/{closure}(Object(Illuminate/Http/Request))
#40 C:/laragon/www/kurikulum/vendor/laravel/framework/src/Illuminate/Foundation/Http/Middleware/TrimStrings.php(40): Illuminate/Foundation/Http/Middleware/TransformsRequest->handle(Object(Illuminate/Http/Request), Object(Closure))
#41 C:/laragon/www/kurikulum/vendor/laravel/framework/src/Illuminate/Pipeline/Pipeline.php(183): Illuminate/Foundation/Http/Middleware/TrimStrings->handle(Object(Illuminate/Http/Request), Object(Closure))
#42 C:/laragon/www/kurikulum/vendor/laravel/framework/src/Illuminate/Foundation/Http/Middleware/ValidatePostSize.php(27): Illuminate/Pipeline/Pipeline->Illuminate/Pipeline/{closure}(Object(Illuminate/Http/Request))
#43 C:/laragon/www/kurikulum/vendor/laravel/framework/src/Illuminate/Pipeline/Pipeline.php(183): Illuminate/Foundation/Http/Middleware/ValidatePostSize->handle(Object(Illuminate/Http/Request), Object(Closure))
#44 C:/laragon/www/kurikulum/vendor/laravel/framework/src/Illuminate/Foundation/Http/Middleware/PreventRequestsDuringMaintenance.php(99): Illuminate/Pipeline/Pipeline->Illuminate/Pipeline/{closure}(Object(Illuminate/Http/Request))
#45 C:/laragon/www/kurikulum/vendor/laravel/framework/src/Illuminate/Pipeline/Pipeline.php(183): Illuminate/Foundation/Http/Middleware/PreventRequestsDuringMaintenance->handle(Object(Illuminate/Http/Request), Object(Closure))
#46 C:/laragon/www/kurikulum/vendor/laravel/framework/src/Illuminate/Http/Middleware/HandleCors.php(49): Illuminate/Pipeline/Pipeline->Illuminate/Pipeline/{closure}(Object(Illuminate/Http/Request))
#47 C:/laragon/www/kurikulum/vendor/laravel/framework/src/Illuminate/Pipeline/Pipeline.php(183): Illuminate/Http/Middleware/HandleCors->handle(Object(Illuminate/Http/Request), Object(Closure))
#48 C:/laragon/www/kurikulum/vendor/laravel/framework/src/Illuminate/Http/Middleware/TrustProxies.php(39): Illuminate/Pipeline/Pipeline->Illuminate/Pipeline/{closure}(Object(Illuminate/Http/Request))
#49 C:/laragon/www/kurikulum/vendor/laravel/framework/src/Illuminate/Pipeline/Pipeline.php(183): Illuminate/Http/Middleware/TrustProxies->handle(Object(Illuminate/Http/Request), Object(Closure))
#50 C:/laragon/www/kurikulum/vendor/laravel/framework/src/Illuminate/Pipeline/Pipeline.php(119): Illuminate/Pipeline/Pipeline->Illuminate/Pipeline/{closure}(Object(Illuminate/Http/Request))
#51 C:/laragon/www/kurikulum/vendor/laravel/framework/src/Illuminate/Foundation/Http/Kernel.php(175): Illuminate/Pipeline/Pipeline->then(Object(Closure))
#52 C:/laragon/www/kurikulum/vendor/laravel/framework/src/Illuminate/Foundation/Http/Kernel.php(144): Illuminate/Foundation/Http/Kernel->sendRequestThroughRouter(Object(Illuminate/Http/Request))
#53 C:/Users/deasy/AppData/Local/Temp/claude/C--laragon-www-kurikulum/3da87171-a58e-497f-935f-452a8fdd4d0d/scratchpad/uji_generate.php(13): Illuminate/Foundation/Http/Kernel->handle(Object(Illuminate/Http/Request))
#54 C:/Users/deasy/AppData/Local/Temp/claude/C--laragon-www-kurikulum/3da87171-a58e-497f-935f-452a8fdd4d0d/scratchpad/uji_generate.php(44): panggil(Object(App/Http/Kernel), Array)
#55 C:/laragon/www/kurikulum/vendor/psy/psysh/src/Shell.php(841): include_once('C://Users//deasy//...')
#56 C:/laragon/www/kurikulum/vendor/psy/psysh/src/Shell.php(856): Psy/Shell->Psy/{closure}(Object(Psy/Shell))
#57 C:/laragon/www/kurikulum/vendor/psy/psysh/src/Shell.php(788): Psy/Shell->loadIncludes()
#58 C:/laragon/www/kurikulum/vendor/psy/psysh/src/Shell.php(716): Psy/Shell->doNonInteractiveRun(false)
#59 C:/laragon/www/kurikulum/vendor/symfony/console/Application.php(175): Psy/Shell->doRun(Object(Symfony/Component/Console/Input/ArrayInput), Object(Psy/Output/ShellOutput))
#60 C:/laragon/www/kurikulum/vendor/psy/psysh/src/Shell.php(684): Symfony/Component/Console/Application->run(Object(Symfony/Component/Console/Input/ArrayInput), Object(Psy/Output/ShellOutput))
#61 C:/laragon/www/kurikulum/vendor/laravel/tinker/src/Console/TinkerCommand.php(86): Psy/Shell->run()
#62 C:/laragon/www/kurikulum/vendor/laravel/framework/src/Illuminate/Container/BoundMethod.php(36): Laravel/Tinker/Console/TinkerCommand->handle()
#63 C:/laragon/www/kurikulum/vendor/laravel/framework/src/Illuminate/Container/Util.php(41): Illuminate/Container/BoundMethod::Illuminate/Container/{closure}()
#64 C:/laragon/www/kurikulum/vendor/laravel/framework/src/Illuminate/Container/BoundMethod.php(93): Illuminate/Container/Util::unwrapIfClosure(Object(Closure))
#65 C:/laragon/www/kurikulum/vendor/laravel/framework/src/Illuminate/Container/BoundMethod.php(35): Illuminate/Container/BoundMethod::callBoundMethod(Object(Illuminate/Foundation/Application), Array, Object(Closure))
#66 C:/laragon/www/kurikulum/vendor/laravel/framework/src/Illuminate/Container/Container.php(662): Illuminate/Container/BoundMethod::call(Object(Illuminate/Foundation/Application), Array, Array, NULL)
#67 C:/laragon/www/kurikulum/vendor/laravel/framework/src/Illuminate/Console/Command.php(211): Illuminate/Container/Container->call(Array)
#68 C:/laragon/www/kurikulum/vendor/symfony/console/Command/Command.php(326): Illuminate/Console/Command->execute(Object(Symfony/Component/Console/Input/ArgvInput), Object(Illuminate/Console/OutputStyle))
#69 C:/laragon/www/kurikulum/vendor/laravel/framework/src/Illuminate/Console/Command.php(180): Symfony/Component/Console/Command/Command->run(Object(Symfony/Component/Console/Input/ArgvInput), Object(Illuminate/Console/OutputStyle))
#70 C:/laragon/www/kurikulum/vendor/symfony/console/Application.php(1121): Illuminate/Console/Command->run(Object(Symfony/Component/Console/Input/ArgvInput), Object(Symfony/Component/Console/Output/ConsoleOutput))
#71 C:/laragon/www/kurikulum/vendor/symfony/console/Application.php(324): Symfony/Component/Console/Application->doRunCommand(Object(Laravel/Tinker/Console/TinkerCommand), Object(Symfony/Component/Console/Input/ArgvInput), Object(Symfony/Component/Console/Output/ConsoleOutput))
#72 C:/laragon/www/kurikulum/vendor/symfony/console/Application.php(175): Symfony/Component/Console/Application->doRun(Object(Symfony/Component/Console/Input/ArgvInput), Object(Symfony/Component/Console/Output/ConsoleOutput))
#73 C:/laragon/www/kurikulum/vendor/laravel/framework/src/Illuminate/Foundation/Console/Kernel.php(201): Symfony/Component/Console/Application->run(Object(Symfony/Component/Console/Input/ArgvInput), Object(Symfony/Component/Console/Output/ConsoleOutput))
#74 C:/laragon/www/kurikulum/artisan(14): Illuminate/Foundation/Console/Kernel->handle(Object(Symfony/Component/Console/Input/ArgvInput), Object(Symfony/Component/Console/Output/ConsoleOutput))
#75 {main}
"} 
[2026-08-22 08:46:02] local.ERROR: Gemini menolak permintaan (kode 400). {"userId":6,"exception":"[object] (RuntimeException(code: 0): Gemini menolak permintaan (kode 400). at C:/laragon/www/kurikulum/app/Services/Ai/PenyediaGemini.php:64)
[stacktrace]
#0 C:/laragon/www/kurikulum/app/Services/GeneratorModulAjarAi.php(54): App/Services/Ai/PenyediaGemini->kirim('gsk_kunci_rahas...', 'gemini-3.7-flas...', 'Anda adalah gur...', 'Susun isi Modul...', Array)
#1 C:/laragon/www/kurikulum/app/Http/Controllers/Kurikulum/ModulAjarController.php(159): App/Services/GeneratorModulAjarAi->generate(Array, Object(App/Models/User))
#2 C:/laragon/www/kurikulum/vendor/laravel/framework/src/Illuminate/Routing/Controller.php(54): App/Http/Controllers/Kurikulum/ModulAjarController->generate(Object(Illuminate/Http/Request), Object(App/Services/GeneratorModulAjarAi))
#3 C:/laragon/www/kurikulum/vendor/laravel/framework/src/Illuminate/Routing/ControllerDispatcher.php(43): Illuminate/Routing/Controller->callAction('generate', Array)
#4 C:/laragon/www/kurikulum/vendor/laravel/framework/src/Illuminate/Routing/Route.php(259): Illuminate/Routing/ControllerDispatcher->dispatch(Object(Illuminate/Routing/Route), Object(App/Http/Controllers/Kurikulum/ModulAjarController), 'generate')
#5 C:/laragon/www/kurikulum/vendor/laravel/framework/src/Illuminate/Routing/Route.php(205): Illuminate/Routing/Route->runController()
#6 C:/laragon/www/kurikulum/vendor/laravel/framework/src/Illuminate/Routing/Router.php(806): Illuminate/Routing/Route->run()
#7 C:/laragon/www/kurikulum/vendor/laravel/framework/src/Illuminate/Pipeline/Pipeline.php(144): Illuminate/Routing/Router->Illuminate/Routing/{closure}(Object(Illuminate/Http/Request))
#8 C:/laragon/www/kurikulum/app/Http/Middleware/EnsureUserHasRole.php(23): Illuminate/Pipeline/Pipeline->Illuminate/Pipeline/{closure}(Object(Illuminate/Http/Request))
#9 C:/laragon/www/kurikulum/vendor/laravel/framework/src/Illuminate/Pipeline/Pipeline.php(183): App/Http/Middleware/EnsureUserHasRole->handle(Object(Illuminate/Http/Request), Object(Closure), 'admin', 'guru')
#10 C:/laragon/www/kurikulum/vendor/laravel/framework/src/Illuminate/Routing/Middleware/SubstituteBindings.php(50): Illuminate/Pipeline/Pipeline->Illuminate/Pipeline/{closure}(Object(Illuminate/Http/Request))
#11 C:/laragon/www/kurikulum/vendor/laravel/framework/src/Illuminate/Pipeline/Pipeline.php(183): Illuminate/Routing/Middleware/SubstituteBindings->handle(Object(Illuminate/Http/Request), Object(Closure))
#12 C:/laragon/www/kurikulum/vendor/laravel/framework/src/Illuminate/Auth/Middleware/Authenticate.php(57): Illuminate/Pipeline/Pipeline->Illuminate/Pipeline/{closure}(Object(Illuminate/Http/Request))
#13 C:/laragon/www/kurikulum/vendor/laravel/framework/src/Illuminate/Pipeline/Pipeline.php(183): Illuminate/Auth/Middleware/Authenticate->handle(Object(Illuminate/Http/Request), Object(Closure))
#14 C:/laragon/www/kurikulum/vendor/laravel/framework/src/Illuminate/Foundation/Http/Middleware/VerifyCsrfToken.php(78): Illuminate/Pipeline/Pipeline->Illuminate/Pipeline/{closure}(Object(Illuminate/Http/Request))
#15 C:/laragon/www/kurikulum/vendor/laravel/framework/src/Illuminate/Pipeline/Pipeline.php(183): Illuminate/Foundation/Http/Middleware/VerifyCsrfToken->handle(Object(Illuminate/Http/Request), Object(Closure))
#16 C:/laragon/www/kurikulum/vendor/laravel/framework/src/Illuminate/View/Middleware/ShareErrorsFromSession.php(49): Illuminate/Pipeline/Pipeline->Illuminate/Pipeline/{closure}(Object(Illuminate/Http/Request))
#17 C:/laragon/www/kurikulum/vendor/laravel/framework/src/Illuminate/Pipeline/Pipeline.php(183): Illuminate/View/Middleware/ShareErrorsFromSession->handle(Object(Illuminate/Http/Request), Object(Closure))
#18 C:/laragon/www/kurikulum/vendor/laravel/framework/src/Illuminate/Session/Middleware/StartSession.php(121): Illuminate/Pipeline/Pipeline->Illuminate/Pipeline/{closure}(Object(Illuminate/Http/Request))
#19 C:/laragon/www/kurikulum/vendor/laravel/framework/src/Illuminate/Session/Middleware/StartSession.php(64): Illuminate/Session/Middleware/StartSession->handleStatefulRequest(Object(Illuminate/Http/Request), Object(Illuminate/Session/Store), Object(Closure))
#20 C:/laragon/www/kurikulum/vendor/laravel/framework/src/Illuminate/Pipeline/Pipeline.php(183): Illuminate/Session/Middleware/StartSession->handle(Object(Illuminate/Http/Request), Object(Closure))
#21 C:/laragon/www/kurikulum/vendor/laravel/framework/src/Illuminate/Cookie/Middleware/AddQueuedCookiesToResponse.php(37): Illuminate/Pipeline/Pipeline->Illuminate/Pipeline/{closure}(Object(Illuminate/Http/Request))
#22 C:/laragon/www/kurikulum/vendor/laravel/framework/src/Illuminate/Pipeline/Pipeline.php(183): Illuminate/Cookie/Middleware/AddQueuedCookiesToResponse->handle(Object(Illuminate/Http/Request), Object(Closure))
#23 C:/laragon/www/kurikulum/vendor/laravel/framework/src/Illuminate/Cookie/Middleware/EncryptCookies.php(67): Illuminate/Pipeline/Pipeline->Illuminate/Pipeline/{closure}(Object(Illuminate/Http/Request))
#24 C:/laragon/www/kurikulum/vendor/laravel/framework/src/Illuminate/Pipeline/Pipeline.php(183): Illuminate/Cookie/Middleware/EncryptCookies->handle(Object(Illuminate/Http/Request), Object(Closure))
#25 C:/laragon/www/kurikulum/vendor/laravel/framework/src/Illuminate/Pipeline/Pipeline.php(119): Illuminate/Pipeline/Pipeline->Illuminate/Pipeline/{closure}(Object(Illuminate/Http/Request))
#26 C:/laragon/www/kurikulum/vendor/laravel/framework/src/Illuminate/Routing/Router.php(805): Illuminate/Pipeline/Pipeline->then(Object(Closure))
#27 C:/laragon/www/kurikulum/vendor/laravel/framework/src/Illuminate/Routing/Router.php(784): Illuminate/Routing/Router->runRouteWithinStack(Object(Illuminate/Routing/Route), Object(Illuminate/Http/Request))
#28 C:/laragon/www/kurikulum/vendor/laravel/framework/src/Illuminate/Routing/Router.php(748): Illuminate/Routing/Router->runRoute(Object(Illuminate/Http/Request), Object(Illuminate/Routing/Route))
#29 C:/laragon/www/kurikulum/vendor/laravel/framework/src/Illuminate/Routing/Router.php(737): Illuminate/Routing/Router->dispatchToRoute(Object(Illuminate/Http/Request))
#30 C:/laragon/www/kurikulum/vendor/laravel/framework/src/Illuminate/Foundation/Http/Kernel.php(200): Illuminate/Routing/Router->dispatch(Object(Illuminate/Http/Request))
#31 C:/laragon/www/kurikulum/vendor/laravel/framework/src/Illuminate/Pipeline/Pipeline.php(144): Illuminate/Foundation/Http/Kernel->Illuminate/Foundation/Http/{closure}(Object(Illuminate/Http/Request))
#32 C:/laragon/www/kurikulum/vendor/laravel/framework/src/Illuminate/Foundation/Http/Middleware/TransformsRequest.php(21): Illuminate/Pipeline/Pipeline->Illuminate/Pipeline/{closure}(Object(Illuminate/Http/Request))
#33 C:/laragon/www/kurikulum/vendor/laravel/framework/src/Illuminate/Foundation/Http/Middleware/ConvertEmptyStringsToNull.php(31): Illuminate/Foundation/Http/Middleware/TransformsRequest->handle(Object(Illuminate/Http/Request), Object(Closure))
#34 C:/laragon/www/kurikulum/vendor/laravel/framework/src/Illuminate/Pipeline/Pipeline.php(183): Illuminate/Foundation/Http/Middleware/ConvertEmptyStringsToNull->handle(Object(Illuminate/Http/Request), Object(Closure))
#35 C:/laragon/www/kurikulum/vendor/laravel/framework/src/Illuminate/Foundation/Http/Middleware/TransformsRequest.php(21): Illuminate/Pipeline/Pipeline->Illuminate/Pipeline/{closure}(Object(Illuminate/Http/Request))
#36 C:/laragon/www/kurikulum/vendor/laravel/framework/src/Illuminate/Foundation/Http/Middleware/TrimStrings.php(40): Illuminate/Foundation/Http/Middleware/TransformsRequest->handle(Object(Illuminate/Http/Request), Object(Closure))
#37 C:/laragon/www/kurikulum/vendor/laravel/framework/src/Illuminate/Pipeline/Pipeline.php(183): Illuminate/Foundation/Http/Middleware/TrimStrings->handle(Object(Illuminate/Http/Request), Object(Closure))
#38 C:/laragon/www/kurikulum/vendor/laravel/framework/src/Illuminate/Foundation/Http/Middleware/ValidatePostSize.php(27): Illuminate/Pipeline/Pipeline->Illuminate/Pipeline/{closure}(Object(Illuminate/Http/Request))
#39 C:/laragon/www/kurikulum/vendor/laravel/framework/src/Illuminate/Pipeline/Pipeline.php(183): Illuminate/Foundation/Http/Middleware/ValidatePostSize->handle(Object(Illuminate/Http/Request), Object(Closure))
#40 C:/laragon/www/kurikulum/vendor/laravel/framework/src/Illuminate/Foundation/Http/Middleware/PreventRequestsDuringMaintenance.php(99): Illuminate/Pipeline/Pipeline->Illuminate/Pipeline/{closure}(Object(Illuminate/Http/Request))
#41 C:/laragon/www/kurikulum/vendor/laravel/framework/src/Illuminate/Pipeline/Pipeline.php(183): Illuminate/Foundation/Http/Middleware/PreventRequestsDuringMaintenance->handle(Object(Illuminate/Http/Request), Object(Closure))
#42 C:/laragon/www/kurikulum/vendor/laravel/framework/src/Illuminate/Http/Middleware/HandleCors.php(49): Illuminate/Pipeline/Pipeline->Illuminate/Pipeline/{closure}(Object(Illuminate/Http/Request))
#43 C:/laragon/www/kurikulum/vendor/laravel/framework/src/Illuminate/Pipeline/Pipeline.php(183): Illuminate/Http/Middleware/HandleCors->handle(Object(Illuminate/Http/Request), Object(Closure))
#44 C:/laragon/www/kurikulum/vendor/laravel/framework/src/Illuminate/Http/Middleware/TrustProxies.php(39): Illuminate/Pipeline/Pipeline->Illuminate/Pipeline/{closure}(Object(Illuminate/Http/Request))
#45 C:/laragon/www/kurikulum/vendor/laravel/framework/src/Illuminate/Pipeline/Pipeline.php(183): Illuminate/Http/Middleware/TrustProxies->handle(Object(Illuminate/Http/Request), Object(Closure))
#46 C:/laragon/www/kurikulum/vendor/laravel/framework/src/Illuminate/Pipeline/Pipeline.php(119): Illuminate/Pipeline/Pipeline->Illuminate/Pipeline/{closure}(Object(Illuminate/Http/Request))
#47 C:/laragon/www/kurikulum/vendor/laravel/framework/src/Illuminate/Foundation/Http/Kernel.php(175): Illuminate/Pipeline/Pipeline->then(Object(Closure))
#48 C:/laragon/www/kurikulum/vendor/laravel/framework/src/Illuminate/Foundation/Http/Kernel.php(144): Illuminate/Foundation/Http/Kernel->sendRequestThroughRouter(Object(Illuminate/Http/Request))
#49 C:/Users/deasy/AppData/Local/Temp/claude/C--laragon-www-kurikulum/3da87171-a58e-497f-935f-452a8fdd4d0d/scratchpad/uji_ai_akun.php(15): Illuminate/Foundation/Http/Kernel->handle(Object(Illuminate/Http/Request))
#50 C:/Users/deasy/AppData/Local/Temp/claude/C--laragon-www-kurikulum/3da87171-a58e-497f-935f-452a8fdd4d0d/scratchpad/uji_ai_akun.php(59): jalan(Object(App/Http/Kernel), Object(App/Models/User), 'http://localhos...', 'POST', Array)
#51 C:/laragon/www/kurikulum/vendor/psy/psysh/src/Shell.php(841): include_once('C://Users//deasy//...')
#52 C:/laragon/www/kurikulum/vendor/psy/psysh/src/Shell.php(856): Psy/Shell->Psy/{closure}(Object(Psy/Shell))
#53 C:/laragon/www/kurikulum/vendor/psy/psysh/src/Shell.php(788): Psy/Shell->loadIncludes()
#54 C:/laragon/www/kurikulum/vendor/psy/psysh/src/Shell.php(716): Psy/Shell->doNonInteractiveRun(false)
#55 C:/laragon/www/kurikulum/vendor/symfony/console/Application.php(175): Psy/Shell->doRun(Object(Symfony/Component/Console/Input/ArrayInput), Object(Psy/Output/ShellOutput))
#56 C:/laragon/www/kurikulum/vendor/psy/psysh/src/Shell.php(684): Symfony/Component/Console/Application->run(Object(Symfony/Component/Console/Input/ArrayInput), Object(Psy/Output/ShellOutput))
#57 C:/laragon/www/kurikulum/vendor/laravel/tinker/src/Console/TinkerCommand.php(86): Psy/Shell->run()
#58 C:/laragon/www/kurikulum/vendor/laravel/framework/src/Illuminate/Container/BoundMethod.php(36): Laravel/Tinker/Console/TinkerCommand->handle()
#59 C:/laragon/www/kurikulum/vendor/laravel/framework/src/Illuminate/Container/Util.php(41): Illuminate/Container/BoundMethod::Illuminate/Container/{closure}()
#60 C:/laragon/www/kurikulum/vendor/laravel/framework/src/Illuminate/Container/BoundMethod.php(93): Illuminate/Container/Util::unwrapIfClosure(Object(Closure))
#61 C:/laragon/www/kurikulum/vendor/laravel/framework/src/Illuminate/Container/BoundMethod.php(35): Illuminate/Container/BoundMethod::callBoundMethod(Object(Illuminate/Foundation/Application), Array, Object(Closure))
#62 C:/laragon/www/kurikulum/vendor/laravel/framework/src/Illuminate/Container/Container.php(662): Illuminate/Container/BoundMethod::call(Object(Illuminate/Foundation/Application), Array, Array, NULL)
#63 C:/laragon/www/kurikulum/vendor/laravel/framework/src/Illuminate/Console/Command.php(211): Illuminate/Container/Container->call(Array)
#64 C:/laragon/www/kurikulum/vendor/symfony/console/Command/Command.php(326): Illuminate/Console/Command->execute(Object(Symfony/Component/Console/Input/ArgvInput), Object(Illuminate/Console/OutputStyle))
#65 C:/laragon/www/kurikulum/vendor/laravel/framework/src/Illuminate/Console/Command.php(180): Symfony/Component/Console/Command/Command->run(Object(Symfony/Component/Console/Input/ArgvInput), Object(Illuminate/Console/OutputStyle))
#66 C:/laragon/www/kurikulum/vendor/symfony/console/Application.php(1121): Illuminate/Console/Command->run(Object(Symfony/Component/Console/Input/ArgvInput), Object(Symfony/Component/Console/Output/ConsoleOutput))
#67 C:/laragon/www/kurikulum/vendor/symfony/console/Application.php(324): Symfony/Component/Console/Application->doRunCommand(Object(Laravel/Tinker/Console/TinkerCommand), Object(Symfony/Component/Console/Input/ArgvInput), Object(Symfony/Component/Console/Output/ConsoleOutput))
#68 C:/laragon/www/kurikulum/vendor/symfony/console/Application.php(175): Symfony/Component/Console/Application->doRun(Object(Symfony/Component/Console/Input/ArgvInput), Object(Symfony/Component/Console/Output/ConsoleOutput))
#69 C:/laragon/www/kurikulum/vendor/laravel/framework/src/Illuminate/Foundation/Console/Kernel.php(201): Symfony/Component/Console/Application->run(Object(Symfony/Component/Console/Input/ArgvInput), Object(Symfony/Component/Console/Output/ConsoleOutput))
#70 C:/laragon/www/kurikulum/artisan(14): Illuminate/Foundation/Console/Kernel->handle(Object(Symfony/Component/Console/Input/ArgvInput), Object(Symfony/Component/Console/Output/ConsoleOutput))
#71 {main}
"} 
[2026-08-22 08:50:35] local.ERROR: Kunci API Groq ditolak. Periksa kembali kunci di Setting Profil. {"userId":6,"exception":"[object] (RuntimeException(code: 0): Kunci API Groq ditolak. Periksa kembali kunci di Setting Profil. at C:/laragon/www/kurikulum/app/Services/Ai/PenyediaGroq.php:59)
[stacktrace]
#0 C:/laragon/www/kurikulum/app/Services/GeneratorModulAjarAi.php(54): App/Services/Ai/PenyediaGroq->kirim('gsk_palsu', 'llama-3.3-70b-v...', 'Anda adalah gur...', 'Susun isi Modul...', Array)
#1 C:/laragon/www/kurikulum/app/Http/Controllers/Kurikulum/ModulAjarController.php(159): App/Services/GeneratorModulAjarAi->generate(Array, Object(App/Models/User))
#2 C:/laragon/www/kurikulum/vendor/laravel/framework/src/Illuminate/Routing/Controller.php(54): App/Http/Controllers/Kurikulum/ModulAjarController->generate(Object(Illuminate/Http/Request), Object(App/Services/GeneratorModulAjarAi))
#3 C:/laragon/www/kurikulum/vendor/laravel/framework/src/Illuminate/Routing/ControllerDispatcher.php(43): Illuminate/Routing/Controller->callAction('generate', Array)
#4 C:/laragon/www/kurikulum/vendor/laravel/framework/src/Illuminate/Routing/Route.php(259): Illuminate/Routing/ControllerDispatcher->dispatch(Object(Illuminate/Routing/Route), Object(App/Http/Controllers/Kurikulum/ModulAjarController), 'generate')
#5 C:/laragon/www/kurikulum/vendor/laravel/framework/src/Illuminate/Routing/Route.php(205): Illuminate/Routing/Route->runController()
#6 C:/laragon/www/kurikulum/vendor/laravel/framework/src/Illuminate/Routing/Router.php(806): Illuminate/Routing/Route->run()
#7 C:/laragon/www/kurikulum/vendor/laravel/framework/src/Illuminate/Pipeline/Pipeline.php(144): Illuminate/Routing/Router->Illuminate/Routing/{closure}(Object(Illuminate/Http/Request))
#8 C:/laragon/www/kurikulum/app/Http/Middleware/EnsureUserHasRole.php(23): Illuminate/Pipeline/Pipeline->Illuminate/Pipeline/{closure}(Object(Illuminate/Http/Request))
#9 C:/laragon/www/kurikulum/vendor/laravel/framework/src/Illuminate/Pipeline/Pipeline.php(183): App/Http/Middleware/EnsureUserHasRole->handle(Object(Illuminate/Http/Request), Object(Closure), 'admin', 'guru')
#10 C:/laragon/www/kurikulum/vendor/laravel/framework/src/Illuminate/Routing/Middleware/SubstituteBindings.php(50): Illuminate/Pipeline/Pipeline->Illuminate/Pipeline/{closure}(Object(Illuminate/Http/Request))
#11 C:/laragon/www/kurikulum/vendor/laravel/framework/src/Illuminate/Pipeline/Pipeline.php(183): Illuminate/Routing/Middleware/SubstituteBindings->handle(Object(Illuminate/Http/Request), Object(Closure))
#12 C:/laragon/www/kurikulum/vendor/laravel/framework/src/Illuminate/Auth/Middleware/Authenticate.php(57): Illuminate/Pipeline/Pipeline->Illuminate/Pipeline/{closure}(Object(Illuminate/Http/Request))
#13 C:/laragon/www/kurikulum/vendor/laravel/framework/src/Illuminate/Pipeline/Pipeline.php(183): Illuminate/Auth/Middleware/Authenticate->handle(Object(Illuminate/Http/Request), Object(Closure))
#14 C:/laragon/www/kurikulum/vendor/laravel/framework/src/Illuminate/Foundation/Http/Middleware/VerifyCsrfToken.php(78): Illuminate/Pipeline/Pipeline->Illuminate/Pipeline/{closure}(Object(Illuminate/Http/Request))
#15 C:/laragon/www/kurikulum/vendor/laravel/framework/src/Illuminate/Pipeline/Pipeline.php(183): Illuminate/Foundation/Http/Middleware/VerifyCsrfToken->handle(Object(Illuminate/Http/Request), Object(Closure))
#16 C:/laragon/www/kurikulum/vendor/laravel/framework/src/Illuminate/View/Middleware/ShareErrorsFromSession.php(49): Illuminate/Pipeline/Pipeline->Illuminate/Pipeline/{closure}(Object(Illuminate/Http/Request))
#17 C:/laragon/www/kurikulum/vendor/laravel/framework/src/Illuminate/Pipeline/Pipeline.php(183): Illuminate/View/Middleware/ShareErrorsFromSession->handle(Object(Illuminate/Http/Request), Object(Closure))
#18 C:/laragon/www/kurikulum/vendor/laravel/framework/src/Illuminate/Session/Middleware/StartSession.php(121): Illuminate/Pipeline/Pipeline->Illuminate/Pipeline/{closure}(Object(Illuminate/Http/Request))
#19 C:/laragon/www/kurikulum/vendor/laravel/framework/src/Illuminate/Session/Middleware/StartSession.php(64): Illuminate/Session/Middleware/StartSession->handleStatefulRequest(Object(Illuminate/Http/Request), Object(Illuminate/Session/Store), Object(Closure))
#20 C:/laragon/www/kurikulum/vendor/laravel/framework/src/Illuminate/Pipeline/Pipeline.php(183): Illuminate/Session/Middleware/StartSession->handle(Object(Illuminate/Http/Request), Object(Closure))
#21 C:/laragon/www/kurikulum/vendor/laravel/framework/src/Illuminate/Cookie/Middleware/AddQueuedCookiesToResponse.php(37): Illuminate/Pipeline/Pipeline->Illuminate/Pipeline/{closure}(Object(Illuminate/Http/Request))
#22 C:/laragon/www/kurikulum/vendor/laravel/framework/src/Illuminate/Pipeline/Pipeline.php(183): Illuminate/Cookie/Middleware/AddQueuedCookiesToResponse->handle(Object(Illuminate/Http/Request), Object(Closure))
#23 C:/laragon/www/kurikulum/vendor/laravel/framework/src/Illuminate/Cookie/Middleware/EncryptCookies.php(67): Illuminate/Pipeline/Pipeline->Illuminate/Pipeline/{closure}(Object(Illuminate/Http/Request))
#24 C:/laragon/www/kurikulum/vendor/laravel/framework/src/Illuminate/Pipeline/Pipeline.php(183): Illuminate/Cookie/Middleware/EncryptCookies->handle(Object(Illuminate/Http/Request), Object(Closure))
#25 C:/laragon/www/kurikulum/vendor/laravel/framework/src/Illuminate/Pipeline/Pipeline.php(119): Illuminate/Pipeline/Pipeline->Illuminate/Pipeline/{closure}(Object(Illuminate/Http/Request))
#26 C:/laragon/www/kurikulum/vendor/laravel/framework/src/Illuminate/Routing/Router.php(805): Illuminate/Pipeline/Pipeline->then(Object(Closure))
#27 C:/laragon/www/kurikulum/vendor/laravel/framework/src/Illuminate/Routing/Router.php(784): Illuminate/Routing/Router->runRouteWithinStack(Object(Illuminate/Routing/Route), Object(Illuminate/Http/Request))
#28 C:/laragon/www/kurikulum/vendor/laravel/framework/src/Illuminate/Routing/Router.php(748): Illuminate/Routing/Router->runRoute(Object(Illuminate/Http/Request), Object(Illuminate/Routing/Route))
#29 C:/laragon/www/kurikulum/vendor/laravel/framework/src/Illuminate/Routing/Router.php(737): Illuminate/Routing/Router->dispatchToRoute(Object(Illuminate/Http/Request))
#30 C:/laragon/www/kurikulum/vendor/laravel/framework/src/Illuminate/Foundation/Http/Kernel.php(200): Illuminate/Routing/Router->dispatch(Object(Illuminate/Http/Request))
#31 C:/laragon/www/kurikulum/vendor/laravel/framework/src/Illuminate/Pipeline/Pipeline.php(144): Illuminate/Foundation/Http/Kernel->Illuminate/Foundation/Http/{closure}(Object(Illuminate/Http/Request))
#32 C:/laragon/www/kurikulum/vendor/laravel/framework/src/Illuminate/Foundation/Http/Middleware/TransformsRequest.php(21): Illuminate/Pipeline/Pipeline->Illuminate/Pipeline/{closure}(Object(Illuminate/Http/Request))
#33 C:/laragon/www/kurikulum/vendor/laravel/framework/src/Illuminate/Foundation/Http/Middleware/ConvertEmptyStringsToNull.php(31): Illuminate/Foundation/Http/Middleware/TransformsRequest->handle(Object(Illuminate/Http/Request), Object(Closure))
#34 C:/laragon/www/kurikulum/vendor/laravel/framework/src/Illuminate/Pipeline/Pipeline.php(183): Illuminate/Foundation/Http/Middleware/ConvertEmptyStringsToNull->handle(Object(Illuminate/Http/Request), Object(Closure))
#35 C:/laragon/www/kurikulum/vendor/laravel/framework/src/Illuminate/Foundation/Http/Middleware/TransformsRequest.php(21): Illuminate/Pipeline/Pipeline->Illuminate/Pipeline/{closure}(Object(Illuminate/Http/Request))
#36 C:/laragon/www/kurikulum/vendor/laravel/framework/src/Illuminate/Foundation/Http/Middleware/TrimStrings.php(40): Illuminate/Foundation/Http/Middleware/TransformsRequest->handle(Object(Illuminate/Http/Request), Object(Closure))
#37 C:/laragon/www/kurikulum/vendor/laravel/framework/src/Illuminate/Pipeline/Pipeline.php(183): Illuminate/Foundation/Http/Middleware/TrimStrings->handle(Object(Illuminate/Http/Request), Object(Closure))
#38 C:/laragon/www/kurikulum/vendor/laravel/framework/src/Illuminate/Foundation/Http/Middleware/ValidatePostSize.php(27): Illuminate/Pipeline/Pipeline->Illuminate/Pipeline/{closure}(Object(Illuminate/Http/Request))
#39 C:/laragon/www/kurikulum/vendor/laravel/framework/src/Illuminate/Pipeline/Pipeline.php(183): Illuminate/Foundation/Http/Middleware/ValidatePostSize->handle(Object(Illuminate/Http/Request), Object(Closure))
#40 C:/laragon/www/kurikulum/vendor/laravel/framework/src/Illuminate/Foundation/Http/Middleware/PreventRequestsDuringMaintenance.php(99): Illuminate/Pipeline/Pipeline->Illuminate/Pipeline/{closure}(Object(Illuminate/Http/Request))
#41 C:/laragon/www/kurikulum/vendor/laravel/framework/src/Illuminate/Pipeline/Pipeline.php(183): Illuminate/Foundation/Http/Middleware/PreventRequestsDuringMaintenance->handle(Object(Illuminate/Http/Request), Object(Closure))
#42 C:/laragon/www/kurikulum/vendor/laravel/framework/src/Illuminate/Http/Middleware/HandleCors.php(49): Illuminate/Pipeline/Pipeline->Illuminate/Pipeline/{closure}(Object(Illuminate/Http/Request))
#43 C:/laragon/www/kurikulum/vendor/laravel/framework/src/Illuminate/Pipeline/Pipeline.php(183): Illuminate/Http/Middleware/HandleCors->handle(Object(Illuminate/Http/Request), Object(Closure))
#44 C:/laragon/www/kurikulum/vendor/laravel/framework/src/Illuminate/Http/Middleware/TrustProxies.php(39): Illuminate/Pipeline/Pipeline->Illuminate/Pipeline/{closure}(Object(Illuminate/Http/Request))
#45 C:/laragon/www/kurikulum/vendor/laravel/framework/src/Illuminate/Pipeline/Pipeline.php(183): Illuminate/Http/Middleware/TrustProxies->handle(Object(Illuminate/Http/Request), Object(Closure))
#46 C:/laragon/www/kurikulum/vendor/laravel/framework/src/Illuminate/Pipeline/Pipeline.php(119): Illuminate/Pipeline/Pipeline->Illuminate/Pipeline/{closure}(Object(Illuminate/Http/Request))
#47 C:/laragon/www/kurikulum/vendor/laravel/framework/src/Illuminate/Foundation/Http/Kernel.php(175): Illuminate/Pipeline/Pipeline->then(Object(Closure))
#48 C:/laragon/www/kurikulum/vendor/laravel/framework/src/Illuminate/Foundation/Http/Kernel.php(144): Illuminate/Foundation/Http/Kernel->sendRequestThroughRouter(Object(Illuminate/Http/Request))
#49 C:/Users/deasy/AppData/Local/Temp/claude/C--laragon-www-kurikulum/3da87171-a58e-497f-935f-452a8fdd4d0d/scratchpad/uji_pesan.php(22): Illuminate/Foundation/Http/Kernel->handle(Object(Illuminate/Http/Request))
#50 C:/laragon/www/kurikulum/vendor/psy/psysh/src/Shell.php(841): include_once('C://Users//deasy//...')
#51 C:/laragon/www/kurikulum/vendor/psy/psysh/src/Shell.php(856): Psy/Shell->Psy/{closure}(Object(Psy/Shell))
#52 C:/laragon/www/kurikulum/vendor/psy/psysh/src/Shell.php(788): Psy/Shell->loadIncludes()
#53 C:/laragon/www/kurikulum/vendor/psy/psysh/src/Shell.php(716): Psy/Shell->doNonInteractiveRun(false)
#54 C:/laragon/www/kurikulum/vendor/symfony/console/Application.php(175): Psy/Shell->doRun(Object(Symfony/Component/Console/Input/ArrayInput), Object(Psy/Output/ShellOutput))
#55 C:/laragon/www/kurikulum/vendor/psy/psysh/src/Shell.php(684): Symfony/Component/Console/Application->run(Object(Symfony/Component/Console/Input/ArrayInput), Object(Psy/Output/ShellOutput))
#56 C:/laragon/www/kurikulum/vendor/laravel/tinker/src/Console/TinkerCommand.php(86): Psy/Shell->run()
#57 C:/laragon/www/kurikulum/vendor/laravel/framework/src/Illuminate/Container/BoundMethod.php(36): Laravel/Tinker/Console/TinkerCommand->handle()
#58 C:/laragon/www/kurikulum/vendor/laravel/framework/src/Illuminate/Container/Util.php(41): Illuminate/Container/BoundMethod::Illuminate/Container/{closure}()
#59 C:/laragon/www/kurikulum/vendor/laravel/framework/src/Illuminate/Container/BoundMethod.php(93): Illuminate/Container/Util::unwrapIfClosure(Object(Closure))
#60 C:/laragon/www/kurikulum/vendor/laravel/framework/src/Illuminate/Container/BoundMethod.php(35): Illuminate/Container/BoundMethod::callBoundMethod(Object(Illuminate/Foundation/Application), Array, Object(Closure))
#61 C:/laragon/www/kurikulum/vendor/laravel/framework/src/Illuminate/Container/Container.php(662): Illuminate/Container/BoundMethod::call(Object(Illuminate/Foundation/Application), Array, Array, NULL)
#62 C:/laragon/www/kurikulum/vendor/laravel/framework/src/Illuminate/Console/Command.php(211): Illuminate/Container/Container->call(Array)
#63 C:/laragon/www/kurikulum/vendor/symfony/console/Command/Command.php(326): Illuminate/Console/Command->execute(Object(Symfony/Component/Console/Input/ArgvInput), Object(Illuminate/Console/OutputStyle))
#64 C:/laragon/www/kurikulum/vendor/laravel/framework/src/Illuminate/Console/Command.php(180): Symfony/Component/Console/Command/Command->run(Object(Symfony/Component/Console/Input/ArgvInput), Object(Illuminate/Console/OutputStyle))
#65 C:/laragon/www/kurikulum/vendor/symfony/console/Application.php(1121): Illuminate/Console/Command->run(Object(Symfony/Component/Console/Input/ArgvInput), Object(Symfony/Component/Console/Output/ConsoleOutput))
#66 C:/laragon/www/kurikulum/vendor/symfony/console/Application.php(324): Symfony/Component/Console/Application->doRunCommand(Object(Laravel/Tinker/Console/TinkerCommand), Object(Symfony/Component/Console/Input/ArgvInput), Object(Symfony/Component/Console/Output/ConsoleOutput))
#67 C:/laragon/www/kurikulum/vendor/symfony/console/Application.php(175): Symfony/Component/Console/Application->doRun(Object(Symfony/Component/Console/Input/ArgvInput), Object(Symfony/Component/Console/Output/ConsoleOutput))
#68 C:/laragon/www/kurikulum/vendor/laravel/framework/src/Illuminate/Foundation/Console/Kernel.php(201): Symfony/Component/Console/Application->run(Object(Symfony/Component/Console/Input/ArgvInput), Object(Symfony/Component/Console/Output/ConsoleOutput))
#69 C:/laragon/www/kurikulum/artisan(14): Illuminate/Foundation/Console/Kernel->handle(Object(Symfony/Component/Console/Input/ArgvInput), Object(Symfony/Component/Console/Output/ConsoleOutput))
#70 {main}
"} 
[2026-08-22 08:50:36] local.ERROR: Kunci API Anthropic ditolak. Periksa kembali kunci di Setting Profil. {"userId":6,"exception":"[object] (RuntimeException(code: 0): Kunci API Anthropic ditolak. Periksa kembali kunci di Setting Profil. at C:/laragon/www/kurikulum/app/Services/Ai/PenyediaAnthropic.php:54)
[stacktrace]
#0 C:/laragon/www/kurikulum/app/Services/GeneratorModulAjarAi.php(54): App/Services/Ai/PenyediaAnthropic->kirim('sk-ant-palsu', 'claude-opus-5', 'Anda adalah gur...', 'Susun isi Modul...', Array)
#1 C:/laragon/www/kurikulum/app/Http/Controllers/Kurikulum/ModulAjarController.php(159): App/Services/GeneratorModulAjarAi->generate(Array, Object(App/Models/User))
#2 C:/laragon/www/kurikulum/vendor/laravel/framework/src/Illuminate/Routing/Controller.php(54): App/Http/Controllers/Kurikulum/ModulAjarController->generate(Object(Illuminate/Http/Request), Object(App/Services/GeneratorModulAjarAi))
#3 C:/laragon/www/kurikulum/vendor/laravel/framework/src/Illuminate/Routing/ControllerDispatcher.php(43): Illuminate/Routing/Controller->callAction('generate', Array)
#4 C:/laragon/www/kurikulum/vendor/laravel/framework/src/Illuminate/Routing/Route.php(259): Illuminate/Routing/ControllerDispatcher->dispatch(Object(Illuminate/Routing/Route), Object(App/Http/Controllers/Kurikulum/ModulAjarController), 'generate')
#5 C:/laragon/www/kurikulum/vendor/laravel/framework/src/Illuminate/Routing/Route.php(205): Illuminate/Routing/Route->runController()
#6 C:/laragon/www/kurikulum/vendor/laravel/framework/src/Illuminate/Routing/Router.php(806): Illuminate/Routing/Route->run()
#7 C:/laragon/www/kurikulum/vendor/laravel/framework/src/Illuminate/Pipeline/Pipeline.php(144): Illuminate/Routing/Router->Illuminate/Routing/{closure}(Object(Illuminate/Http/Request))
#8 C:/laragon/www/kurikulum/app/Http/Middleware/EnsureUserHasRole.php(23): Illuminate/Pipeline/Pipeline->Illuminate/Pipeline/{closure}(Object(Illuminate/Http/Request))
#9 C:/laragon/www/kurikulum/vendor/laravel/framework/src/Illuminate/Pipeline/Pipeline.php(183): App/Http/Middleware/EnsureUserHasRole->handle(Object(Illuminate/Http/Request), Object(Closure), 'admin', 'guru')
#10 C:/laragon/www/kurikulum/vendor/laravel/framework/src/Illuminate/Routing/Middleware/SubstituteBindings.php(50): Illuminate/Pipeline/Pipeline->Illuminate/Pipeline/{closure}(Object(Illuminate/Http/Request))
#11 C:/laragon/www/kurikulum/vendor/laravel/framework/src/Illuminate/Pipeline/Pipeline.php(183): Illuminate/Routing/Middleware/SubstituteBindings->handle(Object(Illuminate/Http/Request), Object(Closure))
#12 C:/laragon/www/kurikulum/vendor/laravel/framework/src/Illuminate/Auth/Middleware/Authenticate.php(57): Illuminate/Pipeline/Pipeline->Illuminate/Pipeline/{closure}(Object(Illuminate/Http/Request))
#13 C:/laragon/www/kurikulum/vendor/laravel/framework/src/Illuminate/Pipeline/Pipeline.php(183): Illuminate/Auth/Middleware/Authenticate->handle(Object(Illuminate/Http/Request), Object(Closure))
#14 C:/laragon/www/kurikulum/vendor/laravel/framework/src/Illuminate/Foundation/Http/Middleware/VerifyCsrfToken.php(78): Illuminate/Pipeline/Pipeline->Illuminate/Pipeline/{closure}(Object(Illuminate/Http/Request))
#15 C:/laragon/www/kurikulum/vendor/laravel/framework/src/Illuminate/Pipeline/Pipeline.php(183): Illuminate/Foundation/Http/Middleware/VerifyCsrfToken->handle(Object(Illuminate/Http/Request), Object(Closure))
#16 C:/laragon/www/kurikulum/vendor/laravel/framework/src/Illuminate/View/Middleware/ShareErrorsFromSession.php(49): Illuminate/Pipeline/Pipeline->Illuminate/Pipeline/{closure}(Object(Illuminate/Http/Request))
#17 C:/laragon/www/kurikulum/vendor/laravel/framework/src/Illuminate/Pipeline/Pipeline.php(183): Illuminate/View/Middleware/ShareErrorsFromSession->handle(Object(Illuminate/Http/Request), Object(Closure))
#18 C:/laragon/www/kurikulum/vendor/laravel/framework/src/Illuminate/Session/Middleware/StartSession.php(121): Illuminate/Pipeline/Pipeline->Illuminate/Pipeline/{closure}(Object(Illuminate/Http/Request))
#19 C:/laragon/www/kurikulum/vendor/laravel/framework/src/Illuminate/Session/Middleware/StartSession.php(64): Illuminate/Session/Middleware/StartSession->handleStatefulRequest(Object(Illuminate/Http/Request), Object(Illuminate/Session/Store), Object(Closure))
#20 C:/laragon/www/kurikulum/vendor/laravel/framework/src/Illuminate/Pipeline/Pipeline.php(183): Illuminate/Session/Middleware/StartSession->handle(Object(Illuminate/Http/Request), Object(Closure))
#21 C:/laragon/www/kurikulum/vendor/laravel/framework/src/Illuminate/Cookie/Middleware/AddQueuedCookiesToResponse.php(37): Illuminate/Pipeline/Pipeline->Illuminate/Pipeline/{closure}(Object(Illuminate/Http/Request))
#22 C:/laragon/www/kurikulum/vendor/laravel/framework/src/Illuminate/Pipeline/Pipeline.php(183): Illuminate/Cookie/Middleware/AddQueuedCookiesToResponse->handle(Object(Illuminate/Http/Request), Object(Closure))
#23 C:/laragon/www/kurikulum/vendor/laravel/framework/src/Illuminate/Cookie/Middleware/EncryptCookies.php(67): Illuminate/Pipeline/Pipeline->Illuminate/Pipeline/{closure}(Object(Illuminate/Http/Request))
#24 C:/laragon/www/kurikulum/vendor/laravel/framework/src/Illuminate/Pipeline/Pipeline.php(183): Illuminate/Cookie/Middleware/EncryptCookies->handle(Object(Illuminate/Http/Request), Object(Closure))
#25 C:/laragon/www/kurikulum/vendor/laravel/framework/src/Illuminate/Pipeline/Pipeline.php(119): Illuminate/Pipeline/Pipeline->Illuminate/Pipeline/{closure}(Object(Illuminate/Http/Request))
#26 C:/laragon/www/kurikulum/vendor/laravel/framework/src/Illuminate/Routing/Router.php(805): Illuminate/Pipeline/Pipeline->then(Object(Closure))
#27 C:/laragon/www/kurikulum/vendor/laravel/framework/src/Illuminate/Routing/Router.php(784): Illuminate/Routing/Router->runRouteWithinStack(Object(Illuminate/Routing/Route), Object(Illuminate/Http/Request))
#28 C:/laragon/www/kurikulum/vendor/laravel/framework/src/Illuminate/Routing/Router.php(748): Illuminate/Routing/Router->runRoute(Object(Illuminate/Http/Request), Object(Illuminate/Routing/Route))
#29 C:/laragon/www/kurikulum/vendor/laravel/framework/src/Illuminate/Routing/Router.php(737): Illuminate/Routing/Router->dispatchToRoute(Object(Illuminate/Http/Request))
#30 C:/laragon/www/kurikulum/vendor/laravel/framework/src/Illuminate/Foundation/Http/Kernel.php(200): Illuminate/Routing/Router->dispatch(Object(Illuminate/Http/Request))
#31 C:/laragon/www/kurikulum/vendor/laravel/framework/src/Illuminate/Pipeline/Pipeline.php(144): Illuminate/Foundation/Http/Kernel->Illuminate/Foundation/Http/{closure}(Object(Illuminate/Http/Request))
#32 C:/laragon/www/kurikulum/vendor/laravel/framework/src/Illuminate/Foundation/Http/Middleware/TransformsRequest.php(21): Illuminate/Pipeline/Pipeline->Illuminate/Pipeline/{closure}(Object(Illuminate/Http/Request))
#33 C:/laragon/www/kurikulum/vendor/laravel/framework/src/Illuminate/Foundation/Http/Middleware/ConvertEmptyStringsToNull.php(31): Illuminate/Foundation/Http/Middleware/TransformsRequest->handle(Object(Illuminate/Http/Request), Object(Closure))
#34 C:/laragon/www/kurikulum/vendor/laravel/framework/src/Illuminate/Pipeline/Pipeline.php(183): Illuminate/Foundation/Http/Middleware/ConvertEmptyStringsToNull->handle(Object(Illuminate/Http/Request), Object(Closure))
#35 C:/laragon/www/kurikulum/vendor/laravel/framework/src/Illuminate/Foundation/Http/Middleware/TransformsRequest.php(21): Illuminate/Pipeline/Pipeline->Illuminate/Pipeline/{closure}(Object(Illuminate/Http/Request))
#36 C:/laragon/www/kurikulum/vendor/laravel/framework/src/Illuminate/Foundation/Http/Middleware/TrimStrings.php(40): Illuminate/Foundation/Http/Middleware/TransformsRequest->handle(Object(Illuminate/Http/Request), Object(Closure))
#37 C:/laragon/www/kurikulum/vendor/laravel/framework/src/Illuminate/Pipeline/Pipeline.php(183): Illuminate/Foundation/Http/Middleware/TrimStrings->handle(Object(Illuminate/Http/Request), Object(Closure))
#38 C:/laragon/www/kurikulum/vendor/laravel/framework/src/Illuminate/Foundation/Http/Middleware/ValidatePostSize.php(27): Illuminate/Pipeline/Pipeline->Illuminate/Pipeline/{closure}(Object(Illuminate/Http/Request))
#39 C:/laragon/www/kurikulum/vendor/laravel/framework/src/Illuminate/Pipeline/Pipeline.php(183): Illuminate/Foundation/Http/Middleware/ValidatePostSize->handle(Object(Illuminate/Http/Request), Object(Closure))
#40 C:/laragon/www/kurikulum/vendor/laravel/framework/src/Illuminate/Foundation/Http/Middleware/PreventRequestsDuringMaintenance.php(99): Illuminate/Pipeline/Pipeline->Illuminate/Pipeline/{closure}(Object(Illuminate/Http/Request))
#41 C:/laragon/www/kurikulum/vendor/laravel/framework/src/Illuminate/Pipeline/Pipeline.php(183): Illuminate/Foundation/Http/Middleware/PreventRequestsDuringMaintenance->handle(Object(Illuminate/Http/Request), Object(Closure))
#42 C:/laragon/www/kurikulum/vendor/laravel/framework/src/Illuminate/Http/Middleware/HandleCors.php(49): Illuminate/Pipeline/Pipeline->Illuminate/Pipeline/{closure}(Object(Illuminate/Http/Request))
#43 C:/laragon/www/kurikulum/vendor/laravel/framework/src/Illuminate/Pipeline/Pipeline.php(183): Illuminate/Http/Middleware/HandleCors->handle(Object(Illuminate/Http/Request), Object(Closure))
#44 C:/laragon/www/kurikulum/vendor/laravel/framework/src/Illuminate/Http/Middleware/TrustProxies.php(39): Illuminate/Pipeline/Pipeline->Illuminate/Pipeline/{closure}(Object(Illuminate/Http/Request))
#45 C:/laragon/www/kurikulum/vendor/laravel/framework/src/Illuminate/Pipeline/Pipeline.php(183): Illuminate/Http/Middleware/TrustProxies->handle(Object(Illuminate/Http/Request), Object(Closure))
#46 C:/laragon/www/kurikulum/vendor/laravel/framework/src/Illuminate/Pipeline/Pipeline.php(119): Illuminate/Pipeline/Pipeline->Illuminate/Pipeline/{closure}(Object(Illuminate/Http/Request))
#47 C:/laragon/www/kurikulum/vendor/laravel/framework/src/Illuminate/Foundation/Http/Kernel.php(175): Illuminate/Pipeline/Pipeline->then(Object(Closure))
#48 C:/laragon/www/kurikulum/vendor/laravel/framework/src/Illuminate/Foundation/Http/Kernel.php(144): Illuminate/Foundation/Http/Kernel->sendRequestThroughRouter(Object(Illuminate/Http/Request))
#49 C:/Users/deasy/AppData/Local/Temp/claude/C--laragon-www-kurikulum/3da87171-a58e-497f-935f-452a8fdd4d0d/scratchpad/uji_pesan.php(22): Illuminate/Foundation/Http/Kernel->handle(Object(Illuminate/Http/Request))
#50 C:/laragon/www/kurikulum/vendor/psy/psysh/src/Shell.php(841): include_once('C://Users//deasy//...')
#51 C:/laragon/www/kurikulum/vendor/psy/psysh/src/Shell.php(856): Psy/Shell->Psy/{closure}(Object(Psy/Shell))
#52 C:/laragon/www/kurikulum/vendor/psy/psysh/src/Shell.php(788): Psy/Shell->loadIncludes()
#53 C:/laragon/www/kurikulum/vendor/psy/psysh/src/Shell.php(716): Psy/Shell->doNonInteractiveRun(false)
#54 C:/laragon/www/kurikulum/vendor/symfony/console/Application.php(175): Psy/Shell->doRun(Object(Symfony/Component/Console/Input/ArrayInput), Object(Psy/Output/ShellOutput))
#55 C:/laragon/www/kurikulum/vendor/psy/psysh/src/Shell.php(684): Symfony/Component/Console/Application->run(Object(Symfony/Component/Console/Input/ArrayInput), Object(Psy/Output/ShellOutput))
#56 C:/laragon/www/kurikulum/vendor/laravel/tinker/src/Console/TinkerCommand.php(86): Psy/Shell->run()
#57 C:/laragon/www/kurikulum/vendor/laravel/framework/src/Illuminate/Container/BoundMethod.php(36): Laravel/Tinker/Console/TinkerCommand->handle()
#58 C:/laragon/www/kurikulum/vendor/laravel/framework/src/Illuminate/Container/Util.php(41): Illuminate/Container/BoundMethod::Illuminate/Container/{closure}()
#59 C:/laragon/www/kurikulum/vendor/laravel/framework/src/Illuminate/Container/BoundMethod.php(93): Illuminate/Container/Util::unwrapIfClosure(Object(Closure))
#60 C:/laragon/www/kurikulum/vendor/laravel/framework/src/Illuminate/Container/BoundMethod.php(35): Illuminate/Container/BoundMethod::callBoundMethod(Object(Illuminate/Foundation/Application), Array, Object(Closure))
#61 C:/laragon/www/kurikulum/vendor/laravel/framework/src/Illuminate/Container/Container.php(662): Illuminate/Container/BoundMethod::call(Object(Illuminate/Foundation/Application), Array, Array, NULL)
#62 C:/laragon/www/kurikulum/vendor/laravel/framework/src/Illuminate/Console/Command.php(211): Illuminate/Container/Container->call(Array)
#63 C:/laragon/www/kurikulum/vendor/symfony/console/Command/Command.php(326): Illuminate/Console/Command->execute(Object(Symfony/Component/Console/Input/ArgvInput), Object(Illuminate/Console/OutputStyle))
#64 C:/laragon/www/kurikulum/vendor/laravel/framework/src/Illuminate/Console/Command.php(180): Symfony/Component/Console/Command/Command->run(Object(Symfony/Component/Console/Input/ArgvInput), Object(Illuminate/Console/OutputStyle))
#65 C:/laragon/www/kurikulum/vendor/symfony/console/Application.php(1121): Illuminate/Console/Command->run(Object(Symfony/Component/Console/Input/ArgvInput), Object(Symfony/Component/Console/Output/ConsoleOutput))
#66 C:/laragon/www/kurikulum/vendor/symfony/console/Application.php(324): Symfony/Component/Console/Application->doRunCommand(Object(Laravel/Tinker/Console/TinkerCommand), Object(Symfony/Component/Console/Input/ArgvInput), Object(Symfony/Component/Console/Output/ConsoleOutput))
#67 C:/laragon/www/kurikulum/vendor/symfony/console/Application.php(175): Symfony/Component/Console/Application->doRun(Object(Symfony/Component/Console/Input/ArgvInput), Object(Symfony/Component/Console/Output/ConsoleOutput))
#68 C:/laragon/www/kurikulum/vendor/laravel/framework/src/Illuminate/Foundation/Console/Kernel.php(201): Symfony/Component/Console/Application->run(Object(Symfony/Component/Console/Input/ArgvInput), Object(Symfony/Component/Console/Output/ConsoleOutput))
#69 C:/laragon/www/kurikulum/artisan(14): Illuminate/Foundation/Console/Kernel->handle(Object(Symfony/Component/Console/Input/ArgvInput), Object(Symfony/Component/Console/Output/ConsoleOutput))
#70 {main}

[previous exception] [object] (Anthropic\\Core\\Exceptions\\AuthenticationException(code: 0): Anthropic Authentication Exception

{
    \"status\": 401,
    \"body\": {
        \"type\": \"error\",
        \"error\": {
            \"type\": \"authentication_error\",
            \"message\": \"API key is invalid.\"
        },
        \"request_id\": null
    }
} at C:/laragon/www/kurikulum/vendor/anthropic-ai/sdk/src/Core/Exceptions/APIStatusException.php:67)
[stacktrace]
#0 C:/laragon/www/kurikulum/vendor/anthropic-ai/sdk/src/Core/BaseClient.php(367): Anthropic/Core/Exceptions/APIStatusException::from(Object(GuzzleHttp/Psr7/Request), Object(GuzzleHttp/Psr7/Response))
#1 C:/laragon/www/kurikulum/vendor/anthropic-ai/sdk/src/Core/BaseClient.php(93): Anthropic/Core/BaseClient->sendRequest(Object(Anthropic/RequestOptions), Object(GuzzleHttp/Psr7/Request), Object(stdClass), 0, 0)
#2 C:/laragon/www/kurikulum/vendor/anthropic-ai/sdk/src/Services/MessagesRawService.php(101): Anthropic/Core/BaseClient->request('POST', 'v1/messages', Array, Array, Object(stdClass), NULL, 'Anthropic//Messa...', NULL, NULL, Object(Anthropic/RequestOptions))
#3 C:/laragon/www/kurikulum/vendor/anthropic-ai/sdk/src/Services/MessagesService.php(295): Anthropic/Services/MessagesRawService->create(Array, NULL)
#4 C:/laragon/www/kurikulum/app/Services/Ai/PenyediaAnthropic.php(42): Anthropic/Services/MessagesService->create(16000, Array, 'claude-opus-5', NULL, NULL, NULL, NULL, Array, NULL, NULL, Array, NULL, Array)
#5 C:/laragon/www/kurikulum/app/Services/GeneratorModulAjarAi.php(54): App/Services/Ai/PenyediaAnthropic->kirim('sk-ant-palsu', 'claude-opus-5', 'Anda adalah gur...', 'Susun isi Modul...', Array)
#6 C:/laragon/www/kurikulum/app/Http/Controllers/Kurikulum/ModulAjarController.php(159): App/Services/GeneratorModulAjarAi->generate(Array, Object(App/Models/User))
#7 C:/laragon/www/kurikulum/vendor/laravel/framework/src/Illuminate/Routing/Controller.php(54): App/Http/Controllers/Kurikulum/ModulAjarController->generate(Object(Illuminate/Http/Request), Object(App/Services/GeneratorModulAjarAi))
#8 C:/laragon/www/kurikulum/vendor/laravel/framework/src/Illuminate/Routing/ControllerDispatcher.php(43): Illuminate/Routing/Controller->callAction('generate', Array)
#9 C:/laragon/www/kurikulum/vendor/laravel/framework/src/Illuminate/Routing/Route.php(259): Illuminate/Routing/ControllerDispatcher->dispatch(Object(Illuminate/Routing/Route), Object(App/Http/Controllers/Kurikulum/ModulAjarController), 'generate')
#10 C:/laragon/www/kurikulum/vendor/laravel/framework/src/Illuminate/Routing/Route.php(205): Illuminate/Routing/Route->runController()
#11 C:/laragon/www/kurikulum/vendor/laravel/framework/src/Illuminate/Routing/Router.php(806): Illuminate/Routing/Route->run()
#12 C:/laragon/www/kurikulum/vendor/laravel/framework/src/Illuminate/Pipeline/Pipeline.php(144): Illuminate/Routing/Router->Illuminate/Routing/{closure}(Object(Illuminate/Http/Request))
#13 C:/laragon/www/kurikulum/app/Http/Middleware/EnsureUserHasRole.php(23): Illuminate/Pipeline/Pipeline->Illuminate/Pipeline/{closure}(Object(Illuminate/Http/Request))
#14 C:/laragon/www/kurikulum/vendor/laravel/framework/src/Illuminate/Pipeline/Pipeline.php(183): App/Http/Middleware/EnsureUserHasRole->handle(Object(Illuminate/Http/Request), Object(Closure), 'admin', 'guru')
#15 C:/laragon/www/kurikulum/vendor/laravel/framework/src/Illuminate/Routing/Middleware/SubstituteBindings.php(50): Illuminate/Pipeline/Pipeline->Illuminate/Pipeline/{closure}(Object(Illuminate/Http/Request))
#16 C:/laragon/www/kurikulum/vendor/laravel/framework/src/Illuminate/Pipeline/Pipeline.php(183): Illuminate/Routing/Middleware/SubstituteBindings->handle(Object(Illuminate/Http/Request), Object(Closure))
#17 C:/laragon/www/kurikulum/vendor/laravel/framework/src/Illuminate/Auth/Middleware/Authenticate.php(57): Illuminate/Pipeline/Pipeline->Illuminate/Pipeline/{closure}(Object(Illuminate/Http/Request))
#18 C:/laragon/www/kurikulum/vendor/laravel/framework/src/Illuminate/Pipeline/Pipeline.php(183): Illuminate/Auth/Middleware/Authenticate->handle(Object(Illuminate/Http/Request), Object(Closure))
#19 C:/laragon/www/kurikulum/vendor/laravel/framework/src/Illuminate/Foundation/Http/Middleware/VerifyCsrfToken.php(78): Illuminate/Pipeline/Pipeline->Illuminate/Pipeline/{closure}(Object(Illuminate/Http/Request))
#20 C:/laragon/www/kurikulum/vendor/laravel/framework/src/Illuminate/Pipeline/Pipeline.php(183): Illuminate/Foundation/Http/Middleware/VerifyCsrfToken->handle(Object(Illuminate/Http/Request), Object(Closure))
#21 C:/laragon/www/kurikulum/vendor/laravel/framework/src/Illuminate/View/Middleware/ShareErrorsFromSession.php(49): Illuminate/Pipeline/Pipeline->Illuminate/Pipeline/{closure}(Object(Illuminate/Http/Request))
#22 C:/laragon/www/kurikulum/vendor/laravel/framework/src/Illuminate/Pipeline/Pipeline.php(183): Illuminate/View/Middleware/ShareErrorsFromSession->handle(Object(Illuminate/Http/Request), Object(Closure))
#23 C:/laragon/www/kurikulum/vendor/laravel/framework/src/Illuminate/Session/Middleware/StartSession.php(121): Illuminate/Pipeline/Pipeline->Illuminate/Pipeline/{closure}(Object(Illuminate/Http/Request))
#24 C:/laragon/www/kurikulum/vendor/laravel/framework/src/Illuminate/Session/Middleware/StartSession.php(64): Illuminate/Session/Middleware/StartSession->handleStatefulRequest(Object(Illuminate/Http/Request), Object(Illuminate/Session/Store), Object(Closure))
#25 C:/laragon/www/kurikulum/vendor/laravel/framework/src/Illuminate/Pipeline/Pipeline.php(183): Illuminate/Session/Middleware/StartSession->handle(Object(Illuminate/Http/Request), Object(Closure))
#26 C:/laragon/www/kurikulum/vendor/laravel/framework/src/Illuminate/Cookie/Middleware/AddQueuedCookiesToResponse.php(37): Illuminate/Pipeline/Pipeline->Illuminate/Pipeline/{closure}(Object(Illuminate/Http/Request))
#27 C:/laragon/www/kurikulum/vendor/laravel/framework/src/Illuminate/Pipeline/Pipeline.php(183): Illuminate/Cookie/Middleware/AddQueuedCookiesToResponse->handle(Object(Illuminate/Http/Request), Object(Closure))
#28 C:/laragon/www/kurikulum/vendor/laravel/framework/src/Illuminate/Cookie/Middleware/EncryptCookies.php(67): Illuminate/Pipeline/Pipeline->Illuminate/Pipeline/{closure}(Object(Illuminate/Http/Request))
#29 C:/laragon/www/kurikulum/vendor/laravel/framework/src/Illuminate/Pipeline/Pipeline.php(183): Illuminate/Cookie/Middleware/EncryptCookies->handle(Object(Illuminate/Http/Request), Object(Closure))
#30 C:/laragon/www/kurikulum/vendor/laravel/framework/src/Illuminate/Pipeline/Pipeline.php(119): Illuminate/Pipeline/Pipeline->Illuminate/Pipeline/{closure}(Object(Illuminate/Http/Request))
#31 C:/laragon/www/kurikulum/vendor/laravel/framework/src/Illuminate/Routing/Router.php(805): Illuminate/Pipeline/Pipeline->then(Object(Closure))
#32 C:/laragon/www/kurikulum/vendor/laravel/framework/src/Illuminate/Routing/Router.php(784): Illuminate/Routing/Router->runRouteWithinStack(Object(Illuminate/Routing/Route), Object(Illuminate/Http/Request))
#33 C:/laragon/www/kurikulum/vendor/laravel/framework/src/Illuminate/Routing/Router.php(748): Illuminate/Routing/Router->runRoute(Object(Illuminate/Http/Request), Object(Illuminate/Routing/Route))
#34 C:/laragon/www/kurikulum/vendor/laravel/framework/src/Illuminate/Routing/Router.php(737): Illuminate/Routing/Router->dispatchToRoute(Object(Illuminate/Http/Request))
#35 C:/laragon/www/kurikulum/vendor/laravel/framework/src/Illuminate/Foundation/Http/Kernel.php(200): Illuminate/Routing/Router->dispatch(Object(Illuminate/Http/Request))
#36 C:/laragon/www/kurikulum/vendor/laravel/framework/src/Illuminate/Pipeline/Pipeline.php(144): Illuminate/Foundation/Http/Kernel->Illuminate/Foundation/Http/{closure}(Object(Illuminate/Http/Request))
#37 C:/laragon/www/kurikulum/vendor/laravel/framework/src/Illuminate/Foundation/Http/Middleware/TransformsRequest.php(21): Illuminate/Pipeline/Pipeline->Illuminate/Pipeline/{closure}(Object(Illuminate/Http/Request))
#38 C:/laragon/www/kurikulum/vendor/laravel/framework/src/Illuminate/Foundation/Http/Middleware/ConvertEmptyStringsToNull.php(31): Illuminate/Foundation/Http/Middleware/TransformsRequest->handle(Object(Illuminate/Http/Request), Object(Closure))
#39 C:/laragon/www/kurikulum/vendor/laravel/framework/src/Illuminate/Pipeline/Pipeline.php(183): Illuminate/Foundation/Http/Middleware/ConvertEmptyStringsToNull->handle(Object(Illuminate/Http/Request), Object(Closure))
#40 C:/laragon/www/kurikulum/vendor/laravel/framework/src/Illuminate/Foundation/Http/Middleware/TransformsRequest.php(21): Illuminate/Pipeline/Pipeline->Illuminate/Pipeline/{closure}(Object(Illuminate/Http/Request))
#41 C:/laragon/www/kurikulum/vendor/laravel/framework/src/Illuminate/Foundation/Http/Middleware/TrimStrings.php(40): Illuminate/Foundation/Http/Middleware/TransformsRequest->handle(Object(Illuminate/Http/Request), Object(Closure))
#42 C:/laragon/www/kurikulum/vendor/laravel/framework/src/Illuminate/Pipeline/Pipeline.php(183): Illuminate/Foundation/Http/Middleware/TrimStrings->handle(Object(Illuminate/Http/Request), Object(Closure))
#43 C:/laragon/www/kurikulum/vendor/laravel/framework/src/Illuminate/Foundation/Http/Middleware/ValidatePostSize.php(27): Illuminate/Pipeline/Pipeline->Illuminate/Pipeline/{closure}(Object(Illuminate/Http/Request))
#44 C:/laragon/www/kurikulum/vendor/laravel/framework/src/Illuminate/Pipeline/Pipeline.php(183): Illuminate/Foundation/Http/Middleware/ValidatePostSize->handle(Object(Illuminate/Http/Request), Object(Closure))
#45 C:/laragon/www/kurikulum/vendor/laravel/framework/src/Illuminate/Foundation/Http/Middleware/PreventRequestsDuringMaintenance.php(99): Illuminate/Pipeline/Pipeline->Illuminate/Pipeline/{closure}(Object(Illuminate/Http/Request))
#46 C:/laragon/www/kurikulum/vendor/laravel/framework/src/Illuminate/Pipeline/Pipeline.php(183): Illuminate/Foundation/Http/Middleware/PreventRequestsDuringMaintenance->handle(Object(Illuminate/Http/Request), Object(Closure))
#47 C:/laragon/www/kurikulum/vendor/laravel/framework/src/Illuminate/Http/Middleware/HandleCors.php(49): Illuminate/Pipeline/Pipeline->Illuminate/Pipeline/{closure}(Object(Illuminate/Http/Request))
#48 C:/laragon/www/kurikulum/vendor/laravel/framework/src/Illuminate/Pipeline/Pipeline.php(183): Illuminate/Http/Middleware/HandleCors->handle(Object(Illuminate/Http/Request), Object(Closure))
#49 C:/laragon/www/kurikulum/vendor/laravel/framework/src/Illuminate/Http/Middleware/TrustProxies.php(39): Illuminate/Pipeline/Pipeline->Illuminate/Pipeline/{closure}(Object(Illuminate/Http/Request))
#50 C:/laragon/www/kurikulum/vendor/laravel/framework/src/Illuminate/Pipeline/Pipeline.php(183): Illuminate/Http/Middleware/TrustProxies->handle(Object(Illuminate/Http/Request), Object(Closure))
#51 C:/laragon/www/kurikulum/vendor/laravel/framework/src/Illuminate/Pipeline/Pipeline.php(119): Illuminate/Pipeline/Pipeline->Illuminate/Pipeline/{closure}(Object(Illuminate/Http/Request))
#52 C:/laragon/www/kurikulum/vendor/laravel/framework/src/Illuminate/Foundation/Http/Kernel.php(175): Illuminate/Pipeline/Pipeline->then(Object(Closure))
#53 C:/laragon/www/kurikulum/vendor/laravel/framework/src/Illuminate/Foundation/Http/Kernel.php(144): Illuminate/Foundation/Http/Kernel->sendRequestThroughRouter(Object(Illuminate/Http/Request))
#54 C:/Users/deasy/AppData/Local/Temp/claude/C--laragon-www-kurikulum/3da87171-a58e-497f-935f-452a8fdd4d0d/scratchpad/uji_pesan.php(22): Illuminate/Foundation/Http/Kernel->handle(Object(Illuminate/Http/Request))
#55 C:/laragon/www/kurikulum/vendor/psy/psysh/src/Shell.php(841): include_once('C://Users//deasy//...')
#56 C:/laragon/www/kurikulum/vendor/psy/psysh/src/Shell.php(856): Psy/Shell->Psy/{closure}(Object(Psy/Shell))
#57 C:/laragon/www/kurikulum/vendor/psy/psysh/src/Shell.php(788): Psy/Shell->loadIncludes()
#58 C:/laragon/www/kurikulum/vendor/psy/psysh/src/Shell.php(716): Psy/Shell->doNonInteractiveRun(false)
#59 C:/laragon/www/kurikulum/vendor/symfony/console/Application.php(175): Psy/Shell->doRun(Object(Symfony/Component/Console/Input/ArrayInput), Object(Psy/Output/ShellOutput))
#60 C:/laragon/www/kurikulum/vendor/psy/psysh/src/Shell.php(684): Symfony/Component/Console/Application->run(Object(Symfony/Component/Console/Input/ArrayInput), Object(Psy/Output/ShellOutput))
#61 C:/laragon/www/kurikulum/vendor/laravel/tinker/src/Console/TinkerCommand.php(86): Psy/Shell->run()
#62 C:/laragon/www/kurikulum/vendor/laravel/framework/src/Illuminate/Container/BoundMethod.php(36): Laravel/Tinker/Console/TinkerCommand->handle()
#63 C:/laragon/www/kurikulum/vendor/laravel/framework/src/Illuminate/Container/Util.php(41): Illuminate/Container/BoundMethod::Illuminate/Container/{closure}()
#64 C:/laragon/www/kurikulum/vendor/laravel/framework/src/Illuminate/Container/BoundMethod.php(93): Illuminate/Container/Util::unwrapIfClosure(Object(Closure))
#65 C:/laragon/www/kurikulum/vendor/laravel/framework/src/Illuminate/Container/BoundMethod.php(35): Illuminate/Container/BoundMethod::callBoundMethod(Object(Illuminate/Foundation/Application), Array, Object(Closure))
#66 C:/laragon/www/kurikulum/vendor/laravel/framework/src/Illuminate/Container/Container.php(662): Illuminate/Container/BoundMethod::call(Object(Illuminate/Foundation/Application), Array, Array, NULL)
#67 C:/laragon/www/kurikulum/vendor/laravel/framework/src/Illuminate/Console/Command.php(211): Illuminate/Container/Container->call(Array)
#68 C:/laragon/www/kurikulum/vendor/symfony/console/Command/Command.php(326): Illuminate/Console/Command->execute(Object(Symfony/Component/Console/Input/ArgvInput), Object(Illuminate/Console/OutputStyle))
#69 C:/laragon/www/kurikulum/vendor/laravel/framework/src/Illuminate/Console/Command.php(180): Symfony/Component/Console/Command/Command->run(Object(Symfony/Component/Console/Input/ArgvInput), Object(Illuminate/Console/OutputStyle))
#70 C:/laragon/www/kurikulum/vendor/symfony/console/Application.php(1121): Illuminate/Console/Command->run(Object(Symfony/Component/Console/Input/ArgvInput), Object(Symfony/Component/Console/Output/ConsoleOutput))
#71 C:/laragon/www/kurikulum/vendor/symfony/console/Application.php(324): Symfony/Component/Console/Application->doRunCommand(Object(Laravel/Tinker/Console/TinkerCommand), Object(Symfony/Component/Console/Input/ArgvInput), Object(Symfony/Component/Console/Output/ConsoleOutput))
#72 C:/laragon/www/kurikulum/vendor/symfony/console/Application.php(175): Symfony/Component/Console/Application->doRun(Object(Symfony/Component/Console/Input/ArgvInput), Object(Symfony/Component/Console/Output/ConsoleOutput))
#73 C:/laragon/www/kurikulum/vendor/laravel/framework/src/Illuminate/Foundation/Console/Kernel.php(201): Symfony/Component/Console/Application->run(Object(Symfony/Component/Console/Input/ArgvInput), Object(Symfony/Component/Console/Output/ConsoleOutput))
#74 C:/laragon/www/kurikulum/artisan(14): Illuminate/Foundation/Console/Kernel->handle(Object(Symfony/Component/Console/Input/ArgvInput), Object(Symfony/Component/Console/Output/ConsoleOutput))
#75 {main}
"} 
[2026-08-23 20:27:53] local.ERROR: Uncaught ErrorException: file_get_contents(resources/views/ruangbelajar/pengumpulan-form.blade.php): Failed to open stream: No such file or directory in Command line code:1
Stack trace:
#0 C:\laragon\www\kurikulum\vendor\laravel\framework\src\Illuminate\Foundation\Bootstrap\HandleExceptions.php(255): Illuminate\Foundation\Bootstrap\HandleExceptions->handleError(2, 'file_get_conten...', 'Command line co...', 1)
#1 [internal function]: Illuminate\Foundation\Bootstrap\HandleExceptions->Illuminate\Foundation\Bootstrap\{closure}(2, 'file_get_conten...', 'Command line co...', 1)
#2 Command line code(1): file_get_contents('resources/views...')
#3 {main}
  thrown {"exception":"[object] (Symfony\\Component\\ErrorHandler\\Error\\FatalError(code: 0): Uncaught ErrorException: file_get_contents(resources/views/ruangbelajar/pengumpulan-form.blade.php): Failed to open stream: No such file or directory in Command line code:1
Stack trace:
#0 C:\\laragon\\www\\kurikulum\\vendor\\laravel\\framework\\src\\Illuminate\\Foundation\\Bootstrap\\HandleExceptions.php(255): Illuminate\\Foundation\\Bootstrap\\HandleExceptions->handleError(2, 'file_get_conten...', 'Command line co...', 1)
#1 [internal function]: Illuminate\\Foundation\\Bootstrap\\HandleExceptions->Illuminate\\Foundation\\Bootstrap\\{closure}(2, 'file_get_conten...', 'Command line co...', 1)
#2 Command line code(1): file_get_contents('resources/views...')
#3 {main}
  thrown at Command line code:1)
[stacktrace]
#0 {main}
"} 
[2026-09-25 17:41:20] local.ERROR: The "--columns" option does not exist. {"exception":"[object] (Symfony\\Component\\Console\\Exception\\RuntimeException(code: 0): The \"--columns\" option does not exist. at C:/laragon/www/kurikulum/vendor/symfony/console/Input/ArgvInput.php:222)
[stacktrace]
#0 C:/laragon/www/kurikulum/vendor/symfony/console/Input/ArgvInput.php(149): Symfony/Component/Console/Input/ArgvInput->addLongOption('columns', 'method,uri,name')
#1 C:/laragon/www/kurikulum/vendor/symfony/console/Input/ArgvInput.php(85): Symfony/Component/Console/Input/ArgvInput->parseLongOption('--columns=metho...')
#2 C:/laragon/www/kurikulum/vendor/symfony/console/Input/ArgvInput.php(74): Symfony/Component/Console/Input/ArgvInput->parseToken('--columns=metho...', true)
#3 C:/laragon/www/kurikulum/vendor/symfony/console/Input/Input.php(56): Symfony/Component/Console/Input/ArgvInput->parse()
#4 C:/laragon/www/kurikulum/vendor/symfony/console/Command/Command.php(285): Symfony/Component/Console/Input/Input->bind(Object(Symfony/Component/Console/Input/InputDefinition))
#5 C:/laragon/www/kurikulum/vendor/laravel/framework/src/Illuminate/Console/Command.php(180): Symfony/Component/Console/Command/Command->run(Object(Symfony/Component/Console/Input/ArgvInput), Object(Illuminate/Console/OutputStyle))
#6 C:/laragon/www/kurikulum/vendor/symfony/console/Application.php(1121): Illuminate/Console/Command->run(Object(Symfony/Component/Console/Input/ArgvInput), Object(Symfony/Component/Console/Output/ConsoleOutput))
#7 C:/laragon/www/kurikulum/vendor/symfony/console/Application.php(324): Symfony/Component/Console/Application->doRunCommand(Object(Illuminate/Foundation/Console/RouteListCommand), Object(Symfony/Component/Console/Input/ArgvInput), Object(Symfony/Component/Console/Output/ConsoleOutput))
#8 C:/laragon/www/kurikulum/vendor/symfony/console/Application.php(175): Symfony/Component/Console/Application->doRun(Object(Symfony/Component/Console/Input/ArgvInput), Object(Symfony/Component/Console/Output/ConsoleOutput))
#9 C:/laragon/www/kurikulum/vendor/laravel/framework/src/Illuminate/Foundation/Console/Kernel.php(201): Symfony/Component/Console/Application->run(Object(Symfony/Component/Console/Input/ArgvInput), Object(Symfony/Component/Console/Output/ConsoleOutput))
#10 C:/laragon/www/kurikulum/artisan(14): Illuminate/Foundation/Console/Kernel->handle(Object(Symfony/Component/Console/Input/ArgvInput), Object(Symfony/Component/Console/Output/ConsoleOutput))
#11 {main}
"} 
